scenario_index,episode_length,accuracy,at_fault_collision,comfort,distance_into_oncoming_traffic,nuplan_driving_direction_compliance,log_divergence,offroad,offroad_in_box,distance_on_multiple_lanes,time_on_multiple_lanes,multiple_lanes_score,overlap,progress_ratio,making_progress,run_red_light,sdc_off_route,sdc_progression,sdc_wrongway,max_overspeed_m_per_s,max_overspeed_km_per_h,nuplan_speed_compliance,min_ttc,average_ttc,ttc_within_bound,nuplan_aggregate_score,vmax_aggregate_score,rideflux_aggregate_score,fail_accuracy,fail_overlap,fail_offroad,fail_at_fault_collision,fail_overlap_and_offroad,fail_collision_and_overlap,at_fault_without_overlap,low_progress_05,low_progress_07,low_comfort_05,low_rideflux_05,zero_rideflux,primary_category
13,1,0,1.0,1.0,0.0,1.0,0.0055940687,1.0,0.0,0.010815969,0.1,1.0,1.0,1.0,1.0,0.0,0.0,0.0,0.0,0.0,0.0,1.0,5.0,5.0,1.0,0.0,0.0,0.0,True,True,False,True,False,True,False,False,False,False,True,True,OVERLAP+AT_FAULT
24,27,0,1.0,0.6296296,0.0,1.0,2.2054486,0.0,0.0,42.35717,2.7,1.0,1.0,0.3193352,1.0,0.0,0.0,0.0,0.0,0.0,0.0,1.0,0.0,3.8,0.0,0.0,0.0,0.0,True,True,False,True,False,True,False,True,True,False,True,True,OVERLAP+AT_FAULT
29,14,0,1.0,0.5714286,0.0,1.0,0.3739709,1.0,0.0,25.501446,1.4,1.0,1.0,0.18427512,0.0,0.0,0.0,0.0,0.0,0.0,0.0,1.0,0.0,3.6,0.0,0.0,0.0,0.0,True,True,False,True,False,True,False,True,True,False,True,True,OVERLAP+AT_FAULT
31,1,0,1.0,1.0,0.0,1.0,0.0031075526,1.0,0.0,0.005977977,0.1,1.0,1.0,1.0,1.0,0.0,0.0,0.0,0.0,0.0,0.0,1.0,5.0,5.0,1.0,0.0,0.0,0.0,True,True,False,True,False,True,False,False,False,False,True,True,OVERLAP+AT_FAULT
112,2,0,1.0,1.0,0.0,1.0,0.0032751083,1.0,0.0,0.0025484595,0.2,1.0,1.0,1.0,1.0,0.0,0.0,0.0,0.0,0.0,0.0,1.0,0.0,2.5,0.0,0.0,0.0,0.0,True,True,False,True,False,True,False,False,False,False,True,True,OVERLAP+AT_FAULT
140,1,0,1.0,1.0,0.0,1.0,0.014522377,1.0,0.0,0.027766857,0.1,1.0,1.0,1.0,1.0,0.0,0.0,0.0,0.0,0.0,0.0,1.0,4.2000003,4.2000003,1.0,0.0,0.0,0.0,True,True,False,True,False,True,False,False,False,False,True,True,OVERLAP+AT_FAULT
142,40,0,1.0,0.22500001,0.0,1.0,10.871498,1.0,0.0,66.98007,4.0,0.5,1.0,0.85747963,1.0,0.0,0.0,0.0,0.0,7.26824,26.165663,0.0,0.0,3.235,0.0,0.0,0.0,0.0,True,True,False,True,False,True,False,False,False,True,True,True,OVERLAP+AT_FAULT
145,55,0,1.0,0.76363635,0.0,1.0,12.563522,1.0,0.0,61.986923,4.800000000000001,0.5,1.0,0.47454846,1.0,0.0,0.0,0.0,0.0,0.0,0.0,1.0,4.9,4.9981813,1.0,0.0,0.0,0.0,True,True,False,True,False,True,False,True,True,False,True,True,OVERLAP+AT_FAULT
158,10,0,1.0,0.0,0.0,1.0,0.6879418,1.0,0.0,10.730562,1.0,1.0,1.0,0.10361835,0.0,0.0,0.0,0.0,0.0,0.0,0.0,1.0,0.6,4.15,0.0,0.0,0.0,0.0,True,True,False,True,False,True,False,True,True,True,True,True,OVERLAP+AT_FAULT
231,69,0,1.0,0.8550725,0.0,1.0,4.3017516,1.0,0.0,142.61705,6.9,0.0,1.0,0.8194018,1.0,0.0,0.0,0.0,0.0,1.8279381,6.580577,0.68618345,0.0,3.7724636,0.0,0.0,0.0,0.0,True,True,False,True,False,True,False,False,False,False,True,True,OVERLAP+AT_FAULT
260,15,0,1.0,1.0,0.0,1.0,0.19610023,0.0,0.0,0.17397769,1.5,1.0,1.0,1.0,1.0,0.0,0.0,0.0,0.0,0.0,0.0,1.0,5.0,5.0000005,1.0,0.0,0.0,0.0,True,True,False,True,False,True,False,False,False,False,True,True,OVERLAP+AT_FAULT
304,64,0,1.0,1.0,0.0,1.0,2.684826,1.0,0.0,1.4825946,0.5,1.0,1.0,1.0,1.0,0.0,0.0,0.0,0.0,0.0,0.0,1.0,3.4,4.746875,1.0,0.0,0.0,0.0,True,True,False,True,False,True,False,False,False,False,True,True,OVERLAP+AT_FAULT
313,1,0,1.0,1.0,0.0,1.0,0.012439348,1.0,0.0,0.021438299,0.1,1.0,1.0,1.0,1.0,0.0,0.0,0.0,0.0,0.0,0.0,1.0,5.0,5.0,1.0,0.0,0.0,0.0,True,True,False,True,False,True,False,False,False,False,True,True,OVERLAP+AT_FAULT
319,1,0,1.0,1.0,0.0,1.0,0.006596316,1.0,0.0,0.01373592,0.1,1.0,1.0,1.0,1.0,0.0,0.0,0.0,0.0,0.0,0.0,1.0,5.0,5.0,1.0,0.0,0.0,0.0,True,True,False,True,False,True,False,False,False,False,True,True,OVERLAP+AT_FAULT
354,48,0,1.0,0.4166667,0.0,1.0,7.432649,1.0,0.0,88.53609,4.800000000000001,0.5,1.0,0.51393723,1.0,0.0,0.0,0.0,0.0,0.47852516,1.7226906,0.9867133,0.0,3.4812503,0.0,0.0,0.0,0.0,True,True,False,True,False,True,False,False,True,True,True,True,OVERLAP+AT_FAULT
359,15,0,1.0,1.0,0.0,1.0,0.52121854,1.0,0.0,1.6503313,1.5,1.0,1.0,1.0,1.0,0.0,0.0,0.0,0.0,0.0,0.0,1.0,5.0,5.0000005,1.0,0.0,0.0,0.0,True,True,False,True,False,True,False,False,False,False,True,True,OVERLAP+AT_FAULT
375,1,0,1.0,1.0,0.0,1.0,0.0046325694,1.0,0.0,0.0,0.0,1.0,1.0,1.0,1.0,0.0,0.0,0.0,0.0,0.0,0.0,1.0,5.0,5.0,1.0,0.0,0.0,0.0,True,True,False,True,False,True,False,False,False,False,True,True,OVERLAP+AT_FAULT
410,42,0,1.0,1.0,0.0,1.0,0.25670075,1.0,0.0,0.25661284,4.2,0.5,1.0,1.0,1.0,0.0,0.0,0.0,0.0,0.0,0.0,1.0,5.0,5.0,1.0,0.0,0.0,0.0,True,True,False,True,False,True,False,False,False,False,True,True,OVERLAP+AT_FAULT
436,69,0,1.0,0.7826087,0.0,1.0,5.526415,1.0,0.0,49.721302,6.2,0.0,1.0,0.72084606,1.0,0.0,0.0,0.0,0.0,0.0,0.0,1.0,0.0,3.3971014,0.0,0.0,0.0,0.0,True,True,False,True,False,True,False,False,False,False,True,True,OVERLAP+AT_FAULT
451,1,0,1.0,1.0,0.0,1.0,0.0009765625,1.0,0.0,0.00021223165,0.1,1.0,1.0,1.0,1.0,0.0,0.0,0.0,0.0,0.0,0.0,1.0,5.0,5.0,1.0,0.0,0.0,0.0,True,True,False,True,False,True,False,False,False,False,True,True,OVERLAP+AT_FAULT
459,69,0,1.0,1.0,0.0,1.0,10.359724,1.0,0.0,5.3382297,6.9,0.0,1.0,0.095692195,0.0,0.0,0.0,0.0,0.0,0.0,0.0,1.0,5.0,5.0,1.0,0.0,0.0,0.0,True,True,False,True,False,True,False,True,True,False,True,True,OVERLAP+AT_FAULT
461,32,0,1.0,1.0,0.0,1.0,0.26599905,1.0,0.0,0.0,0.0,1.0,1.0,1.0,1.0,0.0,0.0,0.0,0.0,0.0,0.0,1.0,5.0,5.0,1.0,0.0,0.0,0.0,True,True,False,True,False,True,False,False,False,False,True,True,OVERLAP+AT_FAULT
481,60,0,1.0,0.4666667,0.0,1.0,6.5823903,0.0,0.0,24.564602,5.9,0.0,1.0,1.0,1.0,0.0,0.0,0.0,0.0,0.0,0.0,1.0,0.0,4.831667,0.0,0.0,0.0,0.0,True,True,False,True,False,True,False,False,False,True,True,True,OVERLAP+AT_FAULT
554,1,0,1.0,0.0,0.0,1.0,0.02745189,1.0,0.0,0.053974837,0.1,1.0,1.0,0.0012901034,0.0,0.0,0.0,0.0,0.0,0.0,0.0,1.0,5.0,5.0,1.0,0.0,0.0,0.0,True,True,False,True,False,True,False,True,True,True,True,True,OVERLAP+AT_FAULT
585,1,0,1.0,1.0,0.0,1.0,0.012276986,1.0,0.0,0.024029993,0.1,1.0,1.0,1.0,1.0,0.0,0.0,0.0,0.0,0.0,0.0,1.0,5.0,5.0,1.0,0.0,0.0,0.0,True,True,False,True,False,True,False,False,False,False,True,True,OVERLAP+AT_FAULT
612,55,0,1.0,0.5272727,0.0,1.0,9.841353,1.0,0.0,59.82135,5.5,0.5,1.0,1.0,1.0,0.0,0.0,0.0,0.0,0.56412506,2.0308502,0.91026527,0.0,4.6654544,0.0,0.0,0.0,0.0,True,True,False,True,False,True,False,False,False,False,True,True,OVERLAP+AT_FAULT
614,1,0,1.0,1.0,0.0,1.0,0.005004601,1.0,0.0,0.009304575,0.1,1.0,1.0,1.0,1.0,0.0,0.0,0.0,0.0,0.0,0.0,1.0,5.0,5.0,1.0,0.0,0.0,0.0,True,True,False,True,False,True,False,False,False,False,True,True,OVERLAP+AT_FAULT
644,1,0,1.0,1.0,0.0,1.0,0.013981781,1.0,0.0,0.027352551,0.1,1.0,1.0,1.0,1.0,0.0,0.0,0.0,0.0,0.0,0.0,1.0,5.0,5.0,1.0,0.0,0.0,0.0,True,True,False,True,False,True,False,False,False,False,True,True,OVERLAP+AT_FAULT
747,1,0,1.0,1.0,0.0,1.0,0.00049208116,1.0,0.0,0.00031170668,0.1,1.0,1.0,1.0,1.0,0.0,0.0,0.0,0.0,0.0,0.0,1.0,5.0,5.0,1.0,0.0,0.0,0.0,True,True,False,True,False,True,False,False,False,False,True,True,OVERLAP+AT_FAULT
758,3,0,1.0,1.0,0.0,1.0,0.0041503906,1.0,0.0,0.0005776948,0.3,1.0,1.0,0.0,0.0,0.0,0.0,0.0,0.0,0.0,0.0,1.0,5.0,5.0,1.0,0.0,0.0,0.0,True,True,False,True,False,True,False,True,True,False,True,True,OVERLAP+AT_FAULT
768,1,0,1.0,1.0,0.0,1.0,0.00745029,1.0,0.0,0.0124985445,0.1,1.0,1.0,1.0,1.0,0.0,0.0,0.0,0.0,0.0,0.0,1.0,5.0,5.0,1.0,0.0,0.0,0.0,True,True,False,True,False,True,False,False,False,False,True,True,OVERLAP+AT_FAULT
781,1,0,1.0,1.0,0.0,1.0,0.005673972,1.0,0.0,0.011280398,0.1,1.0,1.0,1.0,1.0,0.0,0.0,0.0,0.0,0.0,0.0,1.0,5.0,5.0,1.0,0.0,0.0,0.0,True,True,False,True,False,True,False,False,False,False,True,True,OVERLAP+AT_FAULT
887,1,0,1.0,0.0,0.0,1.0,0.017253501,1.0,0.0,0.034026463,0.1,1.0,1.0,1.0,1.0,0.0,0.0,0.0,0.0,0.0,0.0,1.0,5.0,5.0,1.0,0.0,0.0,0.0,True,True,False,True,False,True,False,False,False,True,True,True,OVERLAP+AT_FAULT
911,1,0,1.0,1.0,0.0,1.0,0.0061181462,1.0,0.0,0.0,0.0,1.0,1.0,1.0,1.0,0.0,0.0,0.0,0.0,0.0,0.0,1.0,5.0,5.0,1.0,0.0,0.0,0.0,True,True,False,True,False,True,False,False,False,False,True,True,OVERLAP+AT_FAULT
969,56,0,1.0,1.0,0.0,1.0,0.46084118,1.0,0.0,0.40898904,5.6000000000000005,0.5,1.0,0.34048402,1.0,0.0,0.0,0.0,0.0,0.0,0.0,1.0,5.0,5.0,1.0,0.0,0.0,0.0,True,True,False,True,False,True,False,True,True,False,True,True,OVERLAP+AT_FAULT
976,16,0,1.0,0.375,0.0,1.0,2.0585935,1.0,0.0,10.3849125,1.6,1.0,1.0,0.14780958,0.0,0.0,0.0,0.0,0.0,0.0,0.0,1.0,0.3,4.41875,0.0,0.0,0.0,0.0,True,True,False,True,False,True,False,True,True,True,True,True,OVERLAP+AT_FAULT
980,1,0,1.0,0.0,0.0,1.0,0.015758894,1.0,0.0,2.3804302,0.1,1.0,1.0,0.012566287,0.0,0.0,0.0,0.0,0.0,3.688076,13.277073,1.0,5.0,5.0,1.0,0.0,0.0,0.0,True,True,False,True,False,True,False,True,True,True,True,True,OVERLAP+AT_FAULT
1032,53,0,1.0,0.7924528,4.491293,0.5,3.2753413,0.0,0.0,36.062943,4.0,0.5,1.0,0.63944745,1.0,0.0,0.0,0.0,0.0,0.0,0.0,1.0,0.0,2.6528304,0.0,0.0,0.0,0.0,True,True,False,True,False,True,False,False,True,False,True,True,OVERLAP+AT_FAULT
1044,1,0,1.0,1.0,0.0,1.0,0.00096505054,1.0,0.0,0.0048585646,0.1,1.0,1.0,1.0,1.0,0.0,0.0,0.0,0.0,0.0,0.0,1.0,5.0,5.0,1.0,0.0,0.0,0.0,True,True,False,True,False,True,False,False,False,False,True,True,OVERLAP+AT_FAULT
1062,28,0,1.0,1.0,0.0,1.0,0.41847098,0.0,0.0,0.33659568,2.8000000000000003,1.0,1.0,1.0,1.0,0.0,0.0,0.0,0.0,0.0,0.0,1.0,5.0,5.0,1.0,0.0,0.0,0.0,True,True,False,True,False,True,False,False,False,False,True,True,OVERLAP+AT_FAULT
1063,19,0,1.0,0.42105263,0.0,1.0,0.53426844,1.0,0.0,0.26067504,1.9,1.0,1.0,0.09828278,0.0,0.0,0.0,0.0,0.0,0.0,0.0,1.0,0.0,4.7210526,0.0,0.0,0.0,0.0,True,True,False,True,False,True,False,True,True,True,True,True,OVERLAP+AT_FAULT
1118,76,0,1.0,0.92105263,0.0,1.0,1.3077389,0.0,0.0,0.60422456,7.6,0.0,1.0,0.0,0.0,0.0,0.0,0.0,0.0,0.0,0.0,1.0,0.0,4.934211,0.0,0.0,0.0,0.0,True,True,False,True,False,True,False,True,True,False,True,True,OVERLAP+AT_FAULT
1134,39,0,1.0,1.0,0.0,1.0,0.25511467,0.0,0.0,0.25983584,3.9,0.5,1.0,1.0,1.0,0.0,0.0,0.0,0.0,0.0,0.0,1.0,5.0,5.0,1.0,0.0,0.0,0.0,True,True,False,True,False,True,False,False,False,False,True,True,OVERLAP+AT_FAULT
1143,5,0,1.0,0.2,0.0,1.0,0.062828325,0.0,0.0,1.1306431,0.5,1.0,1.0,0.013795355,0.0,0.0,0.0,0.0,0.0,0.0,0.0,1.0,0.1,4.02,0.0,0.0,0.0,0.0,True,True,False,True,False,True,False,True,True,True,True,True,OVERLAP+AT_FAULT
1150,1,0,1.0,0.0,0.0,1.0,0.00660205,1.0,0.0,0.0,0.0,1.0,1.0,1.0,1.0,0.0,0.0,0.0,0.0,0.0,0.0,1.0,5.0,5.0,1.0,0.0,0.0,0.0,True,True,False,True,False,True,False,False,False,True,True,True,OVERLAP+AT_FAULT
1215,16,0,1.0,1.0,0.0,1.0,1.284129,1.0,0.0,33.421585,1.6,1.0,1.0,0.21245009,1.0,0.0,0.0,0.0,0.0,1.7311897,6.2322826,0.5993226,5.0,5.0,1.0,0.0,0.0,0.0,True,True,False,True,False,True,False,True,True,False,True,True,OVERLAP+AT_FAULT
1237,30,0,1.0,1.0,0.0,1.0,0.8842242,1.0,0.0,1.3475168,3.0,1.0,1.0,0.35406885,1.0,0.0,0.0,0.0,0.0,0.0,0.0,1.0,0.0,3.0900002,0.0,0.0,0.0,0.0,True,True,False,True,False,True,False,True,True,False,True,True,OVERLAP+AT_FAULT
1249,34,0,1.0,1.0,0.0,1.0,0.28669503,1.0,0.0,0.0,0.0,1.0,1.0,1.0,1.0,0.0,0.0,0.0,0.0,0.0,0.0,1.0,5.0,5.0,1.0,0.0,0.0,0.0,True,True,False,True,False,True,False,False,False,False,True,True,OVERLAP+AT_FAULT
1272,1,0,1.0,1.0,0.0,1.0,0.007642079,1.0,0.0,0.010982412,0.1,1.0,1.0,1.0,1.0,0.0,0.0,0.0,0.0,0.0,0.0,1.0,5.0,5.0,1.0,0.0,0.0,0.0,True,True,False,True,False,True,False,False,False,False,True,True,OVERLAP+AT_FAULT
1280,65,0,1.0,0.8923077,0.0,1.0,8.778129,1.0,0.0,57.584297,6.5,0.0,1.0,0.5421787,1.0,0.0,0.0,0.0,0.0,0.0,0.0,1.0,5.0,5.0,1.0,0.0,0.0,0.0,True,True,False,True,False,True,False,False,True,False,True,True,OVERLAP+AT_FAULT
1320,48,0,1.0,0.6041667,0.0,1.0,11.5507765,0.0,0.0,82.306076,4.800000000000001,0.5,1.0,0.55454296,1.0,0.0,0.0,0.0,0.0,0.0,0.0,1.0,0.0,3.7562501,0.0,0.0,0.0,0.0,True,True,False,True,False,True,False,False,True,False,True,True,OVERLAP+AT_FAULT
1326,35,0,1.0,0.34285715,0.0,1.0,2.5955122,1.0,0.0,21.532589,2.3000000000000003,1.0,1.0,0.34718758,1.0,0.0,0.0,0.0,0.0,0.0,0.0,1.0,5.0,5.0,1.0,0.0,0.0,0.0,True,True,False,True,False,True,False,True,True,True,True,True,OVERLAP+AT_FAULT
1348,42,0,1.0,1.0,0.0,1.0,0.26142997,0.0,0.0,0.25273097,4.2,0.5,1.0,1.0,1.0,0.0,0.0,0.0,0.0,0.0,0.0,1.0,5.0,5.0,1.0,0.0,0.0,0.0,True,True,False,True,False,True,False,False,False,False,True,True,OVERLAP+AT_FAULT
1365,1,0,1.0,1.0,0.0,1.0,0.00548722,1.0,0.0,0.009832687,0.1,1.0,1.0,1.0,1.0,0.0,0.0,0.0,0.0,0.0,0.0,1.0,5.0,5.0,1.0,0.0,0.0,0.0,True,True,False,True,False,True,False,False,False,False,True,True,OVERLAP+AT_FAULT
1378,6,0,1.0,0.0,0.0,1.0,0.20751736,0.0,0.0,0.68670046,0.6000000000000001,1.0,1.0,0.017098319,0.0,0.0,0.0,0.0,0.0,0.0,0.0,1.0,5.0,5.0,1.0,0.0,0.0,0.0,True,True,False,True,False,True,False,True,True,True,True,True,OVERLAP+AT_FAULT
1402,1,0,1.0,1.0,0.0,1.0,0.0111521315,1.0,0.0,0.024204612,0.1,1.0,1.0,1.0,1.0,0.0,0.0,0.0,0.0,0.0,0.0,1.0,5.0,5.0,1.0,0.0,0.0,0.0,True,True,False,True,False,True,False,False,False,False,True,True,OVERLAP+AT_FAULT
1421,39,0,1.0,0.7692308,0.0,1.0,0.11913043,1.0,0.0,0.16281332,3.9,0.5,1.0,1.0,1.0,0.0,0.0,0.0,0.0,0.0,0.0,1.0,0.0,4.8717947,0.0,0.0,0.0,0.0,True,True,False,True,False,True,False,False,False,False,True,True,OVERLAP+AT_FAULT
1451,1,0,1.0,1.0,0.0,1.0,0.008578646,1.0,0.0,0.016402474,0.1,1.0,1.0,1.0,1.0,0.0,0.0,0.0,0.0,0.0,0.0,1.0,5.0,5.0,1.0,0.0,0.0,0.0,True,True,False,True,False,True,False,False,False,False,True,True,OVERLAP+AT_FAULT
1479,72,0,1.0,1.0,0.0,1.0,1.7656229,1.0,0.0,15.225978,5.9,0.0,1.0,0.845965,1.0,0.0,0.0,0.0,0.0,0.0,0.0,1.0,0.4,3.1638887,0.0,0.0,0.0,0.0,True,True,False,True,False,True,False,False,False,False,True,True,OVERLAP+AT_FAULT
1482,26,0,1.0,1.0,0.0,1.0,0.37976104,1.0,0.0,0.9924561,2.6,1.0,1.0,1.0,1.0,0.0,0.0,0.0,0.0,0.0,0.0,1.0,0.0,4.8076925,0.0,0.0,0.0,0.0,True,True,False,True,False,True,False,False,False,False,True,True,OVERLAP+AT_FAULT
1487,31,0,1.0,1.0,0.0,1.0,0.27624893,1.0,0.0,0.0,0.0,1.0,1.0,1.0,1.0,0.0,0.0,0.0,0.0,0.0,0.0,1.0,5.0,5.0,1.0,0.0,0.0,0.0,True,True,False,True,False,True,False,False,False,False,True,True,OVERLAP+AT_FAULT
1489,6,0,1.0,0.16666667,0.0,1.0,0.18783662,0.0,0.0,0.5112174,0.6000000000000001,1.0,1.0,0.02662053,0.0,0.0,0.0,0.0,0.0,0.0,0.0,1.0,5.0,5.0,1.0,0.0,0.0,0.0,True,True,False,True,False,True,False,True,True,True,True,True,OVERLAP+AT_FAULT
1494,1,0,1.0,1.0,0.0,1.0,0.006321781,1.0,0.0,0.014493863,0.1,1.0,1.0,1.0,1.0,0.0,0.0,0.0,0.0,0.0,0.0,1.0,5.0,5.0,1.0,0.0,0.0,0.0,True,True,False,True,False,True,False,False,False,False,True,True,OVERLAP+AT_FAULT
1623,1,0,1.0,1.0,0.0,1.0,0.0040409006,1.0,0.0,0.0,0.0,1.0,1.0,1.0,1.0,0.0,0.0,0.0,0.0,0.0,0.0,1.0,5.0,5.0,1.0,0.0,0.0,0.0,True,True,False,True,False,True,False,False,False,False,True,True,OVERLAP+AT_FAULT
1630,1,0,1.0,1.0,0.0,1.0,0.0050700367,1.0,0.0,0.009278678,0.1,1.0,1.0,1.0,1.0,0.0,0.0,0.0,0.0,0.0,0.0,1.0,5.0,5.0,1.0,0.0,0.0,0.0,True,True,False,True,False,True,False,False,False,False,True,True,OVERLAP+AT_FAULT
1666,45,0,1.0,1.0,0.0,1.0,2.329017,1.0,0.0,7.4703517,4.5,0.5,1.0,0.78857094,1.0,0.0,0.0,0.0,0.0,0.0,0.0,1.0,0.0,3.4333334,0.0,0.0,0.0,0.0,True,True,False,True,False,True,False,False,False,False,True,True,OVERLAP+AT_FAULT
1670,16,0,1.0,1.0,0.0,1.0,0.09394969,1.0,0.0,0.094207585,1.6,1.0,1.0,1.0,1.0,0.0,0.0,0.0,0.0,0.0,0.0,1.0,5.0,5.0,1.0,0.0,0.0,0.0,True,True,False,True,False,True,False,False,False,False,True,True,OVERLAP+AT_FAULT
1682,75,0,1.0,1.0,0.0,1.0,0.25016978,1.0,0.0,0.22775811,7.5,0.0,1.0,1.0,1.0,0.0,0.0,0.0,0.0,0.0,0.0,1.0,0.0,4.6173334,0.0,0.0,0.0,0.0,True,True,False,True,False,True,False,False,False,False,True,True,OVERLAP+AT_FAULT
1733,41,0,1.0,0.99999994,0.0,1.0,0.43336624,1.0,0.0,0.95077956,4.1000000000000005,0.5,1.0,0.10982065,0.0,0.0,0.0,0.0,0.0,0.0,0.0,1.0,5.0,5.0,1.0,0.0,0.0,0.0,True,True,False,True,False,True,False,True,True,False,True,True,OVERLAP+AT_FAULT
1774,1,0,1.0,1.0,0.0,1.0,0.0007349606,1.0,0.0,0.00034741065,0.1,1.0,1.0,1.0,1.0,0.0,0.0,0.0,0.0,0.0,0.0,1.0,5.0,5.0,1.0,0.0,0.0,0.0,True,True,False,True,False,True,False,False,False,False,True,True,OVERLAP+AT_FAULT
1781,39,0,1.0,0.7692308,0.0,1.0,14.466609,1.0,0.0,88.951004,3.9,0.5,1.0,0.45030606,1.0,0.0,0.0,0.0,0.0,3.625616,13.0522175,0.0,0.0,4.38718,0.0,0.0,0.0,0.0,True,True,False,True,False,True,False,True,True,False,True,True,OVERLAP+AT_FAULT
1785,1,0,1.0,0.0,0.0,1.0,0.010433442,0.0,0.0,0.03289361,0.1,1.0,1.0,0.00046530622,0.0,0.0,0.0,0.0,0.0,0.0,0.0,1.0,5.0,5.0,1.0,0.0,0.0,0.0,True,True,False,True,False,True,False,True,True,True,True,True,OVERLAP+AT_FAULT
1799,57,0,1.0,0.77192986,0.0,1.0,5.1710315,0.0,0.0,24.716522,5.7,0.5,1.0,0.85175633,1.0,0.0,0.0,0.0,0.0,0.0,0.0,1.0,0.0,4.814035,0.0,0.0,0.0,0.0,True,True,False,True,False,True,False,False,False,False,True,True,OVERLAP+AT_FAULT
1800,25,0,1.0,0.76,0.0,1.0,2.0206525,1.0,0.0,44.87609,2.5,1.0,1.0,0.273218,1.0,0.0,0.0,0.0,0.0,0.024457932,0.08804855,0.999543,0.0,3.2240002,0.0,0.0,0.0,0.0,True,True,False,True,False,True,False,True,True,False,True,True,OVERLAP+AT_FAULT
1866,8,0,1.0,1.0,0.0,1.0,0.05171925,1.0,0.0,0.048981544,0.8,1.0,1.0,1.0,1.0,0.0,0.0,0.0,0.0,0.0,0.0,1.0,0.0,4.375,0.0,0.0,0.0,0.0,True,True,False,True,False,True,False,False,False,False,True,True,OVERLAP+AT_FAULT
1867,39,0,1.0,1.0,0.0,1.0,0.25820172,0.0,0.0,0.24958971,3.9,0.5,1.0,1.0,1.0,0.0,0.0,0.0,0.0,0.0,0.0,1.0,5.0,5.0,1.0,0.0,0.0,0.0,True,True,False,True,False,True,False,False,False,False,True,True,OVERLAP+AT_FAULT
1943,21,0,1.0,0.5714286,0.0,1.0,0.75567764,0.0,0.0,15.078585,2.1,1.0,1.0,0.23671795,1.0,0.0,0.0,0.0,0.0,0.0,0.0,1.0,4.0,4.6952386,1.0,0.0,0.0,0.0,True,True,False,True,False,True,False,True,True,False,True,True,OVERLAP+AT_FAULT
1945,1,0,1.0,1.0,0.0,1.0,0.002782638,1.0,0.0,0.0,0.0,1.0,1.0,0.0,0.0,0.0,0.0,0.0,0.0,0.0,0.0,1.0,5.0,5.0,1.0,0.0,0.0,0.0,True,True,False,True,False,True,False,True,True,False,True,True,OVERLAP+AT_FAULT
1979,68,0,1.0,0.7794118,0.0,1.0,7.515902,1.0,0.0,12.706932,0.7000000000000001,1.0,1.0,0.7283015,1.0,0.0,0.0,0.0,0.0,0.27891922,1.0041091,0.99596655,0.0,4.9264708,0.0,0.0,0.0,0.0,True,True,False,True,False,True,False,False,False,False,True,True,OVERLAP+AT_FAULT
1994,72,0,1.0,0.8611111,0.0,1.0,2.473682,1.0,0.0,43.84479,7.2,0.0,1.0,0.91796154,1.0,0.0,0.0,0.0,0.0,0.0,0.0,1.0,0.0,4.809722,0.0,0.0,0.0,0.0,True,True,False,True,False,True,False,False,False,False,True,True,OVERLAP+AT_FAULT
2021,2,0,1.0,1.0,0.0,1.0,0.0036315918,1.0,0.0,0.00039799392,0.2,1.0,1.0,1.0,1.0,0.0,0.0,0.0,0.0,0.0,0.0,1.0,5.0,5.0,1.0,0.0,0.0,0.0,True,True,False,True,False,True,False,False,False,False,True,True,OVERLAP+AT_FAULT
2037,1,0,1.0,1.0,0.0,1.0,0.009156596,1.0,0.0,0.018531376,0.1,1.0,1.0,1.0,1.0,0.0,0.0,0.0,0.0,0.0,0.0,1.0,5.0,5.0,1.0,0.0,0.0,0.0,True,True,False,True,False,True,False,False,False,False,True,True,OVERLAP+AT_FAULT
2068,8,0,1.0,1.0,0.0,1.0,0.19704977,1.0,0.0,0.540709,0.8,1.0,1.0,0.028353421,0.0,0.0,0.0,0.0,0.0,0.0,0.0,1.0,5.0,5.0,1.0,0.0,0.0,0.0,True,True,False,True,False,True,False,True,True,False,True,True,OVERLAP+AT_FAULT
2069,1,0,1.0,1.0,0.0,1.0,0.0073282863,1.0,0.0,0.014663919,0.1,1.0,1.0,1.0,1.0,0.0,0.0,0.0,0.0,0.0,0.0,1.0,5.0,5.0,1.0,0.0,0.0,0.0,True,True,False,True,False,True,False,False,False,False,True,True,OVERLAP+AT_FAULT
2081,1,0,2.0,1.0,0.0,1.0,0.011901895,1.0,0.0,0.016519902,0.1,1.0,1.0,0.96773446,1.0,0.0,0.0,0.0,0.0,0.0,0.0,1.0,5.0,5.0,1.0,-0.0,-0.0,0.0,True,True,False,True,False,True,False,False,False,False,True,True,OVERLAP+AT_FAULT
2088,69,0,1.0,0.68115944,0.0,1.0,10.021377,0.0,0.0,46.122383,6.300000000000001,0.0,1.0,1.0,1.0,0.0,0.0,0.0,0.0,0.0,0.0,1.0,5.0,5.0,1.0,0.0,0.0,0.0,True,True,False,True,False,True,False,False,False,False,True,True,OVERLAP+AT_FAULT
2174,9,0,1.0,0.0,0.0,1.0,0.56082314,0.0,0.0,6.289135,0.9,1.0,1.0,0.08032385,0.0,0.0,0.0,0.0,0.0,0.0,0.0,1.0,4.7000003,4.9444447,1.0,0.0,0.0,0.0,True,True,False,True,False,True,False,True,True,True,True,True,OVERLAP+AT_FAULT
2179,44,0,1.0,1.0,0.0,1.0,0.26459557,1.0,0.0,0.25912988,4.4,0.5,1.0,1.0,1.0,0.0,0.0,0.0,0.0,0.0,0.0,1.0,5.0,5.0,1.0,0.0,0.0,0.0,True,True,False,True,False,True,False,False,False,False,True,True,OVERLAP+AT_FAULT
2271,32,0,1.0,0.28125,0.0,1.0,2.7975326,0.0,0.0,15.883596,3.2,1.5,1.0,0.6023608,1.0,0.0,0.0,0.0,0.0,0.0,0.0,1.0,0.0,1.8625,0.0,0.0,0.0,0.0,True,True,False,True,False,True,False,False,True,True,True,True,OVERLAP+AT_FAULT
2295,1,0,1.0,1.0,0.0,1.0,0.009188845,1.0,0.0,0.018311983,0.1,1.0,1.0,1.0,1.0,0.0,0.0,0.0,0.0,0.0,0.0,1.0,5.0,5.0,1.0,0.0,0.0,0.0,True,True,False,True,False,True,False,False,False,False,True,True,OVERLAP+AT_FAULT
2301,9,0,1.0,0.33333334,0.0,1.0,0.22234042,0.0,0.0,5.0602884,0.9,1.0,1.0,0.07289834,0.0,0.0,0.0,0.0,0.0,0.0,0.0,1.0,0.5,2.6777778,0.0,0.0,0.0,0.0,True,True,False,True,False,True,False,True,True,True,True,True,OVERLAP+AT_FAULT
2327,4,0,1.0,0.0,0.0,1.0,0.18940127,0.0,0.0,2.0312035,0.4,1.0,1.0,0.052349806,0.0,0.0,0.0,0.0,0.0,0.0,0.0,1.0,0.0,0.425,0.0,0.0,0.0,0.0,True,True,False,True,False,True,False,True,True,True,True,True,OVERLAP+AT_FAULT
2328,1,0,1.0,1.0,0.0,1.0,0.0021546793,1.0,0.0,0.006002072,0.1,1.0,1.0,1.0,1.0,0.0,0.0,0.0,0.0,0.0,0.0,1.0,5.0,5.0,1.0,0.0,0.0,0.0,True,True,False,True,False,True,False,False,False,False,True,True,OVERLAP+AT_FAULT
2332,31,0,2.0,1.0,0.0,1.0,0.27276033,1.0,0.0,0.3289664,3.1,1.5,1.0,1.0,1.0,0.0,0.0,0.0,0.0,0.0,0.0,1.0,5.0,5.0,1.0,-0.0,-0.0,0.0,True,True,False,True,False,True,False,False,False,False,True,True,OVERLAP+AT_FAULT
2350,15,0,1.0,0.6,0.0,1.0,0.82083404,1.0,0.0,14.987817,1.5,1.0,1.0,0.14959401,0.0,0.0,0.0,0.0,0.0,0.0,0.0,1.0,0.1,4.6733336,0.0,0.0,0.0,0.0,True,True,False,True,False,True,False,True,True,False,True,True,OVERLAP+AT_FAULT
2367,8,0,1.0,1.0,0.0,1.0,0.02754698,1.0,0.0,0.026253302,0.8,1.0,1.0,1.0,1.0,0.0,0.0,0.0,0.0,0.0,0.0,1.0,5.0,5.0,1.0,0.0,0.0,0.0,True,True,False,True,False,True,False,False,False,False,True,True,OVERLAP+AT_FAULT
2410,22,0,1.0,0.3181818,0.0,1.0,10.265419,1.0,0.0,52.858353,2.2,1.0,1.0,0.2495871,1.0,0.0,0.0,0.0,0.0,4.02063,14.474267,0.0,0.0,2.8136365,0.0,0.0,0.0,0.0,True,True,False,True,False,True,False,True,True,True,True,True,OVERLAP+AT_FAULT
2460,42,0,1.0,1.0,0.0,1.0,0.3322089,0.0,0.0,0.36778852,4.2,0.5,1.0,1.0,1.0,0.0,0.0,0.0,0.0,0.0,0.0,1.0,0.0,2.2714288,0.0,0.0,0.0,0.0,True,True,False,True,False,True,False,False,False,False,True,True,OVERLAP+AT_FAULT
2473,29,0,1.0,0.62068963,0.0,1.0,1.5562733,1.0,0.0,19.559132,2.9000000000000004,1.0,1.0,0.27492577,1.0,0.0,0.0,0.0,0.0,0.0,0.0,1.0,0.0,3.4310346,0.0,0.0,0.0,0.0,True,True,False,True,False,True,False,True,True,False,True,True,OVERLAP+AT_FAULT
2538,1,0,1.0,1.0,0.0,1.0,0.0009236295,1.0,0.0,0.0048198644,0.1,1.0,1.0,0.0,0.0,0.0,0.0,0.0,0.0,0.0,0.0,1.0,5.0,5.0,1.0,0.0,0.0,0.0,True,True,False,True,False,True,False,True,True,False,True,True,OVERLAP+AT_FAULT
2567,12,0,1.0,1.0,0.0,1.0,0.043676287,1.0,0.0,0.040670432,1.2000000000000002,1.0,1.0,1.0,1.0,0.0,0.0,0.0,0.0,0.0,0.0,1.0,5.0,5.0,1.0,0.0,0.0,0.0,True,True,False,True,False,True,False,False,False,False,True,True,OVERLAP+AT_FAULT
2572,51,0,1.0,0.5882353,0.0,1.0,5.8306217,1.0,0.0,104.12126,5.1000000000000005,0.5,1.0,0.6984797,1.0,0.0,0.0,0.0,0.0,1.8719482,6.7390137,0.70206,0.0,4.447059,0.0,0.0,0.0,0.0,True,True,False,True,False,True,False,False,True,False,True,True,OVERLAP+AT_FAULT
2574,31,0,1.0,1.0,0.0,1.0,0.4067877,0.0,0.0,0.40808347,3.1,1.5,1.0,1.0,1.0,0.0,0.0,0.0,0.0,0.0,0.0,1.0,5.0,5.0,1.0,0.0,0.0,0.0,True,True,False,True,False,True,False,False,False,False,True,True,OVERLAP+AT_FAULT
2588,65,0,1.0,0.7076923,0.0,1.0,11.217986,1.0,0.0,68.94783,5.800000000000001,0.0,1.0,0.5759031,1.0,0.0,0.0,0.0,0.0,0.0,0.0,1.0,3.0,4.941539,1.0,0.0,0.0,0.0,True,True,False,True,False,True,False,False,True,False,True,True,OVERLAP+AT_FAULT
2615,11,0,1.0,0.09090909,0.0,1.0,0.5632214,1.0,0.0,1.5912664,1.1,1.0,1.0,0.057982855,0.0,0.0,0.0,0.0,0.0,0.0,0.0,1.0,5.0,5.0,1.0,0.0,0.0,0.0,True,True,False,True,False,True,False,True,True,True,True,True,OVERLAP+AT_FAULT
2623,3,0,1.0,0.6666667,0.0,1.0,0.1494046,0.0,0.0,3.861073,0.3,1.0,1.0,0.036324386,0.0,0.0,0.0,0.0,0.0,0.0,0.0,1.0,3.9,4.633333,1.0,0.0,0.0,0.0,True,True,False,True,False,True,False,True,True,False,True,True,OVERLAP+AT_FAULT
2649,51,0,1.0,0.8235294,0.0,1.0,1.6356287,0.0,0.0,14.355299,5.1000000000000005,0.5,1.0,1.0,1.0,0.0,0.0,0.0,0.0,0.0,0.0,1.0,2.4,4.756863,1.0,0.0,0.0,0.0,True,True,False,True,False,True,False,False,False,False,True,True,OVERLAP+AT_FAULT
2651,7,0,1.0,1.0,0.0,1.0,0.03683188,1.0,0.0,0.045413278,0.7000000000000001,1.0,1.0,1.0,1.0,0.0,0.0,0.0,0.0,0.0,0.0,1.0,0.0,4.2857146,0.0,0.0,0.0,0.0,True,True,False,True,False,True,False,False,False,False,True,True,OVERLAP+AT_FAULT
2678,73,0,1.0,0.75342464,0.0,1.0,3.101007,1.0,0.0,48.65492,7.300000000000001,0.0,1.0,0.969571,1.0,0.0,0.0,0.0,0.0,0.0,0.0,1.0,0.0,3.7972605,0.0,0.0,0.0,0.0,True,True,False,True,False,True,False,False,False,False,True,True,OVERLAP+AT_FAULT
2686,1,0,1.0,1.0,0.0,1.0,0.005645752,1.0,0.0,0.013840687,0.1,1.0,1.0,1.0,1.0,0.0,0.0,0.0,0.0,0.0,0.0,1.0,5.0,5.0,1.0,0.0,0.0,0.0,True,True,False,True,False,True,False,False,False,False,True,True,OVERLAP+AT_FAULT
2687,64,0,2.0,1.0,0.0,1.0,0.15714195,1.0,0.0,0.122846365,6.4,0.0,1.0,1.0,1.0,0.0,0.0,0.0,0.0,0.0,0.0,1.0,0.0,4.921875,0.0,-0.0,-0.0,0.0,True,True,False,True,False,True,False,False,False,False,True,True,OVERLAP+AT_FAULT
2689,64,0,1.0,0.65625,0.0,1.0,14.362578,1.0,0.0,147.77373,6.4,0.0,1.0,0.7632365,1.0,0.0,0.0,0.0,0.0,3.515339,12.65522,0.0,0.0,4.734375,0.0,0.0,0.0,0.0,True,True,False,True,False,True,False,False,False,False,True,True,OVERLAP+AT_FAULT
2756,1,0,1.0,1.0,0.0,1.0,0.0088690715,1.0,0.0,0.018169347,0.1,1.0,1.0,1.0,1.0,0.0,0.0,0.0,0.0,0.0,0.0,1.0,5.0,5.0,1.0,0.0,0.0,0.0,True,True,False,True,False,True,False,False,False,False,True,True,OVERLAP+AT_FAULT
2760,1,0,1.0,1.0,0.0,1.0,0.0025024414,1.0,0.0,2.1651575e-05,0.1,1.0,1.0,1.0,1.0,0.0,0.0,0.0,0.0,0.0,0.0,1.0,5.0,5.0,1.0,0.0,0.0,0.0,True,True,False,True,False,True,False,False,False,False,True,True,OVERLAP+AT_FAULT
2779,8,0,1.0,0.0,0.0,1.0,0.34578896,1.0,0.0,6.0532284,0.8,1.0,1.0,0.08388639,0.0,0.0,0.0,0.0,0.0,0.0,0.0,1.0,0.0,3.5375,0.0,0.0,0.0,0.0,True,True,False,True,False,True,False,True,True,True,True,True,OVERLAP+AT_FAULT
2787,1,0,1.0,1.0,0.0,1.0,0.0036524327,1.0,0.0,0.007995761,0.1,1.0,1.0,0.00080205686,0.0,0.0,0.0,0.0,0.0,0.0,0.0,1.0,0.0,0.0,0.0,0.0,0.0,0.0,True,True,False,True,False,True,False,True,True,False,True,True,OVERLAP+AT_FAULT
2865,1,0,1.0,1.0,0.0,1.0,0.0023171264,1.0,0.0,0.0037037102,0.1,1.0,1.0,1.0,1.0,0.0,0.0,0.0,0.0,0.0,0.0,1.0,5.0,5.0,1.0,0.0,0.0,0.0,True,True,False,True,False,True,False,False,False,False,True,True,OVERLAP+AT_FAULT
2881,15,0,1.0,1.0,0.0,1.0,0.632357,0.0,0.0,2.8992457,0.8,1.0,1.0,0.7338268,1.0,0.0,0.0,0.0,0.0,0.0,0.0,1.0,0.0,3.7466667,0.0,0.0,0.0,0.0,True,True,False,True,False,True,False,False,False,False,True,True,OVERLAP+AT_FAULT
2905,1,0,1.0,1.0,0.0,1.0,0.0010836964,1.0,0.0,0.003132026,0.1,1.0,1.0,1.0,1.0,0.0,0.0,0.0,0.0,0.0,0.0,1.0,5.0,5.0,1.0,0.0,0.0,0.0,True,True,False,True,False,True,False,False,False,False,True,True,OVERLAP+AT_FAULT
2909,33,0,1.0,1.0,0.0,1.0,0.18544301,1.0,0.0,0.18581118,3.3000000000000003,1.5,1.0,1.0,1.0,0.0,0.0,0.0,0.0,0.0,0.0,1.0,0.0,4.848485,0.0,0.0,0.0,0.0,True,True,False,True,False,True,False,False,False,False,True,True,OVERLAP+AT_FAULT
3014,1,0,1.0,1.0,0.0,1.0,0.012679493,1.0,0.0,0.010807454,0.1,1.0,1.0,1.0,1.0,0.0,0.0,0.0,0.0,0.0,0.0,1.0,5.0,5.0,1.0,0.0,0.0,0.0,True,True,False,True,False,True,False,False,False,False,True,True,OVERLAP+AT_FAULT
3026,65,0,1.0,0.6615385,0.0,1.0,8.760729,1.0,0.0,79.93579,6.1000000000000005,0.0,1.0,0.64606774,1.0,0.0,0.0,0.0,0.0,0.0,0.0,1.0,0.0,4.5076923,0.0,0.0,0.0,0.0,True,True,False,True,False,True,False,False,True,False,True,True,OVERLAP+AT_FAULT
3034,54,0,1.0,1.0,0.0,1.0,1.1482807,1.0,0.0,2.7303677,5.4,0.5,1.0,1.0,1.0,0.0,0.0,0.0,0.0,0.0,0.0,1.0,0.0,4.9074073,0.0,0.0,0.0,0.0,True,True,False,True,False,True,False,False,False,False,True,True,OVERLAP+AT_FAULT
3036,1,0,1.0,1.0,0.0,1.0,0.0034123186,1.0,0.0,0.0055784467,0.1,1.0,1.0,1.0,1.0,0.0,0.0,0.0,0.0,0.0,0.0,1.0,5.0,5.0,1.0,0.0,0.0,0.0,True,True,False,True,False,True,False,False,False,False,True,True,OVERLAP+AT_FAULT
3037,34,0,1.0,0.8235294,0.0,1.0,1.659753,1.0,0.0,29.724735,3.4000000000000004,0.5,1.0,0.43220326,1.0,0.0,0.0,0.0,0.0,0.0,0.0,1.0,0.0,3.7794118,0.0,0.0,0.0,0.0,True,True,False,True,False,True,False,True,True,False,True,True,OVERLAP+AT_FAULT
1,58,0,0.0,0.8448276,0.0,1.0,0.9514631,1.0,1.0,39.29812,5.800000000000001,0.0,0.0,0.6600362,1.0,0.0,0.0,0.0,0.0,0.0,0.0,1.0,2.0,4.8965516,1.0,0.0,0.0,0.0,True,False,True,False,False,False,False,False,True,False,True,True,OFFROAD
37,1,0,0.0,0.0,0.0,1.0,0.25058773,1.0,1.0,2.3347082,0.1,1.0,0.0,0.013706785,0.0,0.0,0.0,0.0,0.0,3.230856,11.631081,1.0,5.0,5.0,1.0,0.0,0.0,0.0,True,False,True,False,False,False,False,True,True,True,True,True,OFFROAD
51,64,0,0.0,1.0,0.0,1.0,4.9168015,1.0,1.0,1.1562176,0.6000000000000001,1.0,0.0,1.0,1.0,0.0,0.0,0.0,0.0,0.0,0.0,1.0,2.2,3.75625,1.0,0.0,0.0,0.0,True,False,True,False,False,False,False,False,False,False,True,True,OFFROAD
74,8,0,0.0,1.0,0.0,1.0,0.0015139702,1.0,0.0,0.0043552984,0.8,1.0,1.0,1.0,1.0,0.0,0.0,0.0,0.0,0.0,0.0,1.0,5.0,5.0,1.0,0.0,0.0,0.0,True,True,False,False,False,False,False,False,False,False,True,True,OVERLAP
93,44,0,0.0,0.79545456,0.0,1.0,1.1240675,1.0,1.0,34.595226,4.4,0.5,0.0,0.7646744,1.0,0.0,0.0,0.0,0.0,0.0,0.0,1.0,3.6000001,4.686364,1.0,0.0,0.0,0.0,True,False,True,False,False,False,False,False,False,False,True,True,OFFROAD
128,23,0,0.0,0.6086957,0.0,1.0,2.683686,1.0,1.0,43.87539,2.3000000000000003,1.0,0.0,0.29591426,1.0,0.0,0.0,0.0,0.0,1.9797554,7.127119,0.8102629,1.9,4.7347827,1.0,0.0,0.0,0.0,True,False,True,False,False,False,False,True,True,False,True,True,OFFROAD
132,46,0,0.0,1.0,0.0,1.0,0.38635707,1.0,0.0,5.8729877,4.6000000000000005,0.5,1.0,0.9061453,1.0,0.0,0.0,0.0,0.0,0.0,0.0,1.0,4.2000003,4.882609,1.0,0.0,0.0,0.0,True,True,False,False,False,False,False,False,False,False,True,True,OVERLAP
195,11,0,0.0,0.90909094,0.0,1.0,0.25452018,1.0,0.0,0.0,0.0,1.0,1.0,0.05179509,0.0,0.0,0.0,0.0,0.0,0.0,0.0,1.0,5.0,5.0,1.0,0.0,0.0,0.0,True,True,False,False,False,False,False,True,True,False,True,True,OVERLAP
510,45,0,0.0,1.0,0.0,1.0,1.9892943,1.0,1.0,15.139908,2.1,1.0,0.0,0.8355014,1.0,0.0,0.0,0.0,0.0,0.0,0.0,1.0,5.0,5.0,1.0,0.0,0.0,0.0,True,False,True,False,False,False,False,False,False,False,True,True,OFFROAD
543,26,0,0.0,1.0,0.0,1.0,0.0878241,0.0,0.0,0.091195896,2.6,1.0,1.0,1.0,1.0,0.0,0.0,0.0,0.0,0.0,0.0,1.0,2.9,4.7000003,1.0,1.0,1.0,0.0,True,True,False,False,False,False,False,False,False,False,True,True,OVERLAP
550,71,0,0.0,0.8309859,0.0,1.0,7.9993157,1.0,1.0,26.528652,4.5,0.5,0.0,1.0,1.0,0.0,0.0,0.0,0.0,0.0,0.0,1.0,5.0,5.0,1.0,0.0,0.0,0.0,True,False,True,False,False,False,False,False,False,False,True,True,OFFROAD
551,43,0,0.0,1.0,0.0,1.0,2.2692325,1.0,0.0,86.91177,4.3,0.5,1.0,0.4878095,1.0,0.0,0.0,0.0,0.0,2.1480923,7.733132,0.6335194,5.0,5.0,1.0,0.0,0.0,0.0,True,True,False,False,False,False,False,True,True,False,True,True,OVERLAP
563,58,0,0.0,0.7413793,0.0,1.0,8.506834,0.0,0.0,74.79468,3.8,0.5,1.0,0.6112997,1.0,0.0,0.0,0.0,0.0,1.7174892,6.182961,0.8905082,0.0,4.913793,0.0,0.5063306,0.50533104,0.0,True,True,False,False,False,False,False,False,True,False,True,True,OVERLAP
569,44,0,0.0,0.6818182,0.0,1.0,4.3462095,1.0,0.0,84.47855,4.4,0.5,1.0,0.49690765,1.0,0.0,0.0,0.0,0.0,1.3761349,4.9540854,0.9417718,5.0,5.0,1.0,0.0,0.0,0.0,True,True,False,False,False,False,False,True,True,False,True,True,OVERLAP
643,72,0,0.0,0.8333333,0.0,1.0,2.3018627,1.0,1.0,22.41567,7.2,0.0,0.0,1.0,1.0,0.0,0.0,0.0,0.0,0.0,0.0,1.0,5.0,5.0,1.0,0.0,0.0,0.0,True,False,True,False,False,False,False,False,False,False,True,True,OFFROAD
654,29,0,0.0,1.0,0.0,1.0,0.055416353,1.0,0.0,0.04354951,2.9000000000000004,1.0,1.0,1.0,1.0,0.0,0.0,0.0,0.0,0.0,0.0,1.0,5.0,5.0,1.0,0.0,0.0,0.0,True,True,False,False,False,False,False,False,False,False,True,True,OVERLAP
774,63,0,0.0,1.0,0.0,1.0,6.532491,1.0,1.0,45.351524,3.8,0.5,0.0,0.66124684,1.0,0.0,0.0,0.0,0.0,0.0,0.0,1.0,2.8,4.9380956,1.0,0.0,0.0,0.0,True,False,True,False,False,False,False,False,True,False,True,True,OFFROAD
785,63,0,0.0,0.8253969,0.0,1.0,10.989129,1.0,1.0,10.816595,0.8,1.0,0.0,0.6141019,1.0,0.0,0.0,0.0,0.0,0.0,0.0,1.0,5.0,5.0000005,1.0,0.0,0.0,0.0,True,False,True,False,False,False,False,False,True,False,True,True,OFFROAD
838,38,0,0.0,0.4473684,0.0,1.0,3.3278463,0.0,0.0,82.19812,3.8,0.5,1.0,0.43778974,1.0,0.0,0.0,0.0,0.0,3.3124638,11.92487,0.28393787,5.0,5.0,1.0,0.57621485,0.5641809,0.0,True,True,False,False,False,False,False,True,True,True,True,True,OVERLAP
905,73,0,0.0,0.7808219,0.0,1.0,14.727653,0.0,0.0,128.15967,7.300000000000001,0.0,1.0,0.72492397,1.0,0.0,0.0,0.0,0.0,1.9659023,7.077248,0.9409123,1.7,4.8273973,1.0,0.87186956,0.73420596,0.0,True,True,False,False,False,False,False,False,False,False,True,True,OVERLAP
1014,5,0,0.0,0.0,0.0,1.0,0.24190669,1.0,1.0,1.1246722,0.5,1.0,0.0,0.6776562,1.0,0.0,0.0,0.0,0.0,0.0,0.0,1.0,5.0,5.0,1.0,0.0,0.0,0.0,True,False,True,False,False,False,False,False,True,True,True,True,OFFROAD
1046,62,0,0.0,0.7258064,0.0,1.0,12.552239,1.0,1.0,103.01002,6.2,0.0,0.0,0.68247175,1.0,0.0,0.0,0.0,0.0,0.0,0.0,1.0,2.7,4.927419,1.0,0.0,0.0,0.0,True,False,True,False,False,False,False,False,True,False,True,True,OFFROAD
1080,46,0,0.0,0.54347825,0.0,1.0,6.029593,1.0,0.0,70.43792,4.4,0.5,1.0,0.46884593,1.0,0.0,0.0,0.0,0.0,0.0,0.0,1.0,5.0,5.0,1.0,0.0,0.0,0.0,True,True,False,False,False,False,False,True,True,False,True,True,OVERLAP
1123,51,0,0.0,0.88235295,0.0,1.0,4.208462,1.0,1.0,97.35002,5.1000000000000005,0.5,0.0,0.5720157,1.0,0.0,0.0,0.0,0.0,0.40629005,1.4626441,0.98212045,4.2000003,4.956863,1.0,0.0,0.0,0.0,True,False,True,False,False,False,False,False,True,False,True,True,OFFROAD
1284,56,0,0.0,1.0,0.0,1.0,5.700858,1.0,1.0,108.465416,5.6000000000000005,0.5,0.0,0.78779167,1.0,0.0,0.0,0.0,0.0,1.1572361,4.16605,0.84754515,5.0,5.0,1.0,0.0,0.0,0.0,True,False,True,False,False,False,False,False,False,False,True,True,OFFROAD
1308,59,0,0.0,0.47457626,0.0,1.0,11.993739,0.0,1.0,28.51957,4.0,0.5,0.0,0.99997985,1.0,0.0,0.0,0.0,0.0,1.2434788,4.4765234,0.91310334,2.5,4.7898307,1.0,0.9125916,0.84744555,0.0,True,False,True,False,False,False,False,False,False,True,True,True,OFFROAD
1311,49,0,0.0,0.57142854,0.0,1.0,8.724241,1.0,1.0,18.464634,2.4000000000000004,1.0,0.0,0.99999994,1.0,0.0,0.0,0.0,0.0,0.0,0.0,1.0,1.6,3.7632651,1.0,0.0,0.0,0.0,True,False,True,False,False,False,False,False,False,False,True,True,OFFROAD
1411,74,0,0.0,0.6486487,0.0,1.0,2.776135,1.0,1.0,136.38919,6.5,0.0,0.0,0.88795555,1.0,0.0,0.0,0.0,0.0,2.6911526,9.688149,0.35991675,5.0,5.0,1.0,0.0,0.0,0.0,True,False,True,False,False,False,False,False,False,False,True,True,OFFROAD
1424,9,0,0.0,1.0,0.0,1.0,0.09221085,1.0,1.0,0.25119197,0.9,1.0,0.0,1.0,1.0,0.0,0.0,0.0,0.0,0.0,0.0,1.0,3.5,4.7,1.0,0.0,0.0,0.0,True,False,True,False,False,False,False,False,False,False,True,True,OFFROAD
1429,1,0,0.0,0.0,0.0,1.0,0.029080994,1.0,0.0,0.24612097,0.1,1.0,1.0,0.008587202,0.0,0.0,0.0,0.0,0.0,0.0,0.0,1.0,5.0,5.0,1.0,0.0,0.0,0.0,True,True,False,False,False,False,False,True,True,True,True,True,OVERLAP
1430,39,0,0.0,0.84615386,0.0,1.0,3.7406425,1.0,1.0,22.558617,3.9,0.5,0.0,0.89488035,1.0,0.0,0.0,0.0,0.0,0.0,0.0,1.0,2.7,4.7820516,1.0,0.0,0.0,0.0,True,False,True,False,False,False,False,False,False,False,True,True,OFFROAD
1462,76,0,0.0,0.92105263,0.0,1.0,6.711507,1.0,1.0,29.416214,3.6,0.5,0.0,0.7193211,1.0,0.0,0.0,0.0,0.0,0.0,0.0,1.0,3.9,4.9723682,1.0,0.0,0.0,0.0,True,False,True,False,False,False,False,False,False,False,True,True,OFFROAD
1504,15,0,0.0,0.33333334,0.0,1.0,0.09047192,1.0,0.0,0.0,0.0,1.0,1.0,0.21104118,1.0,0.0,0.0,0.0,0.0,0.0,0.0,1.0,5.0,5.0000005,1.0,0.0,0.0,0.0,True,True,False,False,False,False,False,True,True,True,True,True,OVERLAP
1506,78,0,0.0,0.74358976,0.0,1.0,9.305219,1.0,1.0,132.86072,7.800000000000001,0.0,0.0,0.81099695,1.0,0.0,0.0,0.0,0.0,0.26435852,0.9516907,0.9971423,5.0,5.0,1.0,0.0,0.0,0.0,True,False,True,False,False,False,False,False,False,False,True,True,OFFROAD
1567,26,0,0.0,0.9615385,0.0,1.0,1.0903513,1.0,0.0,54.588955,2.6,1.0,1.0,0.30873618,1.0,0.0,0.0,0.0,0.0,1.7368774,6.2527585,0.5857285,5.0,5.0,1.0,0.0,0.0,0.0,True,True,False,False,False,False,False,True,True,False,True,True,OVERLAP
1639,79,0,0.0,0.79746836,0.0,1.0,19.804237,1.0,1.0,83.79047,7.9,0.0,0.0,0.7232199,1.0,0.0,0.0,0.0,0.0,0.0,0.0,1.0,1.8000001,4.921519,1.0,0.0,0.0,0.0,True,False,True,False,False,False,False,False,False,False,True,True,OFFROAD
1659,41,0,0.0,0.7804878,0.0,1.0,2.9382823,1.0,1.0,10.314956,0.9,1.0,0.0,0.41582587,1.0,0.0,0.0,0.0,0.0,0.0,0.0,1.0,5.0,5.0,1.0,0.0,0.0,0.0,True,False,True,False,False,False,False,True,True,False,True,True,OFFROAD
1693,35,0,0.0,1.0,0.0,1.0,0.2582728,1.0,0.0,0.2544167,3.5,0.5,1.0,1.0,1.0,0.0,0.0,0.0,0.0,0.0,0.0,1.0,0.0,4.857143,0.0,0.0,0.0,0.0,True,True,False,False,False,False,False,False,False,False,True,True,OVERLAP
1724,2,0,0.0,1.0,0.0,1.0,0.0057819244,1.0,0.0,0.169595,0.2,1.0,1.0,0.008631383,0.0,0.0,0.0,0.0,0.0,0.0,0.0,1.0,5.0,5.0,1.0,0.0,0.0,0.0,True,True,False,False,False,False,False,True,True,False,True,True,OVERLAP
1804,27,0,0.0,0.6666667,0.0,1.0,3.0331647,1.0,1.0,58.564644,2.7,1.0,0.0,0.32713762,1.0,0.0,0.0,0.0,0.0,2.2603683,8.137326,0.2515223,5.0,5.0,1.0,0.0,0.0,0.0,True,False,True,False,False,False,False,True,True,False,True,True,OFFROAD
1910,49,0,0.0,0.8163265,0.0,1.0,7.0014396,1.0,1.0,36.64273,3.8,0.5,0.0,0.44032168,1.0,0.0,0.0,0.0,0.0,0.0,0.0,1.0,5.0,5.0,1.0,0.0,0.0,0.0,True,False,True,False,False,False,False,True,True,False,True,True,OFFROAD
1934,35,0,0.0,0.71428573,0.0,1.0,1.8026462,1.0,1.0,29.517971,2.4000000000000004,1.0,0.0,0.40136933,1.0,0.0,0.0,0.0,0.0,0.0,0.0,1.0,5.0,5.0,1.0,0.0,0.0,0.0,True,False,True,False,False,False,False,True,True,False,True,True,OFFROAD
2039,38,0,0.0,1.0,0.0,1.0,1.547324,1.0,1.0,7.6808457,1.8,1.0,0.0,0.5064585,1.0,0.0,0.0,0.0,0.0,0.0,0.0,1.0,5.0,5.0,1.0,0.0,0.0,0.0,True,False,True,False,False,False,False,False,True,False,True,True,OFFROAD
2067,63,0,0.0,1.0,0.0,1.0,2.958849,1.0,1.0,10.373912,4.6000000000000005,0.5,0.0,0.9955303,1.0,0.0,0.0,0.0,0.0,0.0,0.0,1.0,5.0,5.0000005,1.0,0.0,0.0,0.0,True,False,True,False,False,False,False,False,False,False,True,True,OFFROAD
2071,59,0,0.0,0.89830506,0.0,1.0,6.776084,1.0,1.0,10.298017,0.8,1.0,0.0,0.6261451,1.0,0.0,0.0,0.0,0.0,0.0,0.0,1.0,5.0,5.0,1.0,0.0,0.0,0.0,True,False,True,False,False,False,False,False,True,False,True,True,OFFROAD
2112,79,0,0.0,0.77215195,4.404424,0.5,3.3870828,1.0,1.0,45.22455,5.1000000000000005,0.5,0.0,0.9202727,1.0,0.0,0.0,0.0,0.0,0.0,0.0,1.0,4.0,4.898734,1.0,0.0,0.0,0.0,True,False,True,False,False,False,False,False,False,False,True,True,OFFROAD
2133,63,0,0.0,1.0,0.0,1.0,4.3142257,1.0,1.0,21.766705,3.3000000000000003,1.5,0.0,0.6488909,1.0,0.0,0.0,0.0,0.0,0.0,0.0,1.0,2.3,4.4111114,1.0,0.0,0.0,0.0,True,False,True,False,False,False,False,False,True,False,True,True,OFFROAD
2143,48,0,0.0,1.0,0.0,1.0,3.885355,1.0,1.0,24.20508,3.4000000000000004,0.5,0.0,0.9988325,1.0,0.0,0.0,0.0,0.0,0.0,0.0,1.0,5.0,5.0,1.0,0.0,0.0,0.0,True,False,True,False,False,False,False,False,False,False,True,True,OFFROAD
2293,56,0,0.0,0.83928573,0.0,1.0,3.4593768,1.0,1.0,49.118515,5.6000000000000005,0.5,0.0,0.77050775,1.0,0.0,0.0,0.0,0.0,0.0,0.0,1.0,5.0,5.0,1.0,0.0,0.0,0.0,True,False,True,False,False,False,False,False,False,False,True,True,OFFROAD
2296,64,0,0.0,0.890625,4.6694202,0.5,4.7343025,1.0,1.0,45.17697,5.7,0.5,0.0,0.90063,1.0,0.0,0.0,0.0,0.0,0.0,0.0,1.0,5.0,5.0,1.0,0.0,0.0,0.0,True,False,True,False,False,False,False,False,False,False,True,True,OFFROAD
2310,22,0,0.0,1.0,0.0,1.0,0.43830475,1.0,1.0,6.881679,1.9,1.0,0.0,0.30465844,1.0,0.0,0.0,0.0,0.0,0.0,0.0,1.0,4.8,4.9909096,1.0,0.0,0.0,0.0,True,False,True,False,False,False,False,True,True,False,True,True,OFFROAD
2318,62,0,0.0,0.6612903,0.0,1.0,4.6577144,1.0,0.0,79.94927,4.6000000000000005,0.5,1.0,0.706457,1.0,0.0,0.0,0.0,0.0,0.0,0.0,1.0,5.0,5.0,1.0,0.0,0.0,0.0,True,True,False,False,False,False,False,False,False,False,True,True,OVERLAP
2342,43,0,0.0,0.37209302,0.0,1.0,5.600972,1.0,1.0,88.35533,4.3,0.5,0.0,0.49981567,1.0,0.0,0.0,0.0,0.0,1.8922672,6.812162,0.6399634,5.0,5.0,1.0,0.0,0.0,0.0,True,False,True,False,False,False,False,True,True,True,True,True,OFFROAD
2375,47,0,0.0,0.99999994,0.0,1.0,0.7887999,1.0,1.0,3.005151,2.2,1.0,0.0,0.23795368,1.0,0.0,0.0,0.0,0.0,0.0,0.0,1.0,5.0,5.0,1.0,0.0,0.0,0.0,True,False,True,False,False,False,False,True,True,False,True,True,OFFROAD
2411,67,0,0.0,0.86567163,0.0,1.0,4.353914,1.0,1.0,33.929237,5.0,0.5,0.0,1.0,1.0,0.0,0.0,0.0,0.0,0.0,0.0,1.0,5.0,5.0,1.0,0.0,0.0,0.0,True,False,True,False,False,False,False,False,False,False,True,True,OFFROAD
2417,1,0,0.0,0.0,0.0,1.0,0.012796476,1.0,0.0,2.002119,0.1,1.0,1.0,0.0130111,0.0,0.0,0.0,0.0,0.0,0.0,0.0,1.0,5.0,5.0,1.0,0.0,0.0,0.0,True,True,False,False,False,False,False,True,True,True,True,True,OVERLAP
2468,21,0,0.0,1.0,0.0,1.0,1.2464538,1.0,1.0,6.5116196,1.2000000000000002,1.0,0.0,0.38660958,1.0,0.0,0.0,0.0,0.0,0.0,0.0,1.0,5.0,5.0,1.0,0.0,0.0,0.0,True,False,True,False,False,False,False,True,True,False,True,True,OFFROAD
2543,15,0,0.0,0.40000004,5.565922,0.5,1.7141005,1.0,1.0,8.413116,0.8,1.0,0.0,0.18094648,0.0,0.0,0.0,0.0,0.0,0.0,0.0,1.0,5.0,5.0000005,1.0,0.0,0.0,0.0,True,False,True,False,False,False,False,True,True,True,True,True,OFFROAD
2548,19,0,0.0,0.0,0.0,1.0,2.7591372,1.0,1.0,15.982347,1.7000000000000002,1.0,0.0,0.17686847,0.0,0.0,0.0,0.0,0.0,0.0,0.0,1.0,2.7,4.2000003,1.0,0.0,0.0,0.0,True,False,True,False,False,False,False,True,True,True,True,True,OFFROAD
2580,20,0,0.0,1.0,0.0,1.0,0.6952612,1.0,1.0,4.719631,1.1,1.0,0.0,0.20667262,1.0,0.0,0.0,0.0,0.0,0.0,0.0,1.0,4.0,4.5750003,1.0,0.0,0.0,0.0,True,False,True,False,False,False,False,True,True,False,True,True,OFFROAD
2644,40,0,0.0,1.0,0.0,1.0,0.45501375,1.0,0.0,0.9346159,4.0,0.5,1.0,1.0,1.0,0.0,0.0,0.0,0.0,0.0,0.0,1.0,5.0,5.0,1.0,0.0,0.0,0.0,True,True,False,False,False,False,False,False,False,False,True,True,OVERLAP
2680,74,0,0.0,1.0,0.0,1.0,5.3196864,1.0,1.0,70.94656,7.4,0.0,0.0,1.0000001,1.0,0.0,0.0,0.0,0.0,0.0,0.0,1.0,2.9,4.748649,1.0,0.0,0.0,0.0,True,False,True,False,False,False,False,False,False,False,True,True,OFFROAD
2704,65,0,0.0,0.8769231,0.0,1.0,9.44084,1.0,0.0,112.63569,6.300000000000001,0.0,1.0,0.66030264,1.0,0.0,0.0,0.0,0.0,1.5980949,5.7531414,0.92485356,5.0,5.0,1.0,0.0,0.0,0.0,True,True,False,False,False,False,False,False,True,False,True,True,OVERLAP
2706,8,0,0.0,1.0,0.0,1.0,0.082651265,1.0,1.0,0.2300876,0.8,1.0,0.0,1.0,1.0,0.0,0.0,0.0,0.0,0.0,0.0,1.0,5.0,5.0,1.0,0.0,0.0,0.0,True,False,True,False,False,False,False,False,False,False,True,True,OFFROAD
2707,16,0,0.0,1.0,0.0,1.0,1.093706,1.0,1.0,7.681052,1.0,1.0,0.0,0.18713187,0.0,0.0,0.0,0.0,0.0,0.0,0.0,1.0,5.0,5.0,1.0,0.0,0.0,0.0,True,False,True,False,False,False,False,True,True,False,True,True,OFFROAD
2708,68,0,0.0,0.64705884,0.0,1.0,9.07261,1.0,1.0,69.16466,5.5,0.5,0.0,0.69052875,1.0,0.0,0.0,0.0,0.0,0.0,0.0,1.0,5.0,5.0,1.0,0.0,0.0,0.0,True,False,True,False,False,False,False,False,True,False,True,True,OFFROAD
2728,68,0,0.0,0.8235294,0.0,1.0,6.420085,0.0,0.0,1.3221575,0.1,1.0,1.0,0.7494012,1.0,0.0,0.0,0.0,0.0,0.0,0.0,1.0,5.0,5.0,1.0,0.899629,0.91547704,0.0,True,True,False,False,False,False,False,False,False,False,True,True,OVERLAP
2747,7,0,0.0,1.0,0.0,1.0,0.08581365,1.0,1.0,0.23800999,0.7000000000000001,1.0,0.0,1.0,1.0,0.0,0.0,0.0,0.0,0.0,0.0,1.0,5.0,5.0,1.0,0.0,0.0,0.0,True,False,True,False,False,False,False,False,False,False,True,True,OFFROAD
2772,74,0,0.0,1.0,0.0,1.0,0.2152306,0.0,0.0,0.22958744,7.4,0.0,1.0,1.0,1.0,0.0,0.0,0.0,0.0,0.0,0.0,1.0,5.0,5.0,1.0,1.0,0.84210527,0.0,True,True,False,False,False,False,False,False,False,False,True,True,OVERLAP
2861,62,0,0.0,0.9032258,0.0,1.0,10.507794,1.0,0.0,112.62207,6.2,0.0,1.0,0.63771385,1.0,0.0,0.0,0.0,0.0,1.7760887,6.393919,0.94297314,5.0,5.0,1.0,0.0,0.0,0.0,True,True,False,False,False,False,False,False,True,False,True,True,OVERLAP
2915,79,0,0.0,1.0,0.0,1.0,8.045052,1.0,1.0,91.27849,7.9,0.0,0.0,0.8345187,1.0,0.0,0.0,0.0,0.0,0.0,0.0,1.0,3.6000001,4.925317,1.0,0.0,0.0,0.0,True,False,True,False,False,False,False,False,False,False,True,True,OFFROAD
2955,55,0,0.0,0.99999994,0.0,1.0,0.24753454,1.0,0.0,0.21929877,5.5,0.5,1.0,1.0,1.0,0.0,0.0,0.0,0.0,0.0,0.0,1.0,5.0,5.0,1.0,0.0,0.0,0.0,True,True,False,False,False,False,False,False,False,False,True,True,OVERLAP
1679,80,1,0.0,0.2375,2.9740043,0.5,40.83072,1.0,0.0,70.76903,6.5,0.0,0.0,0.22823884,1.0,0.0,0.0,0.0,0.0,2.0236864,7.2852707,0.54007137,5.0,5.0,1.0,0.0,0.0,0.23101719,False,False,False,False,False,False,False,True,True,True,True,False,LOW_PROGRESS
1597,80,1,0.0,0.625,0.0,1.0,74.52917,1.0,0.0,91.4592,8.0,0.0,0.0,0.087117456,0.0,0.0,0.0,0.0,0.0,0.0,0.0,1.0,5.0,5.0,1.0,0.0,0.0,0.24848223,False,False,False,False,False,False,False,True,True,False,True,False,LOW_PROGRESS
2278,80,1,0.0,0.8875,0.0,1.0,2.6097095,0.0,0.0,1.2563255,8.0,0.0,0.0,0.024074385,0.0,0.0,0.0,0.0,0.0,0.0,0.0,1.0,5.0,5.0,1.0,0.0,0.0,0.28310207,False,False,False,False,False,False,False,True,True,False,True,False,LOW_PROGRESS
1565,80,1,0.0,0.90000004,0.0,1.0,13.791185,1.0,0.0,1.1553795,8.0,0.0,0.0,0.034079578,0.0,0.0,0.0,0.0,0.0,0.0,0.0,1.0,2.9,4.95375,1.0,0.0,0.0,0.29385573,False,False,False,False,False,False,False,True,True,False,True,False,LOW_PROGRESS
1635,80,1,0.0,1.0,0.0,1.0,0.4829282,1.0,0.0,0.38366574,8.0,0.0,0.0,0.0,0.0,0.0,0.0,0.0,0.0,0.0,0.0,1.0,5.0,5.0,1.0,0.0,0.0,0.3,False,False,False,False,False,False,False,True,True,False,True,False,LOW_PROGRESS
2167,80,1,0.0,1.0,0.0,1.0,4.187917,1.0,0.0,0.0,0.0,1.0,0.0,0.0,0.0,0.0,0.0,0.0,0.0,0.0,0.0,1.0,5.0,5.0,1.0,0.0,0.0,0.3,False,False,False,False,False,False,False,True,True,False,True,False,LOW_PROGRESS
3022,80,1,0.0,1.0,0.0,1.0,0.16527613,1.0,0.0,0.056007944,8.0,0.0,0.0,0.0,0.0,0.0,0.0,0.0,0.0,0.0,0.0,1.0,5.0,5.0,1.0,0.0,0.0,0.3,False,False,False,False,False,False,False,True,True,False,True,False,LOW_PROGRESS
1513,80,1,0.0,1.0,0.0,1.0,0.6614229,1.0,0.0,0.91549504,8.0,0.0,0.0,0.008785421,0.0,0.0,0.0,0.0,0.0,0.0,0.0,1.0,5.0,5.0,1.0,0.0,0.0,0.3061498,False,False,False,False,False,False,False,True,True,False,True,False,LOW_PROGRESS
705,80,1,0.0,1.0,0.0,1.0,5.919406,1.0,0.0,1.8615516,8.0,0.0,0.0,0.09541425,0.0,0.0,0.0,0.0,0.0,0.0,0.0,1.0,5.0,5.0,1.0,0.0,0.0,0.36678997,False,False,False,False,False,False,False,True,True,False,True,False,LOW_PROGRESS
998,80,1,0.0,1.0,0.0,1.0,0.040121216,1.0,0.0,0.024135564,8.0,0.0,0.0,0.095550634,0.0,0.0,0.0,0.0,0.0,0.0,0.0,1.0,5.0,5.0,1.0,0.0,0.0,0.36688545,False,False,False,False,False,False,False,True,True,False,True,False,LOW_PROGRESS
1663,80,1,0.0,0.8125,0.0,1.0,1.4166664,0.0,0.0,0.7261106,8.0,0.0,0.0,0.20855086,1.0,0.0,0.0,0.0,0.0,0.0,0.0,1.0,5.0,5.0,1.0,0.72923464,0.61409235,0.3897356,False,False,False,False,False,False,False,True,True,False,True,False,LOW_PROGRESS
1778,80,1,0.0,0.8875,0.0,1.0,1.0406065,1.0,0.0,0.818603,8.0,0.0,0.0,0.20840311,1.0,0.0,0.0,0.0,0.0,0.0,0.0,1.0,5.0,5.0,1.0,0.0,0.0,0.41213217,False,False,False,False,False,False,False,True,True,False,True,False,LOW_PROGRESS
1832,80,1,0.0,1.0,0.0,1.0,0.34833327,1.0,0.0,0.0,0.0,1.0,0.0,0.16711047,0.0,0.0,0.0,0.0,0.0,0.0,0.0,1.0,5.0,5.0,1.0,0.0,0.0,0.41697732,False,False,False,False,False,False,False,True,True,False,True,False,LOW_PROGRESS
605,80,1,0.0,1.0,0.0,1.0,0.08513961,1.0,0.0,0.21606457,8.0,0.0,0.0,0.1883693,0.0,0.0,0.0,0.0,0.0,0.0,0.0,1.0,5.0,5.0,1.0,0.0,0.0,0.43185854,False,False,False,False,False,False,False,True,True,False,True,False,LOW_PROGRESS
2711,80,1,0.0,1.0,0.0,1.0,1.0689423,1.0,0.0,0.0,0.0,1.0,0.0,0.20193733,1.0,0.0,0.0,0.0,0.0,0.0,0.0,1.0,5.0,5.0,1.0,0.0,0.0,0.44135615,False,False,False,False,False,False,False,True,True,False,True,False,LOW_PROGRESS
860,80,1,0.0,0.5125,0.0,1.0,93.005424,0.0,0.0,182.54285,8.0,0.0,0.0,0.42438042,1.0,0.0,0.0,0.0,0.0,3.7215347,13.397525,0.0,5.0,5.0,1.0,0.5091814,0.4287843,0.4508163,False,False,False,False,False,False,False,True,True,False,True,False,LOW_PROGRESS
450,80,1,0.0,1.0,0.0,1.0,3.5983624,0.0,0.0,3.4369035,8.0,0.0,0.0,0.22624452,1.0,0.0,0.0,0.0,0.0,0.0,0.0,1.0,5.0,5.0,1.0,0.7582014,0.63848543,0.45837116,False,False,False,False,False,False,False,True,True,False,True,False,LOW_PROGRESS
1328,80,1,0.0,1.0,0.0,1.0,0.67867607,1.0,0.0,0.38081446,8.0,0.0,0.0,0.22935463,1.0,0.0,0.0,0.0,0.0,0.0,0.0,1.0,4.1,4.8612504,1.0,0.0,0.0,0.46054825,False,False,False,False,False,False,False,True,True,False,True,False,LOW_PROGRESS
246,80,1,0.0,1.0,0.0,1.0,0.2721378,1.0,0.0,0.6658751,8.0,0.0,0.0,0.25886935,1.0,0.0,0.0,0.0,0.0,0.0,0.0,1.0,5.0,5.0,1.0,0.0,0.0,0.48120853,False,False,False,False,False,False,False,True,True,False,True,False,LOW_PROGRESS
476,80,1,0.0,0.925,0.0,1.0,1.3347199,1.0,0.0,0.60018283,8.0,0.0,0.0,0.3210347,1.0,0.0,0.0,0.0,0.0,0.0,0.0,1.0,5.0,5.0,1.0,0.0,0.0,0.5022243,False,False,False,False,False,False,False,True,True,False,False,False,LOW_PROGRESS
995,80,1,0.0,1.0,0.0,1.0,0.3185959,0.0,0.0,0.7095791,8.0,0.0,0.0,0.3115731,1.0,0.0,0.0,0.0,0.0,0.0,0.0,1.0,5.0,5.0,1.0,0.7848666,0.6609403,0.51810116,False,False,False,False,False,False,False,True,True,False,False,False,LOW_PROGRESS
956,80,1,0.0,1.0,0.0,1.0,0.48877144,0.0,0.0,1.9404552,8.0,0.0,0.0,0.3757392,1.0,0.0,0.0,0.0,0.0,0.0,0.0,1.0,5.0,5.0,1.0,0.8049185,0.6778261,0.5630175,False,False,False,False,False,False,False,True,True,False,False,False,LOW_PROGRESS
2994,80,1,0.0,1.0,0.0,1.0,0.67768157,0.0,0.0,2.1252098,8.0,0.0,0.0,0.3870004,1.0,0.0,0.0,0.0,0.0,0.0,0.0,1.0,5.0,5.0,1.0,0.80843765,0.6807896,0.5709003,False,False,False,False,False,False,False,True,True,False,False,False,LOW_PROGRESS
1460,80,1,0.0,0.45000002,0.0,1.0,22.848585,1.0,0.0,78.20489,6.1000000000000005,0.0,0.0,0.6443724,1.0,0.0,0.0,0.0,0.0,0.0,0.0,1.0,0.5,4.2000003,0.0,0.0,0.0,0.5860607,False,False,False,False,False,False,False,False,True,True,False,False,LOW_COMFORT
1999,80,1,0.0,0.4625,2.49495,0.5,13.666776,1.0,0.0,65.08118,8.0,0.0,0.0,0.65005565,1.0,0.0,0.0,0.0,0.0,0.0,0.0,1.0,2.4,4.8075004,1.0,0.0,0.0,0.5937889,False,False,False,False,False,False,False,False,True,True,False,False,LOW_COMFORT
1389,80,1,0.0,0.9125,0.0,1.0,2.2985818,1.0,0.0,2.6406858,8.0,0.0,0.0,0.48023254,1.0,0.0,0.0,0.0,0.0,0.0,0.0,1.0,5.0,5.0,1.0,0.0,0.0,0.6099128,False,False,False,False,False,False,False,True,True,False,False,False,LOW_PROGRESS
3032,80,1,0.0,1.0,0.0,1.0,9.449969,1.0,0.0,20.191021,7.9,0.0,0.0,0.4525391,1.0,0.0,0.0,0.0,0.0,0.0,0.0,1.0,5.0,5.0,1.0,0.0,0.0,0.61677736,False,False,False,False,False,False,False,True,True,False,False,False,LOW_PROGRESS
1281,80,1,0.0,1.0,0.0,1.0,5.801712,1.0,0.0,6.967989,4.0,0.5,0.0,0.46992916,1.0,0.0,0.0,0.0,0.0,0.0,0.0,1.0,5.0,5.0,1.0,0.0,0.0,0.6289504,False,False,False,False,False,False,False,True,True,False,False,False,LOW_PROGRESS
910,80,1,0.0,0.3375,1.1902837,1.0,11.864943,1.0,0.0,111.589584,7.2,0.0,0.0,0.7726202,1.0,0.0,0.0,0.0,0.0,0.0,0.0,1.0,1.4,4.81875,1.0,0.0,0.0,0.6420841,False,False,False,False,False,False,False,False,False,True,False,False,LOW_COMFORT
240,80,1,0.0,0.4875,0.0,1.0,13.673839,1.0,0.0,123.07989,8.0,0.0,0.0,0.7614341,1.0,0.0,0.0,0.0,0.0,0.0,0.0,1.0,5.0,5.0,1.0,0.0,0.0,0.6792539,False,False,False,False,False,False,False,False,False,True,False,False,LOW_COMFORT
2568,80,1,0.0,0.4625,0.0,1.0,9.938176,1.0,0.0,124.55841,7.800000000000001,0.0,0.0,0.79630536,1.0,0.0,0.0,0.0,0.0,0.24696732,0.8890823,0.99586964,5.0,5.0,1.0,0.0,0.0,0.6961638,False,False,False,False,False,False,False,False,False,True,False,False,LOW_COMFORT
2663,80,1,0.0,0.3,0.0,1.0,4.558338,1.0,0.0,111.95238,7.800000000000001,0.0,0.0,0.9275196,1.0,0.0,0.0,0.0,0.0,0.0,0.0,1.0,1.8000001,4.5212502,1.0,0.0,0.0,0.7392637,False,False,False,False,False,False,False,False,False,True,False,False,LOW_COMFORT
1180,80,1,0.0,0.25,0.0,1.0,24.584328,1.0,0.0,146.94914,8.0,0.0,0.0,1.0,1.0,0.0,0.0,0.0,0.0,4.550787,16.382833,0.0,5.0,5.0,1.0,0.0,0.0,0.77500004,False,False,False,False,False,False,False,False,False,True,False,False,LOW_COMFORT
2852,80,1,0.0,0.275,0.0,1.0,1.8255554,0.0,0.0,76.392715,8.0,0.0,0.0,1.0,1.0,0.0,0.0,0.0,0.0,0.012479782,0.044927213,0.9998619,5.0,5.0,1.0,0.9093405,0.7657604,0.78249997,False,False,False,False,False,False,False,False,False,True,False,False,LOW_COMFORT
2099,80,1,0.0,0.4125,0.0,1.0,2.5048928,1.0,0.0,90.1631,8.0,0.0,0.0,0.9470686,1.0,0.0,0.0,0.0,0.0,0.0,0.0,1.0,5.0,5.0,1.0,0.0,0.0,0.786698,False,False,False,False,False,False,False,False,False,True,False,False,LOW_COMFORT
353,80,1,0.0,0.3375,0.0,1.0,0.7287529,1.0,0.0,79.937325,7.4,0.0,0.0,0.985777,1.0,0.0,0.0,0.0,0.0,0.0,0.0,1.0,3.7,4.9837503,1.0,0.0,0.0,0.7912939,False,False,False,False,False,False,False,False,False,True,False,False,LOW_COMFORT
3023,80,1,0.0,0.4125,0.0,1.0,3.0725243,1.0,0.0,56.469048,3.1,1.5,0.0,0.9753017,1.0,0.0,0.0,0.0,0.0,0.0,0.0,1.0,5.0,5.0,1.0,0.0,0.0,0.80646116,False,False,False,False,False,False,False,False,False,True,False,False,LOW_COMFORT
2655,80,1,0.0,0.45000002,0.0,1.0,2.3781931,1.0,0.0,90.099625,8.0,0.0,0.0,0.9870375,1.0,0.0,0.0,0.0,0.0,0.0,0.0,1.0,2.1000001,4.60125,1.0,0.0,0.0,0.82592624,False,False,False,False,False,False,False,False,False,True,False,False,LOW_COMFORT
1813,80,1,0.0,0.425,0.0,1.0,28.384932,1.0,0.0,44.55018,3.5,0.5,0.0,1.0,1.0,0.0,0.0,0.0,0.0,3.6820345,13.255323,0.0,5.0,5.0,1.0,0.0,0.0,0.8275,False,False,False,False,False,False,False,False,False,True,False,False,LOW_COMFORT
2804,80,1,0.0,0.475,0.0,1.0,14.206748,1.0,0.0,75.166306,3.1,1.5,0.0,1.0,1.0,0.0,0.0,0.0,0.0,4.746975,17.08911,0.0,4.2000003,4.92875,1.0,0.0,0.0,0.84250003,False,False,False,False,False,False,False,False,False,True,False,False,LOW_COMFORT
