scenario_index,trace_comfort,csv_comfort,abs_error
1,1.0,1.0,0.0
24,0.425,0.4375,0.012500000000000011
29,0.45,0.4125,0.03750000000000003
37,0.625,0.58750004,0.03749996
43,0.55,0.5625,0.012499999999999956
46,0.925,1.0,0.07499999999999996
55,0.925,0.85,0.07500000000000007
71,0.775,0.83750004,0.06250003999999998
93,0.8875,0.8875,0.0
96,0.8875,0.8875,0.0
109,0.8125,0.8875,0.07499999999999996
119,0.725,0.58750004,0.13749995999999998
123,0.2375,0.2375,0.0
131,0.8875,0.8875,0.0
133,0.0,0.0,0.0
142,0.525,0.52500004,3.9999999978945766e-08
145,0.9,0.6875,0.21250000000000002
155,0.975,0.975,0.0
158,0.3,0.7625,0.46249999999999997
162,0.55,0.58750004,0.03750003999999996
167,0.4875,0.4875,0.0
183,0.4583333333333333,0.45000002,0.008333313333333314
211,0.8625,0.825,0.03750000000000009
220,0.575,0.5625,0.012499999999999956
235,0.8125,0.8875,0.07499999999999996
240,0.8875,0.8875,0.0
255,0.8875,0.8875,0.0
267,0.5625,0.5375,0.025000000000000022
279,0.9125,0.9125,0.0
287,0.5375,0.5375,0.0
295,1.0,1.0,0.0
299,0.6875,0.5375,0.15000000000000002
304,0.9,0.975,0.07499999999999996
314,0.7625,0.8625,0.10000000000000009
315,0.7125,0.71250004,3.9999999978945766e-08
344,0.8875,0.8875,0.0
347,0.6125,0.5625,0.050000000000000044
354,0.475,0.5125,0.03749999999999998
365,1.0,1.0,0.0
372,0.5125,0.5625,0.050000000000000044
408,1.0,1.0,0.0
409,1.0,1.0,0.0
415,1.0,1.0,0.0
420,0.575,0.4625,0.11249999999999993
421,0.6,0.6,0.0
450,1.0,1.0,0.0
476,0.925,0.925,0.0
497,0.4375,0.475,0.03749999999999998
505,1.0,1.0,0.0
520,0.5,0.475,0.025000000000000022
522,0.5125,0.5125,0.0
528,1.0,1.0,0.0
533,1.0,1.0,0.0
538,0.55,0.6,0.04999999999999993
545,0.6625,0.6625,0.0
551,0.1,0.0625,0.037500000000000006
558,0.925,0.925,0.0
565,0.8625,0.8625,0.0
568,0.45,0.425,0.025000000000000022
569,0.55,0.4,0.15000000000000002
582,0.7,0.58750004,0.11249995999999995
631,0.8375,0.83750004,3.9999999978945766e-08
646,1.0,1.0,0.0
650,1.0,1.0,0.0
665,0.925,0.925,0.0
691,0.525,0.575,0.04999999999999993
694,0.9125,0.9125,0.0
705,1.0,1.0,0.0
719,0.675,0.6625,0.012500000000000067
769,0.7,0.71250004,0.012500040000000046
774,0.75,0.675,0.07499999999999996
782,0.4875,0.4875,0.0
797,0.925,0.925,0.0
801,0.925,0.925,0.0
808,0.8875,0.8875,0.0
813,0.8875,1.0,0.11250000000000004
828,1.0,1.0,0.0
832,0.8875,0.8875,0.0
838,0.7,0.7,0.0
842,1.0,1.0,0.0
845,0.5125,0.6625,0.15000000000000002
851,0.935064935064935,0.9350649,3.5064935066664304e-08
852,1.0,1.0,0.0
853,0.8875,0.8875,0.0
858,0.8875,0.8875,0.0
860,0.8375,0.83750004,3.9999999978945766e-08
865,0.425,0.3375,0.08749999999999997
877,0.7125,0.6625,0.050000000000000044
882,1.0,1.0,0.0
892,0.45,0.45000002,1.9999999989472883e-08
898,0.5625,0.4875,0.07500000000000001
916,1.0,1.0,0.0
929,1.0,1.0,0.0
940,1.0,1.0,0.0
947,0.7125,0.6,0.11250000000000004
964,0.6625,0.6,0.0625
980,0.475,0.475,0.0
1000,0.7125,0.575,0.13750000000000007
1002,0.175,0.35,0.175
1014,0.8625,0.85,0.012500000000000067
1032,0.8875,0.8875,0.0
1039,1.0,1.0,0.0
1046,0.225,0.3625,0.13749999999999998
1070,0.5625,0.5625,0.0
1080,0.5375,0.6375,0.09999999999999998
1083,0.5125,0.575,0.0625
1084,0.925,1.0,0.07499999999999996
1095,0.85,0.83750004,0.012499959999999977
1120,0.65,0.625,0.025000000000000022
1121,0.5375,0.55,0.012500000000000067
1139,0.5625,0.52500004,0.03749996
1175,0.6375,0.5625,0.07499999999999996
1180,0.35,0.35,0.0
1188,0.6625,0.6625,0.0
1189,0.8,0.8,0.0
1211,0.8125,0.8125,0.0
1224,0.5125,0.58750004,0.07500004000000005
1271,0.4807692307692308,0.48076925,1.923076919929656e-08
1274,0.75,0.55,0.19999999999999996
1280,0.8375,1.0,0.16249999999999998
1281,1.0,1.0,0.0
1294,0.7619047619047619,0.7619048,3.8095238186208746e-08
1312,0.9125,0.9125,0.0
1313,0.8875,0.8875,0.0
1320,0.3875,0.375,0.012500000000000011
1326,0.725,0.725,0.0
1328,1.0,1.0,0.0
1349,0.85,0.8125,0.03749999999999998
1367,0.525,0.475,0.050000000000000044
1370,0.925,0.925,0.0
1389,0.4,0.4,0.0
1397,1.0,1.0,0.0
1411,0.4875,0.5375,0.04999999999999999
1424,0.0,0.0,0.0
1428,0.925,0.925,0.0
1435,0.925,0.925,0.0
1445,0.7625,0.8875,0.125
1448,0.8125,0.8125,0.0
1476,0.5,0.575,0.07499999999999996
1477,0.1375,0.25,0.11249999999999999
1503,0.8875,0.8875,0.0
1513,1.0,1.0,0.0
1517,0.4125,0.4875,0.07500000000000001
1518,0.875,0.875,0.0
1528,0.525,0.45000002,0.07499998000000002
1535,1.0,1.0,0.0
1544,1.0,1.0,0.0
1557,0.925,0.925,0.0
1564,0.9625,1.0,0.03749999999999998
1565,1.0,1.0,0.0
1577,1.0,1.0,0.0
1580,0.95,0.95,0.0
1588,0.8625,0.8625,0.0
1606,1.0,1.0,0.0
1610,0.4125,0.4375,0.025000000000000022
1612,0.4625,0.4125,0.050000000000000044
1617,1.0,1.0,0.0
1620,0.7375,0.675,0.0625
1621,0.45,0.4375,0.012500000000000011
1635,0.8625,0.8625,0.0
1659,0.8875,0.8875,0.0
1663,0.8875,0.8125,0.07499999999999996
1669,1.0,0.9016393,0.09836069999999997
1679,0.425,0.375,0.04999999999999999
1680,0.85,0.85,0.0
1715,0.5125,0.575,0.0625
1718,1.0,1.0,0.0
1733,1.0,1.0,0.0
1747,0.8875,0.8875,0.0
1756,0.5625,0.4875,0.07500000000000001
1778,0.8875,0.8875,0.0
1781,0.5,0.5,0.0
1784,0.875,0.875,0.0
1800,0.825,0.825,0.0
1801,0.7125,0.71250004,3.9999999978945766e-08
1804,0.525,0.575,0.04999999999999993
1813,0.5,0.5,0.0
1826,1.0,1.0,0.0
1827,0.8875,0.8875,0.0
1884,0.7,0.675,0.02499999999999991
1900,1.0,1.0,0.0
1903,0.8875,0.8875,0.0
1910,0.925,0.925,0.0
1912,0.55,0.55,0.0
1921,0.8375,0.9125,0.07499999999999996
1934,0.9,0.90000004,3.9999999978945766e-08
1941,0.725,0.6625,0.0625
1944,0.85,0.85,0.0
1968,0.64,0.65333337,0.013333370000000011
1975,0.7,0.5125,0.1875
1977,0.875,0.875,0.0
1999,0.5125,0.75,0.23750000000000004
2016,0.0,0.0,0.0
2027,0.8875,0.8875,0.0
2052,0.675,0.5,0.17500000000000004
2058,0.4375,0.4375,0.0
2064,0.925,0.925,0.0
2067,0.925,0.925,0.0
2070,0.325,0.32500002,1.9999999989472883e-08
2094,0.6625,0.5625,0.09999999999999998
2104,0.5,0.5125,0.012499999999999956
2105,0.675,0.675,0.0
2135,0.4875,0.58750004,0.10000004000000001
2162,0.2875,0.2375,0.04999999999999999
2174,0.8125,0.8125,0.0
2228,1.0,1.0,0.0
2241,0.65,0.65000004,3.9999999978945766e-08
2253,0.55,0.4,0.15000000000000002
2267,1.0,1.0,0.0
2271,0.925,0.925,0.0
2276,0.7375,0.675,0.0625
2278,0.8875,0.8875,0.0
2279,0.525,0.52500004,3.9999999978945766e-08
2286,0.5875,0.6,0.012499999999999956
2293,0.9154929577464789,0.91549295,7.746478902781462e-09
2299,0.0,0.0,0.0
2301,0.625,0.625,0.0
2309,0.475,0.425,0.04999999999999999
2310,0.925,0.925,0.0
2312,0.8875,0.8875,0.0
2315,1.0,1.0,0.0
2318,0.8125,0.7875,0.025000000000000022
2322,0.4625,0.475,0.012499999999999956
2342,0.4,0.5375,0.13749999999999996
2346,0.55,0.5625,0.012499999999999956
2350,0.9,0.90000004,3.9999999978945766e-08
2352,1.0,1.0,0.0
2359,0.925,0.8875,0.03750000000000009
2370,0.925,1.0,0.07499999999999996
2375,1.0,1.0,0.0
2377,0.8875,0.8875,0.0
2388,0.575,0.575,0.0
2390,0.5375,0.475,0.0625
2404,1.0,1.0,0.0
2406,0.55,0.4625,0.08750000000000002
2417,0.925,0.9125,0.012500000000000067
2473,0.3,0.3125,0.012500000000000011
2479,0.55,0.58750004,0.03750003999999996
2502,0.925,1.0,0.07499999999999996
2508,1.0,1.0,0.0
2533,1.0,1.0,0.0
2557,0.6875,0.6375,0.050000000000000044
2568,0.8125,0.8875,0.07499999999999996
2580,0.9,0.90000004,3.9999999978945766e-08
2583,0.5625,0.5625,0.0
2588,0.8875,0.8875,0.0
2598,0.8875,0.8875,0.0
2601,0.925,1.0,0.07499999999999996
2609,1.0,1.0,0.0
2621,0.3875,0.3375,0.04999999999999999
2646,0.575,0.58750004,0.012500040000000046
2654,1.0,1.0,0.0
2658,0.7875,0.8125,0.025000000000000022
2673,0.8846153846153846,0.8846154,1.538461547045955e-08
2681,0.8875,0.8875,0.0
2682,0.3875,0.4875,0.09999999999999998
2689,0.2625,0.22500001,0.03749999000000001
2692,0.875,0.875,0.0
2697,1.0,1.0,0.0
2699,0.35,0.3375,0.012499999999999956
2700,0.0,0.0,0.0
2704,0.45,0.5375,0.08749999999999997
2706,0.0,0.0,0.0
2708,0.8875,0.8875,0.0
2718,0.725,0.7625,0.03749999999999998
2729,0.8875,0.8875,0.0
2730,0.8125,0.8875,0.07499999999999996
2747,0.0,0.0,0.0
2752,0.7375,0.5375,0.20000000000000007
2762,0.575,0.625,0.050000000000000044
2785,0.725,0.58750004,0.13749995999999998
2791,0.0,0.0,0.0
2795,0.7375,0.575,0.1625000000000001
2799,0.9125,0.9125,0.0
2805,0.6375,0.6,0.03749999999999998
2823,1.0,1.0,0.0
2847,0.6875,0.7,0.012499999999999956
2848,1.0,1.0,0.0
2857,0.8875,0.8875,0.0
2860,1.0,1.0,0.0
2861,0.6,0.5125,0.08750000000000002
2864,0.1,0.0875,0.012500000000000011
2882,0.875,0.875,0.0
2891,0.4875,0.4875,0.0
2895,0.6125,0.575,0.03750000000000009
2902,0.2125,0.16250001,0.049999989999999994
2907,0.4625,0.5,0.03749999999999998
2908,0.6125,0.5375,0.07500000000000007
2911,0.575,0.575,0.0
2913,0.0,0.0,0.0
2922,0.9125,0.9125,0.0
2923,0.6125,0.55,0.0625
2938,0.6666666666666666,0.6666667,3.333333331578814e-08
2947,0.75,0.75,0.0
2975,0.925,0.925,0.0
2977,0.6375,0.6375,0.0
3001,0.696969696969697,0.69696975,5.30303030377155e-08
3018,0.5,0.52500004,0.02500004
3025,0.9166666666666666,0.9166667,3.333333331578814e-08
3035,0.0,0.0,0.0
3037,0.425,0.425,0.0
3039,0.1375,0.1375,0.0
3040,0.925,1.0,0.07499999999999996
3042,0.875,0.875,0.0
3066,0.75,0.4375,0.3125
