scenario_index,PrimaryClass
0,PASS
1,PASS
2,PASS
3,PASS
4,PASS
5,PASS
6,PASS
7,PASS
8,PASS
9,PASS
10,PASS
11,PASS
12,PASS
13,OVERLAP+AT_FAULT
14,PASS
15,PASS
16,PASS
17,PASS
18,PASS
19,PASS
20,PASS
21,PASS
22,PASS
23,PASS
24,OVERLAP+AT_FAULT
25,PASS
26,PASS
27,PASS
28,PASS
29,PASS
30,PASS
31,OVERLAP+AT_FAULT
32,PASS
33,PASS
34,PASS
35,PASS
36,PASS
37,PASS
38,PASS
39,PASS
40,PASS
41,PASS
42,PASS
43,PASS
44,PASS
45,PASS
46,PASS
47,PASS
48,PASS
49,PASS
50,PASS
51,PASS
52,PASS
53,PASS
54,PASS
55,PASS
56,PASS
57,PASS
58,PASS
59,PASS
60,PASS
61,PASS
62,PASS
63,PASS
64,PASS
65,PASS
66,PASS
67,PASS
68,PASS
69,PASS
70,PASS
71,PASS
72,PASS
73,PASS
74,OVERLAP+AT_FAULT
75,PASS
76,PASS
77,PASS
78,PASS
79,PASS
80,PASS
81,PASS
82,PASS
83,PASS
84,PASS
85,PASS
86,PASS
87,PASS
88,PASS
89,PASS
90,PASS
91,PASS
92,PASS
93,OFFROAD
94,PASS
95,PASS
96,PASS
97,PASS
98,PASS
99,PASS
100,PASS
101,PASS
102,PASS
103,PASS
104,PASS
105,PASS
106,PASS
107,PASS
108,PASS
109,PASS
110,PASS
111,PASS
112,OVERLAP+AT_FAULT
113,PASS
114,PASS
115,PASS
116,PASS
117,PASS
118,PASS
119,PASS
120,PASS
121,PASS
122,PASS
123,PASS
124,PASS
125,PASS
126,PASS
127,PASS
128,PASS
129,PASS
130,PASS
131,LOW_PROGRESS
132,PASS
133,OVERLAP+AT_FAULT
134,PASS
135,PASS
136,PASS
137,PASS
138,PASS
139,PASS
140,OVERLAP+AT_FAULT
141,PASS
142,PASS
143,PASS
144,PASS
145,PASS
146,PASS
147,PASS
148,PASS
149,PASS
150,PASS
151,PASS
152,PASS
153,PASS
154,PASS
155,PASS
156,PASS
157,PASS
158,OVERLAP+AT_FAULT
159,PASS
160,PASS
161,PASS
162,PASS
163,PASS
164,PASS
165,PASS
166,PASS
167,PASS
168,PASS
169,PASS
170,PASS
171,PASS
172,PASS
173,PASS
174,PASS
175,PASS
176,PASS
177,PASS
178,PASS
179,PASS
180,PASS
181,PASS
182,PASS
183,PASS
184,PASS
185,PASS
186,PASS
187,PASS
188,PASS
189,PASS
190,PASS
191,PASS
192,PASS
193,PASS
194,PASS
195,PASS
196,PASS
197,PASS
198,PASS
199,PASS
200,PASS
201,PASS
202,PASS
203,PASS
204,PASS
205,PASS
206,PASS
207,PASS
208,PASS
209,PASS
210,PASS
211,PASS
212,PASS
213,PASS
214,PASS
215,PASS
216,PASS
217,PASS
218,PASS
219,PASS
220,PASS
221,PASS
222,PASS
223,PASS
224,PASS
225,PASS
226,PASS
227,PASS
228,PASS
229,PASS
230,PASS
231,OVERLAP+AT_FAULT
232,PASS
233,PASS
234,PASS
235,PASS
236,PASS
237,PASS
238,PASS
239,PASS
240,PASS
241,PASS
242,PASS
243,PASS
244,PASS
245,OVERLAP+AT_FAULT
246,PASS
247,PASS
248,PASS
249,PASS
250,PASS
251,PASS
252,PASS
253,PASS
254,PASS
255,PASS
256,PASS
257,PASS
258,PASS
259,PASS
260,PASS
261,PASS
262,PASS
263,PASS
264,PASS
265,PASS
266,PASS
267,PASS
268,PASS
269,PASS
270,PASS
271,PASS
272,PASS
273,PASS
274,PASS
275,PASS
276,PASS
277,PASS
278,PASS
279,PASS
280,PASS
281,PASS
282,PASS
283,PASS
284,PASS
285,PASS
286,PASS
287,PASS
288,PASS
289,PASS
290,PASS
291,PASS
292,PASS
293,PASS
294,PASS
295,PASS
296,PASS
297,PASS
298,PASS
299,PASS
300,PASS
301,PASS
302,PASS
303,PASS
304,OVERLAP+AT_FAULT
305,PASS
306,PASS
307,PASS
308,PASS
309,PASS
310,PASS
311,PASS
312,PASS
313,OVERLAP+AT_FAULT
314,PASS
315,PASS
316,PASS
317,PASS
318,PASS
319,OVERLAP+AT_FAULT
320,PASS
321,PASS
322,PASS
323,PASS
324,PASS
325,PASS
326,PASS
327,PASS
328,PASS
329,PASS
330,PASS
331,PASS
332,PASS
333,PASS
334,PASS
335,PASS
336,PASS
337,PASS
338,PASS
339,PASS
340,PASS
341,PASS
342,PASS
343,PASS
344,LOW_PROGRESS
345,PASS
346,PASS
347,PASS
348,PASS
349,PASS
350,PASS
351,PASS
352,PASS
353,PASS
354,PASS
355,PASS
356,PASS
357,PASS
358,PASS
359,OVERLAP+AT_FAULT
360,PASS
361,PASS
362,PASS
363,PASS
364,PASS
365,PASS
366,PASS
367,PASS
368,PASS
369,OVERLAP+AT_FAULT
370,PASS
371,PASS
372,PASS
373,PASS
374,PASS
375,OVERLAP+AT_FAULT
376,PASS
377,PASS
378,PASS
379,PASS
380,PASS
381,PASS
382,PASS
383,PASS
384,PASS
385,PASS
386,PASS
387,OVERLAP
388,PASS
389,PASS
390,PASS
391,PASS
392,PASS
393,PASS
394,PASS
395,PASS
396,PASS
397,PASS
398,PASS
399,PASS
400,PASS
401,PASS
402,PASS
403,PASS
404,PASS
405,PASS
406,PASS
407,PASS
408,PASS
409,LOW_PROGRESS
410,PASS
411,PASS
412,PASS
413,PASS
414,PASS
415,PASS
416,PASS
417,PASS
418,PASS
419,PASS
420,PASS
421,PASS
422,PASS
423,PASS
424,PASS
425,PASS
426,PASS
427,PASS
428,PASS
429,PASS
430,PASS
431,PASS
432,PASS
433,PASS
434,PASS
435,PASS
436,PASS
437,PASS
438,PASS
439,PASS
440,PASS
441,PASS
442,PASS
443,PASS
444,PASS
445,PASS
446,PASS
447,PASS
448,PASS
449,PASS
450,LOW_PROGRESS
451,OVERLAP+AT_FAULT
452,PASS
453,PASS
454,PASS
455,PASS
456,PASS
457,PASS
458,PASS
459,PASS
460,PASS
461,PASS
462,PASS
463,PASS
464,PASS
465,PASS
466,PASS
467,PASS
468,PASS
469,PASS
470,PASS
471,PASS
472,PASS
473,PASS
474,PASS
475,PASS
476,LOW_PROGRESS
477,PASS
478,PASS
479,PASS
480,PASS
481,PASS
482,PASS
483,PASS
484,PASS
485,PASS
486,PASS
487,PASS
488,PASS
489,PASS
490,PASS
491,PASS
492,PASS
493,PASS
494,PASS
495,PASS
496,PASS
497,PASS
498,PASS
499,PASS
500,PASS
501,PASS
502,PASS
503,PASS
504,PASS
505,PASS
506,PASS
507,PASS
508,PASS
509,PASS
510,OFFROAD
511,PASS
512,PASS
513,PASS
514,PASS
515,PASS
516,PASS
517,PASS
518,PASS
519,PASS
520,LOW_COMFORT
521,PASS
522,PASS
523,PASS
524,PASS
525,PASS
526,PASS
527,PASS
528,OVERLAP+AT_FAULT
529,PASS
530,PASS
531,PASS
532,PASS
533,PASS
534,PASS
535,PASS
536,PASS
537,PASS
538,PASS
539,PASS
540,PASS
541,PASS
542,PASS
543,PASS
544,PASS
545,PASS
546,PASS
547,PASS
548,PASS
549,PASS
550,PASS
551,PASS
552,PASS
553,PASS
554,OVERLAP+AT_FAULT
555,PASS
556,PASS
557,PASS
558,PASS
559,PASS
560,PASS
561,PASS
562,PASS
563,LOW_PROGRESS
564,PASS
565,PASS
566,PASS
567,PASS
568,PASS
569,PASS
570,PASS
571,PASS
572,PASS
573,PASS
574,PASS
575,PASS
576,PASS
577,PASS
578,OVERLAP+AT_FAULT
579,PASS
580,PASS
581,PASS
582,PASS
583,PASS
584,PASS
585,OVERLAP+AT_FAULT
586,PASS
587,PASS
588,PASS
589,PASS
590,PASS
591,PASS
592,PASS
593,PASS
594,PASS
595,PASS
596,PASS
597,OVERLAP
598,PASS
599,PASS
600,PASS
601,PASS
602,PASS
603,PASS
604,PASS
605,PASS
606,PASS
607,PASS
608,PASS
609,PASS
610,PASS
611,PASS
612,PASS
613,PASS
614,OVERLAP+AT_FAULT
615,PASS
616,PASS
617,PASS
618,PASS
619,PASS
620,PASS
621,PASS
622,PASS
623,PASS
624,PASS
625,PASS
626,PASS
627,PASS
628,PASS
629,PASS
630,PASS
631,PASS
632,PASS
633,PASS
634,PASS
635,PASS
636,PASS
637,PASS
638,PASS
639,PASS
640,PASS
641,PASS
642,PASS
643,OVERLAP+AT_FAULT
644,OVERLAP+AT_FAULT
645,PASS
646,PASS
647,PASS
648,PASS
649,PASS
650,PASS
651,PASS
652,PASS
653,PASS
654,OVERLAP+AT_FAULT
655,PASS
656,PASS
657,PASS
658,PASS
659,PASS
660,PASS
661,PASS
662,PASS
663,PASS
664,PASS
665,PASS
666,PASS
667,PASS
668,PASS
669,PASS
670,PASS
671,PASS
672,PASS
673,PASS
674,PASS
675,PASS
676,PASS
677,PASS
678,PASS
679,PASS
680,PASS
681,PASS
682,PASS
683,PASS
684,PASS
685,PASS
686,PASS
687,PASS
688,PASS
689,PASS
690,PASS
691,PASS
692,PASS
693,PASS
694,OFFROAD
695,PASS
696,PASS
697,PASS
698,PASS
699,PASS
700,PASS
701,PASS
702,PASS
703,PASS
704,OVERLAP+AT_FAULT
705,LOW_PROGRESS
706,PASS
707,PASS
708,PASS
709,PASS
710,PASS
711,PASS
712,PASS
713,PASS
714,PASS
715,PASS
716,PASS
717,PASS
718,PASS
719,PASS
720,PASS
721,PASS
722,PASS
723,PASS
724,PASS
725,PASS
726,PASS
727,PASS
728,PASS
729,PASS
730,PASS
731,PASS
732,PASS
733,PASS
734,PASS
735,PASS
736,PASS
737,PASS
738,PASS
739,PASS
740,PASS
741,PASS
742,PASS
743,PASS
744,PASS
745,PASS
746,PASS
747,OVERLAP+AT_FAULT
748,PASS
749,PASS
750,PASS
751,PASS
752,PASS
753,PASS
754,PASS
755,PASS
756,PASS
757,PASS
758,PASS
759,PASS
760,PASS
761,PASS
762,PASS
763,PASS
764,PASS
765,PASS
766,PASS
767,PASS
768,OVERLAP+AT_FAULT
769,PASS
770,PASS
771,PASS
772,PASS
773,PASS
774,PASS
775,PASS
776,PASS
777,PASS
778,PASS
779,PASS
780,PASS
781,OVERLAP+AT_FAULT
782,PASS
783,PASS
784,PASS
785,PASS
786,PASS
787,PASS
788,PASS
789,PASS
790,PASS
791,PASS
792,PASS
793,PASS
794,PASS
795,PASS
796,PASS
797,PASS
798,PASS
799,PASS
800,PASS
801,PASS
802,PASS
803,PASS
804,PASS
805,PASS
806,PASS
807,PASS
808,LOW_PROGRESS
809,PASS
810,PASS
811,PASS
812,PASS
813,PASS
814,PASS
815,PASS
816,PASS
817,PASS
818,PASS
819,PASS
820,PASS
821,PASS
822,PASS
823,PASS
824,PASS
825,PASS
826,PASS
827,PASS
828,PASS
829,PASS
830,PASS
831,PASS
832,PASS
833,PASS
834,PASS
835,PASS
836,PASS
837,PASS
838,PASS
839,PASS
840,PASS
841,PASS
842,PASS
843,PASS
844,PASS
845,PASS
846,PASS
847,PASS
848,PASS
849,PASS
850,PASS
851,PASS
852,PASS
853,PASS
854,PASS
855,PASS
856,PASS
857,PASS
858,PASS
859,PASS
860,PASS
861,PASS
862,PASS
863,PASS
864,PASS
865,LOW_COMFORT
866,PASS
867,PASS
868,PASS
869,PASS
870,PASS
871,PASS
872,PASS
873,PASS
874,PASS
875,PASS
876,PASS
877,PASS
878,PASS
879,PASS
880,PASS
881,PASS
882,PASS
883,PASS
884,PASS
885,PASS
886,PASS
887,OVERLAP+AT_FAULT
888,PASS
889,PASS
890,PASS
891,PASS
892,PASS
893,PASS
894,PASS
895,PASS
896,PASS
897,PASS
898,PASS
899,PASS
900,PASS
901,PASS
902,PASS
903,PASS
904,PASS
905,PASS
906,PASS
907,PASS
908,PASS
909,PASS
910,LOW_COMFORT
911,OVERLAP+AT_FAULT
912,PASS
913,PASS
914,PASS
915,PASS
916,OVERLAP+AT_FAULT
917,PASS
918,PASS
919,PASS
920,PASS
921,PASS
922,PASS
923,PASS
924,PASS
925,PASS
926,PASS
927,PASS
928,PASS
929,OVERLAP
930,PASS
931,PASS
932,PASS
933,PASS
934,PASS
935,PASS
936,PASS
937,PASS
938,PASS
939,PASS
940,PASS
941,PASS
942,PASS
943,PASS
944,PASS
945,PASS
946,PASS
947,PASS
948,PASS
949,PASS
950,PASS
951,PASS
952,PASS
953,PASS
954,PASS
955,PASS
956,PASS
957,PASS
958,PASS
959,PASS
960,PASS
961,PASS
962,PASS
963,PASS
964,PASS
965,PASS
966,PASS
967,PASS
968,PASS
969,PASS
970,PASS
971,PASS
972,PASS
973,PASS
974,PASS
975,PASS
976,OFFROAD
977,PASS
978,PASS
979,PASS
980,PASS
981,PASS
982,PASS
983,PASS
984,PASS
985,PASS
986,PASS
987,PASS
988,PASS
989,PASS
990,PASS
991,PASS
992,PASS
993,PASS
994,PASS
995,PASS
996,PASS
997,PASS
998,PASS
999,PASS
1000,PASS
1001,PASS
1002,PASS
1003,PASS
1004,PASS
1005,PASS
1006,PASS
1007,PASS
1008,PASS
1009,PASS
1010,PASS
1011,PASS
1012,PASS
1013,PASS
1014,PASS
1015,PASS
1016,PASS
1017,PASS
1018,PASS
1019,PASS
1020,PASS
1021,PASS
1022,PASS
1023,PASS
1024,PASS
1025,PASS
1026,PASS
1027,PASS
1028,PASS
1029,PASS
1030,PASS
1031,PASS
1032,PASS
1033,PASS
1034,PASS
1035,PASS
1036,PASS
1037,PASS
1038,PASS
1039,PASS
1040,PASS
1041,PASS
1042,PASS
1043,PASS
1044,OVERLAP+AT_FAULT
1045,PASS
1046,PASS
1047,PASS
1048,PASS
1049,PASS
1050,PASS
1051,PASS
1052,PASS
1053,PASS
1054,PASS
1055,PASS
1056,PASS
1057,PASS
1058,PASS
1059,PASS
1060,PASS
1061,PASS
1062,PASS
1063,OVERLAP+AT_FAULT
1064,PASS
1065,PASS
1066,PASS
1067,PASS
1068,PASS
1069,PASS
1070,PASS
1071,PASS
1072,PASS
1073,PASS
1074,PASS
1075,PASS
1076,PASS
1077,PASS
1078,PASS
1079,PASS
1080,PASS
1081,PASS
1082,PASS
1083,PASS
1084,PASS
1085,PASS
1086,PASS
1087,PASS
1088,PASS
1089,PASS
1090,PASS
1091,PASS
1092,PASS
1093,PASS
1094,PASS
1095,PASS
1096,PASS
1097,PASS
1098,PASS
1099,PASS
1100,PASS
1101,PASS
1102,PASS
1103,PASS
1104,PASS
1105,PASS
1106,PASS
1107,PASS
1108,PASS
1109,PASS
1110,PASS
1111,PASS
1112,PASS
1113,PASS
1114,PASS
1115,PASS
1116,PASS
1117,PASS
1118,OVERLAP+AT_FAULT
1119,PASS
1120,PASS
1121,PASS
1122,PASS
1123,PASS
1124,PASS
1125,PASS
1126,PASS
1127,PASS
1128,PASS
1129,PASS
1130,PASS
1131,PASS
1132,PASS
1133,PASS
1134,PASS
1135,PASS
1136,PASS
1137,PASS
1138,PASS
1139,PASS
1140,PASS
1141,PASS
1142,PASS
1143,OVERLAP+AT_FAULT
1144,PASS
1145,PASS
1146,PASS
1147,PASS
1148,PASS
1149,PASS
1150,OVERLAP+AT_FAULT
1151,PASS
1152,PASS
1153,PASS
1154,PASS
1155,PASS
1156,PASS
1157,PASS
1158,PASS
1159,PASS
1160,PASS
1161,PASS
1162,PASS
1163,PASS
1164,PASS
1165,PASS
1166,PASS
1167,PASS
1168,PASS
1169,PASS
1170,PASS
1171,PASS
1172,PASS
1173,PASS
1174,PASS
1175,PASS
1176,PASS
1177,PASS
1178,PASS
1179,PASS
1180,PASS
1181,PASS
1182,PASS
1183,PASS
1184,PASS
1185,PASS
1186,PASS
1187,PASS
1188,PASS
1189,PASS
1190,PASS
1191,PASS
1192,PASS
1193,PASS
1194,PASS
1195,PASS
1196,PASS
1197,PASS
1198,PASS
1199,PASS
1200,PASS
1201,PASS
1202,PASS
1203,PASS
1204,PASS
1205,PASS
1206,PASS
1207,PASS
1208,PASS
1209,PASS
1210,PASS
1211,PASS
1212,PASS
1213,PASS
1214,PASS
1215,PASS
1216,PASS
1217,PASS
1218,PASS
1219,PASS
1220,PASS
1221,PASS
1222,PASS
1223,PASS
1224,PASS
1225,PASS
1226,PASS
1227,PASS
1228,PASS
1229,PASS
1230,PASS
1231,PASS
1232,PASS
1233,PASS
1234,PASS
1235,PASS
1236,PASS
1237,PASS
1238,PASS
1239,PASS
1240,PASS
1241,PASS
1242,PASS
1243,PASS
1244,PASS
1245,PASS
1246,PASS
1247,PASS
1248,PASS
1249,PASS
1250,PASS
1251,PASS
1252,PASS
1253,PASS
1254,PASS
1255,PASS
1256,PASS
1257,PASS
1258,PASS
1259,PASS
1260,PASS
1261,PASS
1262,PASS
1263,PASS
1264,PASS
1265,PASS
1266,PASS
1267,PASS
1268,PASS
1269,PASS
1270,PASS
1271,PASS
1272,OVERLAP+AT_FAULT
1273,PASS
1274,PASS
1275,PASS
1276,PASS
1277,PASS
1278,PASS
1279,PASS
1280,PASS
1281,PASS
1282,PASS
1283,PASS
1284,PASS
1285,PASS
1286,PASS
1287,PASS
1288,PASS
1289,PASS
1290,PASS
1291,PASS
1292,PASS
1293,PASS
1294,PASS
1295,PASS
1296,PASS
1297,PASS
1298,PASS
1299,PASS
1300,PASS
1301,PASS
1302,PASS
1303,PASS
1304,PASS
1305,PASS
1306,PASS
1307,PASS
1308,PASS
1309,PASS
1310,PASS
1311,PASS
1312,PASS
1313,PASS
1314,PASS
1315,PASS
1316,PASS
1317,PASS
1318,PASS
1319,PASS
1320,PASS
1321,PASS
1322,PASS
1323,PASS
1324,PASS
1325,PASS
1326,OVERLAP+AT_FAULT
1327,OVERLAP
1328,PASS
1329,PASS
1330,PASS
1331,PASS
1332,PASS
1333,PASS
1334,PASS
1335,PASS
1336,PASS
1337,PASS
1338,PASS
1339,PASS
1340,PASS
1341,PASS
1342,PASS
1343,PASS
1344,PASS
1345,PASS
1346,PASS
1347,PASS
1348,PASS
1349,PASS
1350,PASS
1351,PASS
1352,PASS
1353,PASS
1354,PASS
1355,PASS
1356,PASS
1357,PASS
1358,PASS
1359,PASS
1360,PASS
1361,PASS
1362,PASS
1363,PASS
1364,PASS
1365,OVERLAP+AT_FAULT
1366,PASS
1367,PASS
1368,PASS
1369,PASS
1370,PASS
1371,PASS
1372,PASS
1373,PASS
1374,PASS
1375,PASS
1376,PASS
1377,PASS
1378,OVERLAP+AT_FAULT
1379,PASS
1380,PASS
1381,PASS
1382,PASS
1383,PASS
1384,PASS
1385,PASS
1386,PASS
1387,PASS
1388,PASS
1389,PASS
1390,PASS
1391,PASS
1392,PASS
1393,PASS
1394,PASS
1395,PASS
1396,PASS
1397,PASS
1398,PASS
1399,PASS
1400,PASS
1401,PASS
1402,OVERLAP+AT_FAULT
1403,PASS
1404,PASS
1405,PASS
1406,PASS
1407,PASS
1408,PASS
1409,PASS
1410,PASS
1411,PASS
1412,PASS
1413,PASS
1414,PASS
1415,PASS
1416,PASS
1417,PASS
1418,PASS
1419,PASS
1420,PASS
1421,OVERLAP+AT_FAULT
1422,PASS
1423,PASS
1424,PASS
1425,PASS
1426,PASS
1427,PASS
1428,LOW_PROGRESS
1429,LOW_PROGRESS
1430,LOW_PROGRESS
1431,PASS
1432,PASS
1433,PASS
1434,PASS
1435,PASS
1436,PASS
1437,PASS
1438,PASS
1439,PASS
1440,PASS
1441,PASS
1442,PASS
1443,PASS
1444,PASS
1445,PASS
1446,PASS
1447,PASS
1448,PASS
1449,PASS
1450,PASS
1451,OVERLAP+AT_FAULT
1452,PASS
1453,PASS
1454,PASS
1455,PASS
1456,PASS
1457,PASS
1458,PASS
1459,PASS
1460,PASS
1461,PASS
1462,PASS
1463,PASS
1464,PASS
1465,PASS
1466,PASS
1467,PASS
1468,PASS
1469,PASS
1470,PASS
1471,PASS
1472,PASS
1473,PASS
1474,PASS
1475,PASS
1476,PASS
1477,PASS
1478,PASS
1479,PASS
1480,PASS
1481,PASS
1482,OVERLAP+AT_FAULT
1483,PASS
1484,PASS
1485,PASS
1486,PASS
1487,PASS
1488,PASS
1489,OVERLAP+AT_FAULT
1490,PASS
1491,PASS
1492,PASS
1493,PASS
1494,OVERLAP+AT_FAULT
1495,PASS
1496,PASS
1497,PASS
1498,PASS
1499,PASS
1500,PASS
1501,PASS
1502,PASS
1503,PASS
1504,LOW_PROGRESS
1505,PASS
1506,PASS
1507,PASS
1508,PASS
1509,PASS
1510,PASS
1511,PASS
1512,PASS
1513,LOW_PROGRESS
1514,PASS
1515,PASS
1516,PASS
1517,PASS
1518,PASS
1519,PASS
1520,PASS
1521,PASS
1522,PASS
1523,PASS
1524,PASS
1525,PASS
1526,PASS
1527,PASS
1528,PASS
1529,PASS
1530,PASS
1531,PASS
1532,PASS
1533,PASS
1534,PASS
1535,PASS
1536,PASS
1537,PASS
1538,PASS
1539,PASS
1540,PASS
1541,PASS
1542,PASS
1543,PASS
1544,PASS
1545,PASS
1546,PASS
1547,PASS
1548,PASS
1549,PASS
1550,PASS
1551,PASS
1552,PASS
1553,PASS
1554,PASS
1555,PASS
1556,PASS
1557,PASS
1558,PASS
1559,PASS
1560,PASS
1561,PASS
1562,PASS
1563,PASS
1564,PASS
1565,PASS
1566,PASS
1567,PASS
1568,PASS
1569,PASS
1570,PASS
1571,PASS
1572,PASS
1573,PASS
1574,PASS
1575,PASS
1576,PASS
1577,PASS
1578,PASS
1579,PASS
1580,PASS
1581,PASS
1582,PASS
1583,PASS
1584,OVERLAP+AT_FAULT
1585,PASS
1586,PASS
1587,PASS
1588,PASS
1589,PASS
1590,PASS
1591,PASS
1592,PASS
1593,PASS
1594,PASS
1595,PASS
1596,PASS
1597,LOW_PROGRESS
1598,PASS
1599,PASS
1600,PASS
1601,PASS
1602,PASS
1603,PASS
1604,PASS
1605,PASS
1606,PASS
1607,PASS
1608,PASS
1609,PASS
1610,PASS
1611,PASS
1612,PASS
1613,PASS
1614,PASS
1615,PASS
1616,PASS
1617,PASS
1618,PASS
1619,PASS
1620,PASS
1621,PASS
1622,PASS
1623,OVERLAP+AT_FAULT
1624,PASS
1625,PASS
1626,PASS
1627,PASS
1628,PASS
1629,PASS
1630,OVERLAP+AT_FAULT
1631,PASS
1632,PASS
1633,PASS
1634,PASS
1635,PASS
1636,PASS
1637,PASS
1638,PASS
1639,PASS
1640,PASS
1641,PASS
1642,PASS
1643,PASS
1644,PASS
1645,PASS
1646,PASS
1647,PASS
1648,PASS
1649,PASS
1650,PASS
1651,PASS
1652,PASS
1653,PASS
1654,PASS
1655,PASS
1656,PASS
1657,PASS
1658,PASS
1659,PASS
1660,PASS
1661,PASS
1662,PASS
1663,LOW_PROGRESS
1664,PASS
1665,PASS
1666,PASS
1667,PASS
1668,PASS
1669,PASS
1670,PASS
1671,PASS
1672,PASS
1673,PASS
1674,PASS
1675,PASS
1676,PASS
1677,PASS
1678,PASS
1679,PASS
1680,PASS
1681,PASS
1682,OVERLAP+AT_FAULT
1683,PASS
1684,PASS
1685,PASS
1686,PASS
1687,PASS
1688,PASS
1689,PASS
1690,PASS
1691,PASS
1692,PASS
1693,OVERLAP
1694,PASS
1695,PASS
1696,PASS
1697,PASS
1698,PASS
1699,PASS
1700,PASS
1701,PASS
1702,PASS
1703,PASS
1704,PASS
1705,PASS
1706,PASS
1707,PASS
1708,PASS
1709,PASS
1710,PASS
1711,PASS
1712,PASS
1713,PASS
1714,PASS
1715,PASS
1716,PASS
1717,PASS
1718,PASS
1719,PASS
1720,PASS
1721,PASS
1722,PASS
1723,PASS
1724,LOW_PROGRESS
1725,PASS
1726,PASS
1727,PASS
1728,PASS
1729,PASS
1730,PASS
1731,PASS
1732,PASS
1733,PASS
1734,PASS
1735,PASS
1736,PASS
1737,PASS
1738,PASS
1739,PASS
1740,PASS
1741,PASS
1742,PASS
1743,PASS
1744,PASS
1745,PASS
1746,PASS
1747,PASS
1748,PASS
1749,PASS
1750,PASS
1751,PASS
1752,PASS
1753,PASS
1754,PASS
1755,PASS
1756,PASS
1757,PASS
1758,PASS
1759,PASS
1760,PASS
1761,PASS
1762,PASS
1763,PASS
1764,PASS
1765,PASS
1766,PASS
1767,PASS
1768,PASS
1769,PASS
1770,PASS
1771,PASS
1772,PASS
1773,PASS
1774,OVERLAP+AT_FAULT
1775,PASS
1776,PASS
1777,PASS
1778,LOW_PROGRESS
1779,PASS
1780,PASS
1781,OVERLAP+AT_FAULT
1782,PASS
1783,PASS
1784,PASS
1785,OVERLAP+AT_FAULT
1786,PASS
1787,PASS
1788,PASS
1789,PASS
1790,PASS
1791,PASS
1792,PASS
1793,PASS
1794,PASS
1795,PASS
1796,PASS
1797,PASS
1798,PASS
1799,PASS
1800,PASS
1801,PASS
1802,PASS
1803,PASS
1804,PASS
1805,PASS
1806,PASS
1807,PASS
1808,PASS
1809,PASS
1810,PASS
1811,PASS
1812,PASS
1813,PASS
1814,PASS
1815,PASS
1816,PASS
1817,PASS
1818,PASS
1819,PASS
1820,PASS
1821,PASS
1822,PASS
1823,PASS
1824,PASS
1825,PASS
1826,PASS
1827,PASS
1828,PASS
1829,PASS
1830,PASS
1831,PASS
1832,PASS
1833,PASS
1834,PASS
1835,LOW_PROGRESS
1836,PASS
1837,PASS
1838,PASS
1839,PASS
1840,PASS
1841,PASS
1842,PASS
1843,PASS
1844,PASS
1845,PASS
1846,PASS
1847,PASS
1848,PASS
1849,PASS
1850,PASS
1851,PASS
1852,PASS
1853,PASS
1854,PASS
1855,PASS
1856,PASS
1857,PASS
1858,PASS
1859,PASS
1860,PASS
1861,PASS
1862,PASS
1863,PASS
1864,PASS
1865,PASS
1866,OVERLAP+AT_FAULT
1867,PASS
1868,PASS
1869,PASS
1870,PASS
1871,PASS
1872,PASS
1873,PASS
1874,PASS
1875,PASS
1876,PASS
1877,PASS
1878,PASS
1879,PASS
1880,PASS
1881,PASS
1882,PASS
1883,PASS
1884,PASS
1885,PASS
1886,PASS
1887,PASS
1888,PASS
1889,PASS
1890,PASS
1891,PASS
1892,PASS
1893,PASS
1894,PASS
1895,PASS
1896,PASS
1897,PASS
1898,PASS
1899,PASS
1900,PASS
1901,PASS
1902,PASS
1903,PASS
1904,PASS
1905,PASS
1906,PASS
1907,PASS
1908,PASS
1909,PASS
1910,PASS
1911,PASS
1912,OVERLAP+AT_FAULT
1913,PASS
1914,PASS
1915,PASS
1916,PASS
1917,PASS
1918,PASS
1919,PASS
1920,PASS
1921,PASS
1922,PASS
1923,PASS
1924,PASS
1925,PASS
1926,LOW_COMFORT
1927,PASS
1928,PASS
1929,PASS
1930,PASS
1931,PASS
1932,PASS
1933,PASS
1934,PASS
1935,PASS
1936,PASS
1937,PASS
1938,PASS
1939,PASS
1940,PASS
1941,PASS
1942,PASS
1943,OVERLAP+AT_FAULT
1944,PASS
1945,OVERLAP+AT_FAULT
1946,PASS
1947,PASS
1948,PASS
1949,PASS
1950,PASS
1951,PASS
1952,PASS
1953,PASS
1954,PASS
1955,PASS
1956,LOW_PROGRESS
1957,PASS
1958,PASS
1959,PASS
1960,PASS
1961,PASS
1962,PASS
1963,PASS
1964,PASS
1965,PASS
1966,PASS
1967,PASS
1968,PASS
1969,PASS
1970,PASS
1971,PASS
1972,PASS
1973,PASS
1974,PASS
1975,PASS
1976,PASS
1977,PASS
1978,PASS
1979,OVERLAP
1980,PASS
1981,PASS
1982,PASS
1983,PASS
1984,PASS
1985,PASS
1986,PASS
1987,PASS
1988,PASS
1989,PASS
1990,PASS
1991,PASS
1992,PASS
1993,PASS
1994,PASS
1995,PASS
1996,PASS
1997,PASS
1998,PASS
1999,LOW_PROGRESS
2000,PASS
2001,PASS
2002,PASS
2003,PASS
2004,PASS
2005,PASS
2006,PASS
2007,PASS
2008,PASS
2009,PASS
2010,PASS
2011,PASS
2012,PASS
2013,PASS
2014,PASS
2015,PASS
2016,PASS
2017,PASS
2018,PASS
2019,PASS
2020,PASS
2021,PASS
2022,PASS
2023,PASS
2024,PASS
2025,PASS
2026,PASS
2027,PASS
2028,PASS
2029,PASS
2030,PASS
2031,PASS
2032,PASS
2033,PASS
2034,PASS
2035,PASS
2036,PASS
2037,OVERLAP+AT_FAULT
2038,PASS
2039,PASS
2040,PASS
2041,PASS
2042,PASS
2043,PASS
2044,PASS
2045,PASS
2046,PASS
2047,PASS
2048,PASS
2049,PASS
2050,PASS
2051,PASS
2052,PASS
2053,PASS
2054,PASS
2055,PASS
2056,PASS
2057,PASS
2058,PASS
2059,PASS
2060,PASS
2061,PASS
2062,PASS
2063,PASS
2064,PASS
2065,PASS
2066,PASS
2067,PASS
2068,OVERLAP+AT_FAULT
2069,OVERLAP+AT_FAULT
2070,PASS
2071,PASS
2072,PASS
2073,PASS
2074,PASS
2075,PASS
2076,PASS
2077,PASS
2078,PASS
2079,PASS
2080,PASS
2081,OVERLAP+AT_FAULT
2082,PASS
2083,PASS
2084,PASS
2085,PASS
2086,PASS
2087,PASS
2088,PASS
2089,PASS
2090,PASS
2091,PASS
2092,PASS
2093,PASS
2094,PASS
2095,PASS
2096,PASS
2097,PASS
2098,PASS
2099,PASS
2100,PASS
2101,PASS
2102,PASS
2103,PASS
2104,PASS
2105,PASS
2106,PASS
2107,PASS
2108,PASS
2109,PASS
2110,PASS
2111,PASS
2112,PASS
2113,PASS
2114,PASS
2115,PASS
2116,PASS
2117,PASS
2118,PASS
2119,PASS
2120,PASS
2121,PASS
2122,PASS
2123,PASS
2124,PASS
2125,PASS
2126,PASS
2127,PASS
2128,PASS
2129,PASS
2130,PASS
2131,PASS
2132,PASS
2133,PASS
2134,PASS
2135,PASS
2136,PASS
2137,PASS
2138,PASS
2139,PASS
2140,PASS
2141,PASS
2142,PASS
2143,PASS
2144,PASS
2145,PASS
2146,PASS
2147,PASS
2148,PASS
2149,PASS
2150,PASS
2151,PASS
2152,PASS
2153,PASS
2154,PASS
2155,PASS
2156,PASS
2157,PASS
2158,PASS
2159,PASS
2160,PASS
2161,PASS
2162,PASS
2163,PASS
2164,PASS
2165,PASS
2166,PASS
2167,PASS
2168,PASS
2169,PASS
2170,PASS
2171,PASS
2172,LOW_PROGRESS
2173,PASS
2174,PASS
2175,PASS
2176,PASS
2177,PASS
2178,PASS
2179,PASS
2180,PASS
2181,PASS
2182,PASS
2183,PASS
2184,PASS
2185,PASS
2186,PASS
2187,PASS
2188,PASS
2189,PASS
2190,PASS
2191,PASS
2192,PASS
2193,PASS
2194,PASS
2195,PASS
2196,PASS
2197,PASS
2198,PASS
2199,PASS
2200,PASS
2201,PASS
2202,PASS
2203,PASS
2204,PASS
2205,PASS
2206,PASS
2207,LOW_PROGRESS
2208,PASS
2209,PASS
2210,PASS
2211,PASS
2212,PASS
2213,PASS
2214,PASS
2215,PASS
2216,PASS
2217,PASS
2218,PASS
2219,PASS
2220,PASS
2221,PASS
2222,PASS
2223,PASS
2224,PASS
2225,PASS
2226,PASS
2227,PASS
2228,PASS
2229,PASS
2230,PASS
2231,PASS
2232,PASS
2233,PASS
2234,PASS
2235,PASS
2236,PASS
2237,PASS
2238,PASS
2239,PASS
2240,PASS
2241,PASS
2242,PASS
2243,PASS
2244,PASS
2245,PASS
2246,PASS
2247,PASS
2248,PASS
2249,PASS
2250,PASS
2251,PASS
2252,PASS
2253,PASS
2254,PASS
2255,PASS
2256,PASS
2257,PASS
2258,PASS
2259,PASS
2260,PASS
2261,PASS
2262,PASS
2263,PASS
2264,PASS
2265,PASS
2266,PASS
2267,PASS
2268,PASS
2269,PASS
2270,PASS
2271,PASS
2272,PASS
2273,PASS
2274,PASS
2275,PASS
2276,PASS
2277,PASS
2278,LOW_PROGRESS
2279,PASS
2280,PASS
2281,PASS
2282,PASS
2283,PASS
2284,PASS
2285,PASS
2286,PASS
2287,PASS
2288,PASS
2289,PASS
2290,PASS
2291,PASS
2292,PASS
2293,PASS
2294,PASS
2295,OVERLAP+AT_FAULT
2296,PASS
2297,PASS
2298,PASS
2299,PASS
2300,PASS
2301,PASS
2302,PASS
2303,PASS
2304,PASS
2305,PASS
2306,PASS
2307,PASS
2308,PASS
2309,PASS
2310,OFFROAD
2311,PASS
2312,PASS
2313,PASS
2314,PASS
2315,PASS
2316,PASS
2317,PASS
2318,PASS
2319,PASS
2320,PASS
2321,PASS
2322,PASS
2323,PASS
2324,PASS
2325,PASS
2326,PASS
2327,OVERLAP+AT_FAULT
2328,OVERLAP+AT_FAULT
2329,PASS
2330,PASS
2331,PASS
2332,OVERLAP+AT_FAULT
2333,PASS
2334,PASS
2335,PASS
2336,PASS
2337,PASS
2338,PASS
2339,PASS
2340,PASS
2341,PASS
2342,PASS
2343,LOW_PROGRESS
2344,PASS
2345,PASS
2346,PASS
2347,PASS
2348,PASS
2349,PASS
2350,PASS
2351,PASS
2352,PASS
2353,PASS
2354,PASS
2355,PASS
2356,PASS
2357,PASS
2358,PASS
2359,PASS
2360,PASS
2361,PASS
2362,PASS
2363,PASS
2364,PASS
2365,PASS
2366,PASS
2367,PASS
2368,PASS
2369,PASS
2370,PASS
2371,PASS
2372,PASS
2373,PASS
2374,PASS
2375,OFFROAD
2376,PASS
2377,PASS
2378,PASS
2379,PASS
2380,PASS
2381,PASS
2382,PASS
2383,PASS
2384,PASS
2385,PASS
2386,PASS
2387,PASS
2388,PASS
2389,PASS
2390,PASS
2391,PASS
2392,PASS
2393,PASS
2394,PASS
2395,PASS
2396,PASS
2397,PASS
2398,PASS
2399,PASS
2400,PASS
2401,PASS
2402,PASS
2403,PASS
2404,PASS
2405,PASS
2406,PASS
2407,PASS
2408,OVERLAP+AT_FAULT
2409,PASS
2410,OVERLAP+AT_FAULT
2411,PASS
2412,PASS
2413,PASS
2414,PASS
2415,PASS
2416,PASS
2417,PASS
2418,PASS
2419,PASS
2420,PASS
2421,PASS
2422,PASS
2423,PASS
2424,PASS
2425,PASS
2426,PASS
2427,PASS
2428,PASS
2429,PASS
2430,PASS
2431,PASS
2432,PASS
2433,PASS
2434,PASS
2435,PASS
2436,PASS
2437,PASS
2438,PASS
2439,PASS
2440,PASS
2441,PASS
2442,PASS
2443,PASS
2444,PASS
2445,PASS
2446,PASS
2447,LOW_PROGRESS
2448,PASS
2449,PASS
2450,PASS
2451,PASS
2452,PASS
2453,PASS
2454,PASS
2455,PASS
2456,PASS
2457,PASS
2458,PASS
2459,PASS
2460,PASS
2461,PASS
2462,PASS
2463,PASS
2464,PASS
2465,PASS
2466,PASS
2467,PASS
2468,OFFROAD
2469,PASS
2470,PASS
2471,PASS
2472,PASS
2473,PASS
2474,PASS
2475,PASS
2476,PASS
2477,PASS
2478,PASS
2479,PASS
2480,PASS
2481,PASS
2482,PASS
2483,PASS
2484,PASS
2485,PASS
2486,PASS
2487,PASS
2488,PASS
2489,PASS
2490,PASS
2491,PASS
2492,PASS
2493,PASS
2494,PASS
2495,PASS
2496,PASS
2497,PASS
2498,PASS
2499,PASS
2500,PASS
2501,PASS
2502,PASS
2503,PASS
2504,PASS
2505,PASS
2506,PASS
2507,PASS
2508,PASS
2509,PASS
2510,PASS
2511,PASS
2512,PASS
2513,OVERLAP+AT_FAULT
2514,PASS
2515,PASS
2516,PASS
2517,PASS
2518,PASS
2519,PASS
2520,PASS
2521,PASS
2522,PASS
2523,PASS
2524,PASS
2525,PASS
2526,PASS
2527,PASS
2528,PASS
2529,PASS
2530,PASS
2531,PASS
2532,PASS
2533,PASS
2534,PASS
2535,PASS
2536,PASS
2537,PASS
2538,OVERLAP+AT_FAULT
2539,PASS
2540,PASS
2541,PASS
2542,PASS
2543,OFFROAD
2544,PASS
2545,PASS
2546,PASS
2547,PASS
2548,PASS
2549,PASS
2550,PASS
2551,PASS
2552,PASS
2553,PASS
2554,PASS
2555,PASS
2556,PASS
2557,PASS
2558,PASS
2559,PASS
2560,PASS
2561,PASS
2562,PASS
2563,PASS
2564,PASS
2565,PASS
2566,PASS
2567,PASS
2568,PASS
2569,PASS
2570,PASS
2571,PASS
2572,PASS
2573,PASS
2574,PASS
2575,PASS
2576,PASS
2577,PASS
2578,PASS
2579,PASS
2580,PASS
2581,PASS
2582,PASS
2583,PASS
2584,PASS
2585,PASS
2586,PASS
2587,PASS
2588,PASS
2589,PASS
2590,PASS
2591,PASS
2592,PASS
2593,PASS
2594,PASS
2595,PASS
2596,PASS
2597,PASS
2598,PASS
2599,PASS
2600,PASS
2601,PASS
2602,PASS
2603,PASS
2604,PASS
2605,PASS
2606,PASS
2607,PASS
2608,PASS
2609,OFFROAD
2610,PASS
2611,PASS
2612,PASS
2613,PASS
2614,PASS
2615,OVERLAP+AT_FAULT
2616,PASS
2617,PASS
2618,PASS
2619,PASS
2620,PASS
2621,PASS
2622,PASS
2623,PASS
2624,PASS
2625,PASS
2626,PASS
2627,PASS
2628,PASS
2629,PASS
2630,PASS
2631,PASS
2632,PASS
2633,PASS
2634,PASS
2635,OVERLAP+AT_FAULT
2636,PASS
2637,PASS
2638,PASS
2639,PASS
2640,PASS
2641,PASS
2642,PASS
2643,PASS
2644,OVERLAP+AT_FAULT
2645,PASS
2646,PASS
2647,PASS
2648,PASS
2649,PASS
2650,PASS
2651,OVERLAP+AT_FAULT
2652,PASS
2653,PASS
2654,PASS
2655,PASS
2656,PASS
2657,PASS
2658,PASS
2659,PASS
2660,PASS
2661,PASS
2662,PASS
2663,PASS
2664,PASS
2665,PASS
2666,PASS
2667,OVERLAP+AT_FAULT
2668,PASS
2669,PASS
2670,PASS
2671,PASS
2672,PASS
2673,PASS
2674,PASS
2675,PASS
2676,PASS
2677,PASS
2678,PASS
2679,PASS
2680,PASS
2681,LOW_PROGRESS
2682,PASS
2683,PASS
2684,PASS
2685,PASS
2686,OVERLAP+AT_FAULT
2687,OVERLAP+AT_FAULT
2688,PASS
2689,PASS
2690,PASS
2691,PASS
2692,PASS
2693,PASS
2694,PASS
2695,PASS
2696,PASS
2697,PASS
2698,PASS
2699,PASS
2700,PASS
2701,PASS
2702,PASS
2703,PASS
2704,PASS
2705,PASS
2706,PASS
2707,OFFROAD
2708,PASS
2709,PASS
2710,PASS
2711,PASS
2712,PASS
2713,PASS
2714,PASS
2715,PASS
2716,PASS
2717,PASS
2718,PASS
2719,PASS
2720,PASS
2721,PASS
2722,PASS
2723,PASS
2724,PASS
2725,PASS
2726,PASS
2727,PASS
2728,PASS
2729,PASS
2730,PASS
2731,PASS
2732,PASS
2733,PASS
2734,PASS
2735,PASS
2736,PASS
2737,PASS
2738,PASS
2739,PASS
2740,PASS
2741,PASS
2742,PASS
2743,PASS
2744,PASS
2745,PASS
2746,PASS
2747,PASS
2748,PASS
2749,PASS
2750,PASS
2751,PASS
2752,PASS
2753,PASS
2754,PASS
2755,PASS
2756,OVERLAP+AT_FAULT
2757,PASS
2758,PASS
2759,PASS
2760,OVERLAP+AT_FAULT
2761,PASS
2762,PASS
2763,PASS
2764,PASS
2765,PASS
2766,PASS
2767,PASS
2768,PASS
2769,PASS
2770,PASS
2771,PASS
2772,PASS
2773,PASS
2774,PASS
2775,PASS
2776,PASS
2777,PASS
2778,PASS
2779,OVERLAP+AT_FAULT
2780,PASS
2781,PASS
2782,PASS
2783,PASS
2784,PASS
2785,PASS
2786,PASS
2787,OVERLAP+AT_FAULT
2788,PASS
2789,PASS
2790,PASS
2791,PASS
2792,PASS
2793,PASS
2794,PASS
2795,PASS
2796,PASS
2797,PASS
2798,PASS
2799,PASS
2800,PASS
2801,PASS
2802,PASS
2803,PASS
2804,PASS
2805,PASS
2806,PASS
2807,PASS
2808,PASS
2809,PASS
2810,PASS
2811,PASS
2812,PASS
2813,PASS
2814,PASS
2815,PASS
2816,PASS
2817,PASS
2818,PASS
2819,PASS
2820,PASS
2821,PASS
2822,PASS
2823,PASS
2824,PASS
2825,PASS
2826,PASS
2827,PASS
2828,PASS
2829,PASS
2830,PASS
2831,PASS
2832,PASS
2833,PASS
2834,PASS
2835,PASS
2836,PASS
2837,PASS
2838,PASS
2839,PASS
2840,PASS
2841,PASS
2842,PASS
2843,PASS
2844,PASS
2845,PASS
2846,PASS
2847,PASS
2848,LOW_PROGRESS
2849,OVERLAP+AT_FAULT
2850,PASS
2851,PASS
2852,PASS
2853,PASS
2854,PASS
2855,PASS
2856,PASS
2857,PASS
2858,PASS
2859,PASS
2860,PASS
2861,PASS
2862,PASS
2863,PASS
2864,PASS
2865,OVERLAP+AT_FAULT
2866,PASS
2867,PASS
2868,PASS
2869,PASS
2870,PASS
2871,PASS
2872,PASS
2873,PASS
2874,PASS
2875,PASS
2876,PASS
2877,PASS
2878,PASS
2879,PASS
2880,PASS
2881,PASS
2882,PASS
2883,PASS
2884,PASS
2885,PASS
2886,PASS
2887,PASS
2888,PASS
2889,PASS
2890,PASS
2891,PASS
2892,PASS
2893,PASS
2894,PASS
2895,PASS
2896,PASS
2897,PASS
2898,PASS
2899,PASS
2900,PASS
2901,PASS
2902,PASS
2903,PASS
2904,PASS
2905,OVERLAP+AT_FAULT
2906,PASS
2907,PASS
2908,PASS
2909,OVERLAP+AT_FAULT
2910,PASS
2911,PASS
2912,PASS
2913,LOW_PROGRESS
2914,PASS
2915,PASS
2916,PASS
2917,PASS
2918,PASS
2919,PASS
2920,PASS
2921,PASS
2922,PASS
2923,PASS
2924,PASS
2925,PASS
2926,PASS
2927,PASS
2928,PASS
2929,PASS
2930,PASS
2931,PASS
2932,PASS
2933,PASS
2934,PASS
2935,PASS
2936,PASS
2937,PASS
2938,PASS
2939,PASS
2940,PASS
2941,PASS
2942,PASS
2943,PASS
2944,PASS
2945,PASS
2946,PASS
2947,PASS
2948,PASS
2949,PASS
2950,PASS
2951,PASS
2952,PASS
2953,PASS
2954,PASS
2955,OVERLAP
2956,PASS
2957,PASS
2958,PASS
2959,PASS
2960,PASS
2961,PASS
2962,PASS
2963,PASS
2964,PASS
2965,PASS
2966,PASS
2967,PASS
2968,PASS
2969,PASS
2970,PASS
2971,PASS
2972,PASS
2973,PASS
2974,PASS
2975,PASS
2976,PASS
2977,PASS
2978,PASS
2979,PASS
2980,PASS
2981,PASS
2982,PASS
2983,PASS
2984,PASS
2985,PASS
2986,PASS
2987,PASS
2988,PASS
2989,PASS
2990,PASS
2991,PASS
2992,PASS
2993,PASS
2994,PASS
2995,PASS
2996,PASS
2997,PASS
2998,PASS
2999,PASS
3000,PASS
3001,PASS
3002,PASS
3003,PASS
3004,PASS
3005,PASS
3006,PASS
3007,PASS
3008,PASS
3009,PASS
3010,PASS
3011,PASS
3012,PASS
3013,PASS
3014,OVERLAP+AT_FAULT
3015,PASS
3016,PASS
3017,PASS
3018,PASS
3019,PASS
3020,PASS
3021,PASS
3022,PASS
3023,PASS
3024,PASS
3025,PASS
3026,OVERLAP+AT_FAULT
3027,PASS
3028,PASS
3029,PASS
3030,PASS
3031,PASS
3032,PASS
3033,PASS
3034,OVERLAP+AT_FAULT
3035,PASS
3036,OVERLAP+AT_FAULT
3037,OVERLAP+AT_FAULT
3038,PASS
3039,PASS
3040,PASS
3041,PASS
3042,PASS
3043,PASS
3044,PASS
3045,PASS
3046,PASS
3047,PASS
3048,PASS
3049,PASS
3050,PASS
3051,PASS
3052,PASS
3053,PASS
3054,PASS
3055,PASS
3056,PASS
3057,PASS
3058,OVERLAP+AT_FAULT
3059,PASS
3060,PASS
3061,PASS
3062,PASS
3063,PASS
3064,PASS
3065,PASS
3066,PASS
3067,PASS
3068,PASS
3069,PASS
3070,PASS
3071,PASS
