checkpoint,step,rideflux_aggregate_score,progress_ratio,comfort,at_fault_collision,overlap,offroad_in_box,accuracy
model_10242560.pkl,10242560,0.83801,0.86358,0.92384,0.03646,0.0612,0.0013,0.9375
model_1026560.pkl,1026560,0.8913,0.95275,0.90706,0.03646,0.04688,0.01302,0.9401
model_10498560.pkl,10498560,0.8825,0.91392,0.93372,0.03646,0.04557,0.00391,0.95052
model_10754560.pkl,10754560,0.87355,0.90083,0.93663,0.03385,0.04818,0.0026,0.94922
model_11010560.pkl,11010560,0.86523,0.89145,0.9458,0.03646,0.05599,0.0,0.94401
model_11266560.pkl,11266560,0.89314,0.93393,0.92477,0.03906,0.04818,0.0026,0.94922
model_11522560.pkl,11522560,0.87795,0.92091,0.91677,0.03906,0.05339,0.0,0.94661
model_11778560.pkl,11778560,0.88535,0.92198,0.92438,0.04036,0.04948,0.0026,0.94792
model_12034560.pkl,12034560,0.8434,0.88862,0.91821,0.05078,0.07161,0.0013,0.92708
model_12290560.pkl,12290560,0.89107,0.91809,0.93947,0.03646,0.04688,0.0,0.95312
model_12546560.pkl,12546560,0.83816,0.86907,0.92635,0.03516,0.05208,0.01172,0.9362
model_12802560.pkl,12802560,0.83023,0.86623,0.89154,0.04036,0.0599,0.0,0.9401
model_1282560.pkl,1282560,0.87229,0.90619,0.9476,0.04167,0.05469,0.00781,0.9375
model_13058560.pkl,13058560,0.89158,0.92697,0.94438,0.03776,0.04688,0.00781,0.94531
model_13314560.pkl,13314560,0.87016,0.90531,0.91131,0.03516,0.04818,0.0013,0.95052
model_13570560.pkl,13570560,0.84962,0.88057,0.9105,0.03385,0.05339,0.0013,0.94531
model_13826560.pkl,13826560,0.85641,0.87765,0.93972,0.03646,0.05078,0.0026,0.94661
model_14082560.pkl,14082560,0.87545,0.90362,0.93516,0.03776,0.04948,0.0,0.95052
model_14338560.pkl,14338560,0.86995,0.89335,0.93132,0.03385,0.04688,0.0013,0.95182
model_14594560.pkl,14594560,0.86079,0.88741,0.93644,0.03646,0.05469,0.0013,0.94401
model_14850560.pkl,14850560,0.85387,0.87806,0.9434,0.03776,0.05469,0.0026,0.94271
model_15106560.pkl,15106560,0.8645,0.89902,0.94075,0.03906,0.05469,0.00521,0.9401
model_15362560.pkl,15362560,0.81312,0.83175,0.91259,0.04036,0.0638,0.0,0.9362
model_1538560.pkl,1538560,0.8432,0.86756,0.92264,0.03776,0.05469,0.00521,0.9401
model_15618560.pkl,15618560,0.8901,0.92619,0.93312,0.04036,0.05208,0.0,0.94792
model_15874560.pkl,15874560,0.84634,0.87756,0.92884,0.04167,0.0612,0.0013,0.9375
model_16130560.pkl,16130560,0.90126,0.94284,0.92492,0.03776,0.04557,0.00391,0.95052
model_16386560.pkl,16386560,0.80905,0.81685,0.92504,0.04036,0.05599,0.0013,0.94271
model_16642560.pkl,16642560,0.90047,0.94046,0.92939,0.03385,0.04688,0.0026,0.95052
model_16898560.pkl,16898560,0.88512,0.91183,0.93857,0.03646,0.04818,0.0013,0.95052
model_17154560.pkl,17154560,0.86429,0.89127,0.92037,0.03125,0.04167,0.00521,0.95312
model_17410560.pkl,17410560,0.84545,0.87258,0.9263,0.04167,0.05469,0.00391,0.94141
model_17666560.pkl,17666560,0.88717,0.92172,0.93226,0.04036,0.04948,0.0,0.95052
model_17922560.pkl,17922560,0.88385,0.91038,0.91942,0.03255,0.04557,0.0,0.95443
model_1794560.pkl,1794560,0.78769,0.82313,0.90473,0.05078,0.07943,0.0026,0.91797
model_18178560.pkl,18178560,0.82064,0.84862,0.90995,0.04427,0.06771,0.0,0.93229
model_18434560.pkl,18434560,0.88442,0.92031,0.93256,0.03385,0.04688,0.00781,0.94531
model_18690560.pkl,18690560,0.87993,0.9126,0.91599,0.03385,0.04557,0.0026,0.95182
model_18946560.pkl,18946560,0.86296,0.88829,0.9449,0.03646,0.05078,0.0026,0.94661
model_19202560.pkl,19202560,0.8416,0.8658,0.93105,0.03906,0.05729,0.0026,0.9401
model_19458560.pkl,19458560,0.85758,0.89568,0.9138,0.03906,0.05078,0.00651,0.94271
model_19714560.pkl,19714560,0.8449,0.86507,0.93884,0.03646,0.05339,0.00391,0.94271
model_19970560.pkl,19970560,0.88692,0.91839,0.94918,0.03646,0.05339,0.0,0.94661
model_20226560.pkl,20226560,0.89155,0.92761,0.9305,0.03516,0.04688,0.0013,0.95182
model_20482560.pkl,20482560,0.87222,0.89821,0.93478,0.03516,0.04948,0.0,0.95052
model_2050560.pkl,2050560,0.87257,0.90804,0.91038,0.03385,0.04818,0.00781,0.94401
model_20738560.pkl,20738560,0.83397,0.86259,0.9335,0.04557,0.06641,0.0013,0.93229
model_20994560.pkl,20994560,0.87913,0.92146,0.90184,0.03516,0.04557,0.0026,0.95182
model_21250560.pkl,21250560,0.87196,0.89529,0.93821,0.03516,0.04688,0.0013,0.95182
model_21506560.pkl,21506560,0.9117,0.9511,0.94224,0.03255,0.04297,0.0013,0.95573
model_21762560.pkl,21762560,0.90655,0.94677,0.91946,0.02865,0.04036,0.0,0.95964
model_22018560.pkl,22018560,0.84326,0.86397,0.93678,0.03516,0.05469,0.00391,0.94271
model_22274560.pkl,22274560,0.86587,0.88622,0.94818,0.03125,0.05078,0.0,0.94922
model_22530560.pkl,22530560,0.85319,0.87413,0.93566,0.04036,0.05339,0.0,0.94661
model_22786560.pkl,22786560,0.87373,0.90711,0.92436,0.04036,0.05339,0.0013,0.94661
model_23042560.pkl,23042560,0.86131,0.88283,0.92139,0.03385,0.04557,0.0,0.95443
model_2306560.pkl,2306560,0.86396,0.9058,0.92735,0.04167,0.0612,0.00781,0.93099
model_23298560.pkl,23298560,0.83006,0.83883,0.94793,0.03385,0.05339,0.0013,0.94531
model_23554560.pkl,23554560,0.87619,0.90964,0.93326,0.04036,0.05469,0.0,0.94531
model_23810560.pkl,23810560,0.87739,0.90244,0.939,0.03125,0.04557,0.0,0.95443
model_24066560.pkl,24066560,0.84792,0.86606,0.95363,0.03776,0.05339,0.00391,0.94271
model_24322560.pkl,24322560,0.86169,0.89327,0.92174,0.03906,0.04948,0.00391,0.94661
model_24578560.pkl,24578560,0.85012,0.88035,0.91176,0.04036,0.05599,0.0013,0.94271
model_24834560.pkl,24834560,0.85377,0.88363,0.91969,0.04167,0.05729,0.0013,0.94141
model_2560.pkl,2560,0.2046,0.37603,0.99593,0.08984,0.10547,0.67578,0.22135
model_2562560.pkl,2562560,0.86267,0.90985,0.90702,0.04297,0.05339,0.01172,0.9349
model_258560.pkl,258560,0.53234,0.7475,0.81339,0.10026,0.1263,0.3151,0.55859
model_2818560.pkl,2818560,0.84491,0.86823,0.93518,0.03385,0.05339,0.00521,0.94141
model_3074560.pkl,3074560,0.89281,0.92695,0.93276,0.03255,0.04427,0.0026,0.95312
model_3330560.pkl,3330560,0.88555,0.91599,0.93522,0.03516,0.04948,0.0013,0.94922
model_3586560.pkl,3586560,0.84663,0.87752,0.91221,0.03516,0.05599,0.0013,0.94401
model_3842560.pkl,3842560,0.81944,0.83616,0.93062,0.03776,0.0625,0.0026,0.9349
model_4098560.pkl,4098560,0.81306,0.83357,0.94166,0.04427,0.06641,0.00781,0.92578
model_4354560.pkl,4354560,0.84068,0.8661,0.92312,0.03646,0.05599,0.0026,0.94141
model_4610560.pkl,4610560,0.80487,0.84592,0.92231,0.05208,0.07812,0.00521,0.91667
model_4866560.pkl,4866560,0.86425,0.89888,0.93206,0.04036,0.05469,0.00391,0.94141
model_5122560.pkl,5122560,0.85566,0.88231,0.93864,0.03646,0.05339,0.00651,0.9401
model_514560.pkl,514560,0.84235,0.90726,0.93103,0.0638,0.08203,0.02344,0.89453
model_5378560.pkl,5378560,0.88391,0.90898,0.94206,0.03125,0.04297,0.0026,0.95443
model_5634560.pkl,5634560,0.85436,0.87879,0.92577,0.04036,0.04818,0.00911,0.94271
model_5890560.pkl,5890560,0.84679,0.8636,0.92306,0.03255,0.04818,0.0,0.95182
model_6146560.pkl,6146560,0.89101,0.92103,0.94476,0.02995,0.04427,0.0013,0.95443
model_6402560.pkl,6402560,0.87526,0.89902,0.93216,0.03516,0.04297,0.0026,0.95443
model_6658560.pkl,6658560,0.82366,0.84455,0.92314,0.03776,0.05599,0.00391,0.9401
model_6914560.pkl,6914560,0.83391,0.86396,0.92658,0.03906,0.05339,0.01432,0.93229
model_7170560.pkl,7170560,0.83495,0.86284,0.93246,0.03906,0.0599,0.00391,0.9362
model_7426560.pkl,7426560,0.88013,0.90383,0.95313,0.03385,0.05078,0.0,0.94922
model_7682560.pkl,7682560,0.85828,0.90178,0.8845,0.04036,0.05208,0.0,0.94792
model_770560.pkl,770560,0.86457,0.92003,0.87617,0.04688,0.05859,0.00911,0.93229
model_7938560.pkl,7938560,0.84264,0.87467,0.94083,0.02995,0.04818,0.02344,0.92839
model_8194560.pkl,8194560,0.87688,0.9062,0.93351,0.03255,0.04036,0.00781,0.95182
model_8450560.pkl,8450560,0.83302,0.85008,0.9411,0.04427,0.05599,0.0026,0.94141
model_8706560.pkl,8706560,0.8804,0.90915,0.92641,0.03516,0.04557,0.0013,0.95312
model_8962560.pkl,8962560,0.88193,0.91145,0.93749,0.03516,0.04688,0.0026,0.95052
model_9218560.pkl,9218560,0.82742,0.84947,0.92486,0.04167,0.05469,0.00521,0.9401
model_9474560.pkl,9474560,0.87462,0.89561,0.94608,0.03125,0.04688,0.0013,0.95182
model_9730560.pkl,9730560,0.88666,0.91267,0.94179,0.03516,0.04297,0.0026,0.95443
model_9986560.pkl,9986560,0.90981,0.95022,0.92371,0.03385,0.04427,0.00391,0.95182
model_final.pkl,FINAL,0.87075,0.9003,0.93841,0.03906,0.05078,0.0026,0.94661
