scenario_index,lead_s,object_index,object_rank,is_collider,distance,ego_speed,object_speed,relative_speed,closing_speed,relative_heading_rad,relative_heading_deg,tcpa_raw,tcpa_clipped,dcpa,predicted_clearance,approaching,interaction_risk
245,2.0,8,3.0,1,3.5279494052883558,0.5002062320709229,0.0,0.5002062320709229,0.4651509358340492,0.5158519744873047,29.55614099161278,6.5587042932938076,5.0,1.5137021493307887,-1.5165578126907349,0,0.0
245,2.0,1,1.0,0,2.624742115110019,0.5002062320709229,0.0,0.5002062320709229,0.18870666208308318,0.00594782829284668,0.3407854584486162,1.979591935326215,1.979591935326215,2.430795500977058,-2.393045425415039,1,0.06333305572678126
245,2.0,4,2.0,0,2.7533751990251596,0.5002062320709229,0.0,0.5002062320709229,0.23076969087854687,0.06340861320495605,3.6330459214214823,2.5394868476456525,2.5394868476456525,2.4428459551729107,-2.7139956951141357,1,0.0651986292962346
245,2.0,10,4.0,0,4.83136746134531,0.5002062320709229,0.0,0.5002062320709229,-0.42565667309014893,0.0009472370147705078,0.05427268314492132,-8.219233523774133,0.0,4.83136746134531,-0.07614541053771973,0,0.0
245,2.0,11,5.0,0,5.040505525781413,0.5002062320709229,0.0,0.5002062320709229,-0.437930554497987,0.061158180236816406,3.5041056102699817,-8.822286265049456,0.0,5.040505525781413,0.07192492485046387,0,0.0
245,2.0,12,6.0,0,5.088636272746147,0.5002062320709229,0.0,0.5002062320709229,0.060744575899018806,0.006892681121826172,0.3949215378101373,1.2354088752701842,1.2354088752701842,5.050974709944334,-0.1283581256866455,1,0.027173809932948788
245,2.0,13,7.0,0,5.2731319248003485,0.5002062320709229,0.0,0.5002062320709229,0.14373867455230666,3.113388776779175,178.38403689284468,3.0293124935181384,3.0293124935181384,5.050727058880296,0.10084891319274902,1,0.032405219488711924
245,2.0,14,8.0,0,6.792457447529897,0.5002062320709229,0.0,0.5002062320709229,-0.3294170057625582,0.015241622924804688,0.8732806665211503,-8.942825265628757,0.0,6.792457447529897,1.576127290725708,0,0.0
245,2.0,15,9.0,0,7.323307975662265,0.5002062320709229,0.0,0.5002062320709229,-0.37008721016632756,0.034340858459472656,1.9675862545839131,-10.832112912461746,0.0,7.323307975662265,2.1849913597106934,0,0.0
245,2.0,16,10.0,0,7.636145662002315,0.5002062320709229,0.0,0.5002062320709229,0.03850076418462951,0.023542642593383793,1.3488940591858183,1.1750202662950706,1.1750202662950706,7.613492471728626,2.4578018188476562,1,0.005119245336704324
245,2.0,17,11.0,0,8.910507974587382,0.5002062320709229,0.0,0.5002062320709229,-0.2804566868589794,0.01874566078186035,1.074047246984505,-9.987805256892724,0.0,8.910507974587382,3.838408946990967,0,0.0
245,2.0,18,12.0,0,9.949042081106795,0.5002062320709229,0.0,0.5002062320709229,0.04973846692621157,0.03160834312438965,1.811024658428881,1.9777685483092005,1.9777685483092005,9.899734307886247,4.705239295959473,1,0.0029277068689859704
245,2.0,19,13.0,0,11.190022890696707,0.5002062320709229,0.0,0.5002062320709229,-0.24631647769356924,0.06873440742492674,3.938191452780971,-11.016058762414001,0.0,11.190022890696707,6.055420875549316,0,0.0
245,2.0,20,14.0,0,12.584128680357235,0.5002062320709229,0.0,0.5002062320709229,0.016271638535849203,0.03482961654663086,1.9955900301809655,0.8183823267446804,0.8183823267446804,12.57746870730626,7.394938945770264,1,0.0010659296540433104
245,2.0,21,15.0,0,13.270489264823421,0.5002062320709229,0.0,0.5002062320709229,-0.19489438999541972,0.08054590225219728,4.614940256124176,-10.33684672503315,0.0,13.270489264823421,8.64654541015625,0,0.0
245,2.0,23,16.0,0,14.207823705296475,0.5002062320709229,0.0,0.5002062320709229,0.3358106431700287,1.5737500190734863,90.16923410154357,19.068820013007787,5.0,12.665150103359586,7.927935600280762,0,0.0
245,1.0,8,3.0,1,3.0757576026193987,0.3954155743122101,0.0,0.3954155743122101,0.3569967225038442,2.6599903106689453,152.40621834702324,7.022775627204569,5.0,1.5455639445760045,-1.4846960306167603,0,0.0
245,1.0,1,1.0,0,2.494355033435209,0.3954155743122101,0.0,0.3954155743122101,0.07568673561892447,0.005527496337890625,0.31670221143515126,1.2074537406633175,1.2074537406633175,2.4482345345643846,-2.3756062984466553,1,0.03428689545094674
245,1.0,4,2.0,0,2.585219975179191,0.3954155743122101,0.0,0.3954155743122101,0.12829383772140024,0.0614480972290039,3.520716630331452,2.1212690602599356,2.1212690602599356,2.4453641231267205,-2.711477518081665,1,0.04110310109270621
245,1.0,10,5.0,0,5.205908301890584,0.3954155743122101,0.0,0.3954155743122101,-0.3460338614961661,0.006613492965698242,0.3789252347739674,-11.521461458201578,0.0,5.205908301890584,0.29839539527893066,0,0.0
245,1.0,11,7.0,0,5.428557643726388,0.3954155743122101,0.0,0.3954155743122101,-0.3524862664482969,0.05511093139648437,3.1576237740535746,-12.238244137503278,0.0,5.428557643726388,0.459977388381958,0,0.0
245,1.0,12,4.0,0,5.05158338977531,0.3954155743122101,0.0,0.3954155743122101,0.013349428386291436,0.0015606880187988281,0.08942083661380694,0.4313031743722197,0.4313031743722197,5.048703743587167,-0.130629301071167,1,0.00932676502457042
245,1.0,13,6.0,0,5.207537484082172,0.3954155743122101,0.0,0.3954155743122101,0.08085773247056333,3.1157984733581543,178.5221023367273,2.693062427456448,2.693062427456448,5.097497399036287,0.14761948585510254,1,0.01907818234466295
245,1.0,14,8.0,0,7.170808967991706,0.3954155743122101,0.0,0.3954155743122101,-0.2721235169368928,0.0106201171875,0.608487892778096,-12.480347738174737,0.0,7.170808967991706,1.9544785022735596,0,0.0
245,1.0,15,10.0,0,7.649880780161457,0.3954155743122101,0.0,0.3954155743122101,-0.30151210131678874,0.028147459030151367,1.6127306064450708,-14.75203290536953,0.0,7.649880780161457,2.5115647315979004,0,0.0
245,1.0,16,9.0,0,7.616898097873973,0.3954155743122101,0.0,0.3954155743122101,0.011426875828738997,0.019378423690795895,1.1103018910989326,0.5566703776836919,0.5566703776836919,7.613716931931919,2.4580259323120117,1,0.002122768337056491
245,1.0,17,11.0,0,9.158221009528445,0.3954155743122101,0.0,0.3954155743122101,-0.23300158698920054,0.012897729873657228,0.7389854870603597,-13.647793948890062,0.0,9.158221009528445,4.086122035980225,0,0.0
245,1.0,18,12.0,0,9.96739497530943,0.3954155743122101,0.0,0.3954155743122101,0.02368597571551511,0.024237155914306644,1.3886867412903128,1.509959872686642,1.509959872686642,9.949496468647459,4.755001068115234,1,0.0016397554866611182
245,1.0,19,13.0,0,11.404426700220899,0.3954155743122101,0.0,0.3954155743122101,-0.20439667909669346,0.06368637084960936,3.6489602621876114,-14.908699173623106,0.0,11.404426700220899,6.269824981689453,0,0.0
245,1.0,20,14.0,0,12.58543003572913,0.3954155743122101,0.0,0.3954155743122101,0.000876881006147869,0.02769303321838379,1.5866939253289822,0.07058317349906316,0.07058317349906316,12.585399089168986,7.402868747711182,1,9.747487117332469e-05
245,1.0,21,15.0,0,13.457537753956949,0.3954155743122101,0.0,0.3954155743122101,-0.1642775550064706,0.07985234260559082,4.575202215533041,-14.139573032895738,0.0,13.457537753956949,8.833593368530273,0,0.0
245,1.0,23,16.0,0,13.938184051856041,0.3954155743122101,0.0,0.3954155743122101,0.2596111254422697,1.5749590396881104,90.23850588010585,23.143122439224125,5.0,12.727793802949199,7.990579605102539,0,0.0
304,2.0,1,1.0,1,4.949892271093598,3.3068206310272217,0.0,3.3068206310272217,2.119736561863618,0.020012617111206055,1.1466384974834005,0.9595251463862854,0.9595251463862854,3.7991639820163097,-5.4444427490234375,1,1.0817603263590625
304,2.0,2,2.0,0,18.921847819967144,3.3068206310272217,2.696777582168579,2.230652698099242,0.6758780055841892,0.7349227666854857,42.10797279915603,2.570206059961089,2.570206059961089,18.0323686042591,8.818822860717773,1,0.01928038074319222
304,2.0,5,3.0,0,33.97465867967967,3.3068206310272217,7.895941257476807,8.759286150443238,-4.114497163628516,1.636797547340393,93.78159137996909,-1.8219415543253603,0.0,33.97465867967967,24.693044662475586,0,0.0
304,1.0,1,1.0,1,3.889467927640795,1.7590906620025635,0.0,1.7590906620025635,0.16653331819109948,2.123200956975119,121.6504538928118,0.2093220039291803,0.2093220039291803,3.871999154936876,-5.371607780456543,1,0.13770800303808242
304,1.0,2,2.0,0,20.215440441023436,1.7590906620025635,4.370409965515137,3.660396112880745,-2.184214739646826,0.9617455005645752,55.10395814804689,-3.295508001482816,0.0,20.215440441023436,11.001895904541016,0,0.0
528,2.0,1,2.0,1,3.7811654156296086,0.5895547866821289,2.30655574798584,1.7170713725580098,-1.0510760328346151,0.01333475112915039,0.7640249605576264,-1.3479789643343565,0.0,3.7811654156296086,-2.000760078430176,0,0.0
528,2.0,2,1.0,0,3.1404029028681664,0.5895547866821289,0.0,0.5895547866821289,-0.026440337213902664,0.008289337158203125,0.47494403412600666,-0.23889332779838662,0.0,3.1404029028681664,-2.7763237953186035,0,0.0
528,2.0,5,6.0,0,14.251488830859111,0.5895547866821289,3.6332767009735107,3.0437307098453243,3.0432352621166165,0.004999637603759766,0.2864581337903348,4.6814815048453085,4.6814815048453085,0.2571303662921758,-5.684346675872803,1,0.5356411456274688
528,2.0,9,3.0,0,9.25729407396071,0.5895547866821289,0.0,0.5895547866821289,-0.5592894076526876,3.1238122622119353,178.98125861595796,-14.896090931870827,0.0,9.25729407396071,3.297050714492798,0,0.0
528,2.0,13,4.0,0,9.46743424739051,0.5895547866821289,0.0,0.5895547866821289,0.5523397692782026,3.1345791816711426,179.5981576593278,15.044933488485563,5.0,6.784488036142132,0.8154988288879395,0,0.0
528,2.0,23,5.0,0,11.751581291851442,0.5895547866821289,0.0,0.5895547866821289,0.5701193954236572,0.0012893676757812502,0.07387532606285793,19.275860980308188,5.0,8.932580243561489,3.0165822505950928,0,0.0
528,2.0,25,8.0,0,16.895616810849834,0.5895547866821289,0.0,0.5895547866821289,-0.5809559406120984,0.009000778198242188,0.5157066030926427,-28.240274160846678,0.0,16.895616810849834,10.953323364257812,0,0.0
528,2.0,28,7.0,0,16.460274557878883,0.5895547866821289,0.0,0.5895547866821289,0.5895492861817831,0.0319976806640625,1.8333320562581426,27.919578225172152,5.0,13.512534126643807,7.6207475662231445,0,0.0
528,2.0,29,10.0,0,18.781124654807236,0.5895547866821289,1.4437514543533325,2.033300515665181,-0.7341225070163999,3.1363625526428223,179.7003372893112,-3.334932074416854,0.0,18.781124654807236,15.008225440979004,0,0.0
528,2.0,31,9.0,0,17.89023402351128,0.5895547866821289,0.0,0.5895547866821289,0.5810401299599391,0.0010027885437011719,0.057455551298147264,29.90706608005475,5.0,14.993345375804182,9.075727462768555,0,0.0
528,2.0,32,11.0,0,19.558103457474452,0.5895547866821289,0.0,0.5895547866821289,0.5835365944349817,0.0010142326354980469,0.05811124945846848,32.835716393498885,5.0,16.645722909022382,10.823688507080078,0,0.0
528,2.0,34,12.0,0,23.240344096117205,0.5895547866821289,0.0,0.5895547866821289,0.0637847974046524,2.5065250396728516,143.61330601711563,4.264924964258176,4.264924964258176,23.103925023873686,17.211315155029297,1,0.0006652481635737447
528,2.0,38,13.0,0,23.72499409247709,0.5895547866821289,0.0,0.5895547866821289,-0.02261157842983657,0.7027810255633755,40.266386686657036,-1.5434360974960468,0.0,23.72499409247709,18.3690185546875,0,0.0
528,2.0,43,16.0,0,24.789317847180918,0.5895547866821289,0.0,0.5895547866821289,-0.5858587512007797,0.013161182403564453,0.7540802051260878,-41.78391774698383,0.0,24.789317847180918,18.880929946899414,0,0.0
528,2.0,48,14.0,0,24.523482983010915,0.5895547866821289,0.0,0.5895547866821289,0.17013346731832293,2.3151228427886963,132.64676794612149,12.003933059706641,5.0,23.840468470109933,17.910266876220703,0,0.0
528,2.0,50,15.0,0,24.749889148658983,0.5895547866821289,0.0,0.5895547866821289,-0.1037757679983809,2.484729290008545,142.36450155002717,-7.389599046484165,0.0,24.749889148658983,19.030410766601562,0,0.0
528,1.0,1,2.0,1,4.429458570619806,0.53840172290802,0.6539592146873474,0.11568751753092829,-0.08072622010418984,0.009241104125976562,0.5294762644593884,-26.717280982824757,0.0,4.429458570619806,-1.3524668216705322,0,0.0
528,1.0,2,1.0,0,3.2034422301583203,0.53840172290802,0.0,0.53840172290802,-0.11581524752059041,0.004738807678222656,0.2715136798863469,-1.2798814781427117,0.0,3.2034422301583203,-2.7132842540740967,0,0.0
528,1.0,5,6.0,0,11.355059708085246,0.53840172290802,3.2551686763763428,2.7167669581256724,2.716139758607035,0.0001201629638671875,0.006884830683372853,4.178657362218231,4.178657362218231,0.24398100611193838,-5.697495937347412,1,0.5244872500009542
528,1.0,9,4.0,0,9.766293973992939,0.53840172290802,0.0,0.53840172290802,-0.5143959226733278,3.1236901918994353,178.97426450224785,-17.33063311087034,0.0,9.766293973992939,3.8060505390167236,0,0.0
528,1.0,13,3.0,0,8.978576091575611,0.53840172290802,0.0,0.53840172290802,0.4995799760729954,3.1331160068511963,179.51432391745507,15.473893677879582,5.0,6.557939518094244,0.5889501571655273,0,0.0
528,1.0,23,5.0,0,11.185279100837123,0.53840172290802,0.0,0.53840172290802,0.5196136877025603,0.004647254943847656,0.2662680946037771,20.050006886384153,5.0,8.616097592802573,2.7000997066497803,0,0.0
528,1.0,25,8.0,0,17.296458827421603,0.53840172290802,0.0,0.53840172290802,-0.5314313200004135,0.016997814178466797,0.9739030133737782,-31.709650951375128,0.0,17.296458827421603,11.354166030883789,0,0.0
528,1.0,28,7.0,0,15.92470733867573,0.53840172290802,0.0,0.53840172290802,0.5383873297884944,0.03847312927246094,2.2043479319732353,29.576951456780552,5.0,13.232785329850332,7.340998649597168,0,0.0
528,1.0,29,11.0,0,19.32091856961092,0.53840172290802,1.3769643306732178,1.9139522297396205,-0.7432478531275534,3.056110382080078,175.10222661930192,-3.920118952246614,0.0,19.32091856961092,15.548019409179688,0,0.0
528,1.0,31,9.0,0,17.399845609014427,0.53840172290802,0.0,0.53840172290802,0.529500381015799,0.0027475357055664062,0.15742219999045387,31.783285550391366,5.0,14.760395956830042,8.842778205871582,0,0.0
528,1.0,32,10.0,0,18.9971100931737,0.53840172290802,0.0,0.53840172290802,0.5329939561062127,0.008444786071777344,0.4838506008037033,34.92986780280387,5.0,16.336574109692062,10.51453971862793,0,0.0
528,1.0,34,12.0,0,23.168866502087152,0.53840172290802,0.0,0.53840172290802,0.04780160152811844,2.519896984100342,144.3794619966943,3.8206244668472196,3.8206244668472196,23.077369852254748,17.18475914001465,1,0.0005452950979281793
528,1.0,38,13.0,0,23.729366373469357,0.53840172290802,0.0,0.53840172290802,-0.030598299390757155,0.68790847459902,39.41425228580624,-2.5047855517030166,0.0,23.729366373469357,18.373390197753906,0,0.0
528,1.0,43,16.0,0,25.392531403369553,0.53840172290802,0.0,0.53840172290802,-0.535479228413551,0.017411231994628906,0.9975901094153824,-46.90679340897539,0.0,25.392531403369553,19.48414421081543,0,0.0
528,1.0,48,14.0,0,24.32689364337643,0.53840172290802,0.0,0.53840172290802,0.14641625644533554,2.323608875274658,133.13298179237802,12.287487049875716,5.0,23.736599118973142,17.806396484375,0,0.0
528,1.0,50,15.0,0,24.88734179064751,0.53840172290802,0.0,0.53840172290802,-0.10484368924285657,2.480267286300659,142.1088475693936,-9.001355721562149,0.0,24.88734179064751,19.167863845825195,0,0.0
643,2.0,1,11.0,1,43.9055675818823,0.4798137843608856,22.877246856689453,22.399009310881294,22.353372375760568,0.08022522926330566,4.596567047256841,1.9561629459057794,1.9561629459057794,2.8012837196353675,-6.479828357696533,1,7.561617131667081
643,2.0,2,1.0,0,6.758144951784924,0.4798137843608856,3.6698970794677734,3.1912363944350077,-2.4402410668103953,0.06465482711791994,3.7044487190047963,-1.6193558017885008,0.0,6.758144951784924,-2.469048023223877,0,0.0
643,2.0,3,4.0,0,15.662504038968141,0.4798137843608856,1.7846648693084717,1.306192483930864,-1.246288283713385,0.06396543979644775,3.664949735034612,-11.441035875444559,0.0,15.662504038968141,6.441736221313477,0,0.0
643,2.0,4,6.0,0,27.336584215249317,0.4798137843608856,1.8413565158843994,1.3633339922032557,-1.3423633582621883,0.07434427738189697,4.2596133249326025,-19.742848362919712,0.0,27.336584215249317,18.1326904296875,0,0.0
643,2.0,5,3.0,0,14.37393713693961,0.4798137843608856,3.424957752227783,2.946949332351344,2.761891190695336,0.08047676086425781,4.610978746405568,4.571270995649341,4.571270995649341,5.013385794437898,-4.31587028503418,1,0.4957380807453314
643,2.0,6,2.0,0,12.990173601384887,0.4798137843608856,2.9482781887054443,2.4710437761438153,1.9013897595246885,0.09493827819824219,5.439562654998155,4.045062414281511,4.045062414281511,8.296629684497148,-0.8505721092224121,1,0.37688131551004284
643,2.0,18,9.0,0,39.75647563494172,0.4798137843608856,0.0912308469414711,0.3888333337362706,0.37891108822628977,0.06669819355010986,3.8215249915679843,99.63644288238044,5.0,37.86443508727615,28.645069122314453,0,0.0
643,2.0,21,5.0,0,21.272016832351127,0.4798137843608856,1.6071399450302124,1.1300698616154117,-1.1300058156087993,0.08965086936950684,5.136616444551409,-18.82256307908266,0.0,21.272016832351127,10.753925323486328,0,0.0
643,2.0,23,7.0,0,28.653504174896778,0.4798137843608856,2.875600814819336,2.397786259297329,2.362107379214914,0.08336544036865234,4.776487890373317,11.772167793446908,5.0,16.968536725770246,7.711921691894531,0,0.0
643,2.0,26,12.0,0,46.56519069517899,0.4798137843608856,0.0,0.47981378436088556,0.47084206622707725,0.06538259983062743,3.7461470238877226,95.23381928943655,5.0,44.21339175134829,34.92047119140625,0,0.0
643,2.0,27,8.0,0,33.196258962423045,0.4798137843608856,0.0,0.47981378436088556,0.47664388715758527,0.07128846645355225,4.084528255748495,68.72863689605049,5.0,30.814269449111215,21.52912712097168,0,0.0
643,2.0,28,10.0,0,42.96120659092174,0.4798137843608856,2.466970920562744,1.9885127631694572,1.97563709564095,0.06748998165130615,3.866891108035209,21.464801506444704,5.0,33.10230071815037,23.860919952392578,0,0.0
643,2.0,29,14.0,0,56.64877086527373,0.4798137843608856,0.0,0.47981378436088556,0.47291212145059436,0.06908082962036133,3.958039982509029,116.36583656864292,5.0,54.28572434962254,44.97707748413086,0,0.0
643,2.0,30,13.0,0,47.91407689833413,0.4798137843608856,2.420032501220703,1.941831655755593,-1.9413893688079955,0.07344973087310791,4.208359585400826,-24.66906102130567,0.0,47.91407689833413,37.610843658447266,0,0.0
643,2.0,43,15.0,0,61.80340511703191,0.4798137843608856,4.318344593048096,3.840259184971865,3.826949691215782,0.08005464076995851,4.586793046554554,16.037773790943426,5.0,42.69854128617152,30.784290313720703,0,0.0
643,2.0,48,16.0,0,64.38780512929193,0.4798137843608856,0.0,0.47981378436088556,0.47415236377857295,0.06854140758514404,3.927133376514721,132.60994655496086,5.0,62.01813187329623,52.72405242919922,0,0.0
643,1.0,1,4.0,1,20.938973705360237,0.027611926198005676,23.48111343383789,23.45360883165484,23.28034142622219,0.08814561367034912,5.0503716459016585,0.8861870141631505,0.8861870141631505,2.540507000970735,-6.740605354309082,1,12.342541461378389
643,1.0,2,1.0,0,8.967513966620608,0.027611926198005676,2.786259174346924,2.758782208165436,-2.4247455867048044,0.09842085838317871,5.639099801410907,-2.8569550425026677,0.0,8.967513966620608,-0.25967884063720703,0,0.0
643,1.0,3,3.0,0,17.049657166297994,0.027611926198005676,1.3264617919921875,1.2989130975660883,-1.2426790578205993,0.06698119640350342,3.8377398606575945,-12.557825330584956,0.0,17.049657166297994,7.828889846801758,0,0.0
643,1.0,4,7.0,0,28.392410420840097,0.027611926198005676,1.4200142621994019,1.3924880611320212,-1.3681213725016426,0.07805013656616211,4.471943415660789,-20.032904976203156,0.0,28.392410420840097,19.18851661682129,0,0.0
643,1.0,5,2.0,0,11.575979861615059,0.027611926198005676,3.4583041667938232,3.430779988404689,3.1099290688466277,0.07942569255828859,4.550756968493566,3.058598772977406,3.058598772977406,4.8879747548770505,-4.441281318664551,1,0.7662568395656341
643,1.0,11,16.0,0,71.84215232401425,0.027611926198005676,25.20556640625,25.233114620323185,24.647246116521192,3.073609892521994,176.1048747111688,2.78103218989021,2.78103218989021,15.39123051927081,6.103557586669922,1,0.9176606759569745
643,1.0,18,9.0,0,39.64416015553554,0.027611926198005676,0.0,0.027611926198005673,0.02701031662214734,0.06974363327026367,3.9960158342943,1404.479773840873,5.0,39.50911896916026,30.289752960205078,0,0.0
643,1.0,21,5.0,0,23.073180170936922,0.027611926198005676,2.592921257019043,2.565418898945329,-2.564894535705488,0.08864021301269531,5.078710100768041,-8.992084722612224,0.0,23.073180170936922,12.55508804321289,0,0.0
643,1.0,23,6.0,0,25.967142218079115,0.027611926198005676,2.9228837490081787,2.895361322470717,2.8523971266314083,0.08015596866607666,4.5925987073490635,8.835448699048717,5.0,11.965967832509467,2.7093539237976074,0,0.0
643,1.0,26,11.0,0,46.52198578133394,0.027611926198005676,0.0,0.027611926198005673,0.02710939595635925,0.05681741237640381,3.255397932022307,1654.1872810719838,5.0,46.38644621188524,37.093528747558594,0,0.0
643,1.0,27,8.0,0,35.17176097774495,0.027611926198005676,0.0,0.027611926198005673,0.027439518246863907,0.07112646102905273,4.075246028666448,1265.8352560555531,5.0,35.03456677291871,25.749422073364258,0,0.0
643,1.0,28,10.0,0,40.83818502409885,0.027611926198005676,1.9565891027450562,1.9290326284963055,1.919101169125338,0.06293809413909911,3.606087164767441,21.06129908012181,5.0,31.257966054440683,22.016582489013672,0,0.0
643,1.0,29,13.0,0,56.61274888735163,0.027611926198005676,0.0,0.027611926198005673,0.02722110578752783,0.06594085693359375,3.7781327997708933,2021.2805569780276,5.0,56.47664810149579,47.167999267578125,0,0.0
643,1.0,30,12.0,0,49.568363563591234,0.027611926198005676,1.5503638982772827,1.522812283827294,-1.5215197430811436,0.06551599502563477,3.753790005568968,-32.522912501509104,0.0,49.568363563591234,39.26512908935547,0,0.0
643,1.0,46,14.0,0,60.203425284543194,0.027611926198005676,3.128840446472168,3.1012960944939945,3.0943157873603955,0.06966626644134521,3.991583041522962,19.368650826638973,5.0,44.74392986231012,32.81558609008789,0,0.0
643,1.0,48,15.0,0,64.33795524686103,0.027611926198005676,0.0,0.027611926198005673,0.027291554190207977,0.07321059703826904,4.194658225925781,2303.043361311019,5.0,64.20150090058435,54.90742111206055,0,0.0
654,2.0,3,1.0,1,4.0608205775309,0.564490020275116,1.2482789754867554,0.6838315247787411,0.32893100751468096,0.00908970832824707,0.5208019242134723,2.8564089187912813,2.8564089187912813,3.56017882106122,-3.5280821323394775,1,0.08529463924634273
654,2.0,1,4.0,0,7.11088076881348,0.564490020275116,0.0,0.564490020275116,0.4953746071613318,0.008758306503295898,0.5018139983208368,11.054639918716994,5.0,4.827561725013565,-1.035538911819458,0,0.0
654,2.0,5,12.0,0,17.250155045028354,0.564490020275116,4.498760223388672,3.9342983088039354,3.8347685427403366,0.009331941604614258,0.5346808686069382,4.273636566542846,4.273636566542846,3.8555526458785634,-2.3248355388641357,1,0.7271582890389117
654,2.0,7,10.0,0,15.839984083473166,0.564490020275116,0.0,0.564490020275116,0.5174673838658739,0.02086925506591797,1.1957202368591122,25.72321131307049,5.0,13.300547699170844,7.259363174438477,0,0.0
654,2.0,8,5.0,0,9.842405179768992,0.564490020275116,0.0,0.564490020275116,0.4322047515501807,0.006750822067260743,0.38679361269782214,13.349906990003122,5.0,7.893023593257264,2.290457248687744,0,0.0
654,2.0,9,3.0,0,7.014520958097353,0.564490020275116,0.0,0.564490020275116,-0.5644529641020396,0.002752065658569336,0.15768174717891437,-12.425481824543242,0.0,7.014520958097353,1.2064812183380127,0,0.0
654,2.0,10,2.0,0,6.840289867768036,0.564490020275116,0.0,0.564490020275116,0.4785906261340595,3.131551742553711,179.42469817516616,10.27368290974348,5.0,4.692419838666336,-1.0822656154632568,0,0.0
654,2.0,13,6.0,0,13.913534279288912,0.564490020275116,2.6230661869049072,2.0586917120417563,2.0089481794154,0.017924785614013672,1.0270145643597972,6.595133095508454,5.0,4.475045438380584,-1.4594178199768066,0,0.0
654,2.0,16,14.0,0,33.82084775957355,0.564490020275116,4.406821250915527,3.8423377549812296,3.8187379494457057,0.004489421844482422,0.2572249241426802,8.748090559896056,5.0,14.879824613919803,9.411933898925781,0,0.0
654,2.0,19,7.0,0,14.738533146888528,0.564490020275116,0.0,0.564490020275116,-0.564310215795225,0.011757135391235352,0.6736342370816776,-26.101149743451433,0.0,14.738533146888528,8.809974670410156,0,0.0
654,2.0,21,8.0,0,14.824613500393147,0.564490020275116,0.0,0.564490020275116,0.5496019268777241,0.0013763904571533203,0.07886136415696722,25.56931476314849,5.0,12.0937599017203,6.160689353942871,0,0.0
654,2.0,22,9.0,0,15.492239211981948,0.564490020275116,0.0,0.564490020275116,0.5644595286779717,0.0003542900085449219,0.020299322213277897,27.44318202964621,5.0,12.669975530300318,6.662869453430176,0,0.0
654,2.0,23,11.0,0,15.916106808051378,0.564490020275116,0.0,0.564490020275116,0.5503724311139112,3.126657485961914,179.14427792860212,27.49039496568954,5.0,13.179181177975185,7.344759464263916,0,0.0
654,2.0,25,15.0,0,37.02181512830296,0.564490020275116,6.591659069061279,7.0473575752306346,6.853113827480757,2.4854652881622314,142.40667113796283,5.108495765939832,5.0,8.665961197764721,2.843801736831665,0,0.0
654,2.0,26,16.0,0,44.26510830964131,0.564490020275116,7.002954483032227,6.439657254490061,6.373417362000156,0.06234622001647949,3.5721752755383287,6.803123959481396,5.0,13.226086126745326,7.363471031188965,0,0.0
654,2.0,27,13.0,0,28.432863741524443,0.564490020275116,1.3670613765716553,1.3787380137660135,0.19274878547903063,1.3840248584747314,79.29878313179317,2.883027296172646,2.883027296172646,28.153642710724768,24.323307037353516,1,0.0019602018106983474
654,1.0,3,1.0,1,4.102252207196927,0.44837686419487,0.0,0.44837686419487005,-0.22531408227054828,0.005448818206787109,0.31219428658294285,-4.597527153802841,0.0,4.102252207196927,-2.986008882522583,0,0.0
654,1.0,1,3.0,0,6.635363212122941,0.44837686419487,0.0,0.44837686419487005,0.38343888793074005,0.013353824615478516,0.7651177908248283,12.655358909638252,5.0,4.859169409960457,-1.0039312839508057,0,0.0
654,1.0,5,7.0,0,13.634932244263084,0.44837686419487,3.879575490951538,3.4311987787637244,3.300022343555623,0.000774383544921875,0.04436890884840283,3.8218893311635123,3.8218893311635123,3.7340656270341164,-2.4463226795196533,1,0.6843836755497111
654,1.0,7,11.0,0,15.30753472715128,0.44837686419487,0.0,0.44837686419487005,0.40933112436447966,0.026278972625732422,1.5056742213942909,31.166901690846085,5.0,13.292409891379421,7.251225471496582,0,0.0
654,1.0,8,5.0,0,9.527805514055707,0.44837686419487,0.0,0.44837686419487005,0.3368800861936893,0.0006475448608398438,0.03710158757150926,15.965474571529008,5.0,7.981719350752882,2.379152774810791,0,0.0
654,1.0,9,4.0,0,7.564498114942252,0.44837686419487,0.0,0.44837686419487005,-0.44832457256592234,0.014857053756713867,0.8512464762586891,-16.8688808785391,0.0,7.564498114942252,1.7564582824707031,0,0.0
654,1.0,10,2.0,0,6.39093400464919,0.44837686419487,0.0,0.44837686419487005,0.3705207573556131,3.131847858428955,179.44166436506447,11.778513534021085,5.0,4.710662977149646,-1.0640227794647217,0,0.0
654,1.0,13,6.0,0,12.084370142213153,0.44837686419487,2.0313663482666016,1.582991400705589,1.5459099207146447,0.0025811195373535156,0.14788725590911608,7.455059124565325,5.0,4.676009967628087,-1.2584528923034668,0,0.0
654,1.0,16,16.0,0,30.325475752707913,0.44837686419487,3.5136308670043945,3.065307236351469,3.0459216629310757,0.014392852783203123,0.8246497196306594,9.830561662166039,5.0,15.193648528913371,9.725757598876953,0,0.0
654,1.0,19,10.0,0,15.27927942126402,0.44837686419487,0.0,0.44837686419487005,-0.448152966873157,0.01156020164489746,0.6623507645728164,-34.05985214938838,0.0,15.27927942126402,9.35072135925293,0,0.0
654,1.0,21,8.0,0,14.295667015957983,0.44837686419487,0.0,0.44837686419487005,0.43504168820767686,0.006804943084716796,0.3898945185810078,30.934913688490134,5.0,12.13260193087237,6.199531555175781,0,0.0
654,1.0,22,9.0,0,14.978539992407136,0.44837686419487,0.0,0.44837686419487005,0.4483709404070825,0.002502918243408203,0.14340665181358772,33.40569796887924,5.0,12.736690503799005,6.729584693908691,0,0.0
654,1.0,23,12.0,0,15.362836351500736,0.44837686419487,0.0,0.44837686419487005,0.43689889174695395,3.121748924255371,178.86303805933767,33.38612051772976,5.0,13.187976505553008,7.353555202484131,0,0.0
654,1.0,25,15.0,0,29.281110592880342,0.44837686419487,8.31296443939209,8.715908074937568,7.656268740099173,2.6758389472961426,153.31427833679808,2.951069459325986,2.951069459325986,13.992881379117966,8.170722007751465,1,0.21129974629338152
654,1.0,27,14.0,0,28.24600638644537,0.44837686419487,1.352817416191101,1.356182597094616,0.045105029105424535,1.4119237661361694,80.89727279381877,0.6927007951891111,0.6927007951891111,28.23037991918555,24.400043487548828,1,0.00104908410994295
654,1.0,33,13.0,0,27.537090834006552,0.44837686419487,0.0,0.44837686419487005,-0.3984388263892079,0.03452324867248535,1.9780364440140328,-54.57494650532673,0.0,27.537090834006552,21.64759063720703,0,0.0
916,2.0,2,1.0,1,4.988109586387285,0.15696725249290466,0.0,0.1569672524929047,0.12424464140213765,0.035284042358398444,2.0216267112970545,25.15333297379805,5.0,4.3931476570148975,-1.341083288192749,0,0.0
916,2.0,8,4.0,0,10.631751946604304,0.15696725249290466,3.900547742843628,3.7435879792191917,3.5490460775935007,0.009569764137268066,0.5483070960011136,2.6924049794535856,2.6924049794535856,3.3827163326126457,-2.484802722930908,1,0.9611746537398236
916,2.0,12,13.0,0,19.909126893601258,0.15696725249290466,3.2090981006622314,3.052574286390838,2.9675883970481323,0.07332468032836914,4.201194716961483,6.340498378784952,5.0,6.205452309524273,-0.4630439281463623,0,0.0
916,2.0,15,2.0,0,6.433390044466401,0.15696725249290466,0.0,0.1569672524929047,-0.04721874707998094,0.03556358814239502,2.037643504900734,-12.32923778735302,0.0,6.433390044466401,0.47792482376098633,0,0.0
916,2.0,17,3.0,0,8.458796101646463,0.15696725249290466,0.0,0.1569672524929047,-0.1568291544224656,0.02140367031097412,1.2263399749082795,-53.84151159692253,0.0,8.458796101646463,2.515110731124878,0,0.0
916,2.0,18,15.0,0,20.791104564133928,0.15696725249290466,1.4207745790481567,1.5773036920950818,-1.4617903431703785,3.062842011451721,175.48792057154338,-12.216084027983433,0.0,20.791104564133928,16.9852237701416,0,0.0
916,2.0,19,6.0,0,12.033079256342674,0.15696725249290466,0.0,0.1569672524929047,-0.1348333116386437,0.02386248111724853,1.3672194567289622,-65.85001305485605,0.0,12.033079256342674,6.086386680603027,0,0.0
916,2.0,21,5.0,0,11.780933488800025,0.15696725249290466,1.4018994569778442,1.2484339072656871,-0.5730505286772819,0.19952178001403809,11.431755915742041,-4.331531834681223,0.0,11.780933488800025,7.905176639556885,0,0.0
916,2.0,31,7.0,0,12.452799983588074,0.15696725249290466,0.0,0.1569672524929047,0.11230555895406484,0.019915461540222168,1.1410718933098403,56.761015022784264,5.0,11.903907289757012,3.4731740951538086,0,0.0
916,2.0,40,8.0,0,13.24270368573594,0.15696725249290466,0.0,0.1569672524929047,0.14298484547813103,0.8370689153671265,47.960516012129844,76.85082937036015,5.0,12.531963511952435,8.805241584777832,0,0.0
916,2.0,41,9.0,0,13.546466751769081,0.15696725249290466,0.0,0.1569672524929047,0.1483438515802264,0.6919773817062378,39.6473834902806,81.56004806309795,5.0,12.807317396045722,9.099847793579102,0,0.0
916,2.0,42,10.0,0,13.6180802696288,0.15696725249290466,0.0,0.1569672524929047,0.15350646232005516,0.029553532600402836,1.6932926877053713,84.84464555529543,5.0,12.85159308922905,9.520073890686035,0,0.0
916,2.0,47,11.0,0,16.28608954995673,0.15696725249290466,9.827713966369629,9.984641394848571,0.2673783596644032,3.1188870668411255,178.6990657079332,0.0436795474423563,0.0436795474423563,16.280249019815983,10.347769737243652,1,0.022576081644714485
916,2.0,52,14.0,0,20.56191482581498,0.15696725249290466,1.9885196685791016,2.1437946121508857,-2.114282761605158,2.988947033882141,171.25405022959256,-9.459327775632058,0.0,20.56191482581498,16.696889877319336,0,0.0
916,2.0,53,12.0,0,19.606368308018144,0.15696725249290466,0.0,0.1569672524929047,-0.1469871065468454,0.02762520313262939,1.5828075476912447,-116.96563538510892,0.0,19.606368308018144,13.680885314941406,0,0.0
916,2.0,56,16.0,0,21.349038884435156,0.15696725249290466,0.0,0.1569672524929047,0.14407891608749268,0.04785013198852539,2.741610612086438,124.84197991303215,5.0,20.630995260244042,12.124031066894531,0,0.0
916,1.0,2,1.0,1,4.998311390904546,0.10518109053373337,0.0,0.10518109053373337,0.08311942541017747,0.03299367427825928,1.8903982867735991,37.55350716859088,5.0,4.594031518966915,-1.1401994228363037,0,0.0
916,1.0,8,3.0,0,7.491382800230566,0.10518109053373337,3.1476457118988037,3.042490297125655,2.732227328187161,0.02172386646270752,1.2446858630189337,2.2111612591929157,2.2111612591929157,3.295817352890609,-2.571701765060425,1,0.8508533541768847
916,1.0,12,11.0,0,18.015415367167563,0.10518109053373337,2.446507453918457,2.341425449129055,2.284431659036522,0.04246652126312256,2.4331524389794925,7.506919887208388,5.0,7.0754623200749664,0.406965970993042,0,0.0
916,1.0,15,2.0,0,6.471681462544651,0.10518109053373337,0.0,0.10518109053373337,-0.03308880606725476,0.04133749008178711,2.3684637173503016,-19.356324370316248,0.0,6.471681462544651,0.5162162780761719,0,0.0
916,1.0,17,4.0,0,8.593344640476559,0.10518109053373337,0.0,0.10518109053373337,-0.10505760021201742,0.03390491008758545,1.9426082527891766,-81.60454868331517,0.0,8.593344640476559,2.6496589183807373,0,0.0
916,1.0,18,15.0,0,22.22384073347661,0.10518109053373337,1.3873621225357056,1.4924111154907533,-1.4077198995826459,3.0896048545837402,177.02131853077876,-14.046186026695922,0.0,22.22384073347661,18.417959213256836,0,0.0
916,1.0,19,6.0,0,12.229299526212444,0.10518109053373337,0.0,0.10518109053373337,-0.09029735369353196,0.022666215896606445,1.2986785084078845,-99.81625377497974,0.0,12.229299526212444,6.282607078552246,0,0.0
916,1.0,21,5.0,0,12.030200996379028,0.10518109053373337,1.3655487298965454,1.2687538299974068,-0.47721663484182636,0.3866819143295288,22.15524170512127,-3.5664301682519723,0.0,12.030200996379028,8.154444694519043,0,0.0
916,1.0,26,16.0,0,32.96406073357738,0.10518109053373337,0.627968966960907,0.5228408001025563,0.5004893914409526,0.028946161270141598,1.658492873884156,60.35269124354531,5.0,30.47099827120154,24.522380828857422,0,0.0
916,1.0,31,7.0,0,12.39976206206721,0.10518109053373337,0.0,0.10518109053373337,0.07507518209902157,0.019492030143737793,1.116811061377955,84.14618042725594,5.0,12.030026259035578,3.5992937088012695,0,0.0
916,1.0,40,8.0,0,13.097336577449607,0.10518109053373337,0.0,0.10518109053373337,0.09578178474097666,1.5208160877227783,87.13634324211277,113.39413037322947,5.0,12.620298698554326,8.893576622009277,0,0.0
916,1.0,41,9.0,0,13.413983214801855,0.10518109053373337,0.0,0.10518109053373337,0.09911086194425728,2.0442722479449675,117.12817198296801,120.17210622650157,5.0,12.919628781311188,9.212159156799316,0,0.0
916,1.0,42,10.0,0,13.491500595467922,0.10518109053373337,0.0,0.10518109053373337,0.10276829043782569,0.0316990613937378,1.816222432387261,125.32682868155467,5.0,12.978142407381977,9.646623611450195,0,0.0
916,1.0,47,12.0,0,19.47687003004737,0.10518109053373337,11.844712257385254,11.949888088963007,-6.559025246366323,3.1315484046936035,179.4245069298694,-0.894603911063884,0.0,19.47687003004737,13.544389724731445,0,0.0
916,1.0,53,13.0,0,20.0934045663532,0.10518109053373337,0.0,0.10518109053373337,-0.0988344258978573,0.013765215873718262,0.7886887736505424,-179.50908523316824,0.0,20.0934045663532,14.16792106628418,0,0.0
916,1.0,56,14.0,0,20.783524167569983,0.10518109053373337,0.0,0.10518109053373337,0.09608787925812011,0.034720778465270996,1.9893540674687438,180.51465279827798,5.0,20.304211527695315,11.797246932983398,0,0.0
1482,2.0,1,1.0,1,4.8909148586049955,0.0022327180486172438,0.0,0.0022327180486172438,0.0016956839294785518,0.0034978389739990234,0.20041141062651413,1663.6702122427826,5.0,4.882441840166496,-5.685750961303711,0,0.0
1482,2.0,2,2.0,0,10.555327377098928,0.0022327180486172438,0.0,0.0022327180486172438,-0.002231690916295284,0.027521371841430664,1.5768584529241638,-4725.393582627363,0.0,10.555327377098928,1.606083631515503,0,0.0
1482,2.0,3,10.0,0,97.67535253165673,0.0022327180486172438,16.07598114013672,16.078210892137708,-15.979420603073944,3.090038299560547,177.0461530986009,-6.037686706357202,0.0,97.67535253165673,88.49853515625,0,0.0
1482,2.0,4,3.0,0,24.562615266202172,0.0022327180486172438,0.0,0.0022327180486172438,0.0015394228555529312,5.626678466796875e-05,0.0032238492882460186,7585.160411895561,5.0,24.554919483229543,17.390335083007812,0,0.0
1482,2.0,7,4.0,0,48.468699858325635,0.0022327180486172438,7.948949813842773,7.949870273681496,0.9535160418294907,1.9956014156341553,114.33953870616952,0.7312557438829648,0.7312557438829648,48.118804873158595,35.77522277832031,1,0.014976539089672803
1482,2.0,12,5.0,0,64.45855751121118,0.0022327180486172438,0.0,0.0022327180486172438,0.0020723340670887993,1.6019868850708008,91.78708734986616,26796.161254314346,5.0,64.44819597479365,55.1515007019043,0,0.0
1482,2.0,15,6.0,0,67.0024417902958,0.0022327180486172438,0.0,0.0022327180486172438,0.002093751158922855,1.6110210418701172,92.3047064059264,28141.54446332937,5.0,66.99197314668551,57.772891998291016,0,0.0
1482,2.0,17,7.0,0,68.88473557105061,0.0022327180486172438,0.0,0.0022327180486172438,0.0021305308631808417,1.5900640487670898,91.10395914983816,29440.3561328553,5.0,68.87408299765559,59.76543426513672,0,0.0
1482,2.0,20,8.0,0,69.12641475878766,0.0022327180486172438,0.0,0.0022327180486172438,0.0019359378917554288,1.5825319290161133,90.67240047732007,26845.264471851387,5.0,69.11673529307613,59.81311798095703,0,0.0
1482,2.0,21,9.0,0,70.65527011847084,0.0022327180486172438,0.0,0.0022327180486172438,0.001986012987040421,1.5677170753479004,89.82357188802757,28148.73477309053,5.0,70.64534023769185,61.51480484008789,0,0.0
1482,1.0,1,1.0,1,4.8176699974601105,0.00303433439694345,0.0,0.0030343343969434495,0.002277265584396063,0.0027632713317871094,0.15832378496089558,1191.5817706694713,5.0,4.8062941278323965,-5.761898994445801,0,0.0
1482,1.0,2,2.0,0,10.550281903096515,0.00303433439694345,0.0,0.0030343343969434495,-0.003032970574426772,0.01981186866760254,1.135136458921099,-3475.4046710321563,0.0,10.550281903096515,1.6010377407073975,0,0.0
1482,1.0,3,9.0,0,112.81301739479021,0.00303433439694345,14.818151473999023,14.821173819255762,-14.792120631518115,3.052659273147583,174.90449264283006,-7.596690868709034,0.0,112.81301739479021,103.63619995117188,0,0.0
1482,1.0,4,3.0,0,24.812472948752216,0.00303433439694345,0.0,0.0030343343969434495,0.002064233450309166,1.4635757207870483,83.85671179891526,5562.909331405084,5.0,24.80215427429106,17.637569427490234,0,0.0
1482,1.0,7,4.0,0,49.510326270391865,0.00303433439694345,6.918395042419434,6.9192025781344375,-1.2632824843412294,1.8399637937545776,105.42215983901676,-1.3064240630510178,0.0,49.510326270391865,37.16674041748047,0,0.0
1482,1.0,12,5.0,0,64.51949491032263,0.00303433439694345,0.0,0.0030343343969434495,0.0028121786121201135,1.5993239879608154,91.6345145841864,19706.385727057313,5.0,64.50543426895335,55.208736419677734,0,0.0
1482,1.0,15,6.0,0,66.99959571985184,0.00303433439694345,0.0,0.0030343343969434495,0.0028450120551237346,1.6107656955718994,92.29007614072424,20702.81554009453,5.0,66.98537086728793,57.766292572021484,0,0.0
1482,1.0,20,7.0,0,69.2438423759133,0.00303433439694345,0.0,0.0030343343969434495,0.00262638170007885,1.5744011402130127,90.20654059479018,19752.047544108464,5.0,69.230710884371,59.927093505859375,0,0.0
1482,1.0,21,8.0,0,70.50552449274954,0.00303433439694345,0.0,0.0030343343969434495,0.0026971114017104707,1.5637176036834717,89.59441904137364,20653.571009114068,5.0,70.49203927847036,61.36150360107422,0,0.0
1584,2.0,1,1.0,1,4.3342405731715905,3.579439401626587,1.1937596797943115,2.4068712510625896,-1.3763757826327672,0.15432262420654294,8.842035050418346,-1.0297796774880104,0.0,4.3342405731715905,-4.914638519287109,0,0.0
1584,2.0,2,2.0,0,7.295226374428452,3.579439401626587,2.6757404804229736,1.0048366664800181,-1.004572208492435,0.14208316802978518,8.1407658679548,-7.2582008829995655,0.0,7.295226374428452,-1.860302448272705,0,0.0
1584,2.0,9,3.0,0,13.261656560878421,3.579439401626587,1.5262913703918457,2.0947930793266183,-1.7549762189763827,0.1780514717102051,10.201597865087727,-5.303795271015843,0.0,13.261656560878421,4.1028852462768555,0,0.0
1584,2.0,11,9.0,0,20.44589514926152,3.579439401626587,1.707167625427246,1.9119746282784493,-1.8390552441462973,0.15696430206298828,8.99339204242583,-10.285766352620781,0.0,20.44589514926152,11.129995346069336,0,0.0
1584,2.0,14,8.0,0,17.987805532839733,3.579439401626587,2.9426214694976807,0.8172794844125812,-0.7079787032325596,0.1580033302307129,9.05292397123166,-19.065894389739558,0.0,17.987805532839733,8.907102584838867,0,0.0
1584,2.0,18,16.0,0,50.02792893028237,3.579439401626587,19.95476722717285,23.49537438373562,-23.154893820702064,2.981520891189575,170.8285635952466,-2.098411118964758,0.0,50.02792893028237,40.799983978271484,0,0.0
1584,2.0,21,6.0,0,17.655149103230425,3.579439401626587,17.623973846435547,21.169707660833023,-17.950220747633832,2.9909849166870117,171.3708123134539,-0.7071498636375984,0.0,17.655149103230425,8.430498123168945,0,0.0
1584,2.0,29,10.0,0,23.479371859933874,3.579439401626587,1.1438993215560913,2.4626026088006587,-2.2895289484738583,0.18017148971557617,10.323065949287232,-8.864289733674871,0.0,23.479371859933874,14.262718200683594,0,0.0
1584,2.0,36,4.0,0,14.707450843109354,3.579439401626587,17.64666175842285,21.187608533310197,-9.527086570858765,2.980649709701538,170.77864857279215,-0.3121286519226503,0.0,14.707450843109354,5.397616386413574,0,0.0
1584,2.0,37,11.0,0,24.938328510891658,3.579439401626587,17.04937171936035,20.593819538864075,17.170596528308074,2.9877004623413086,171.18262694144173,1.0096687609275656,1.0096687609275656,13.768588553200933,4.410953998565674,1,1.5790179239902538
1584,2.0,45,15.0,0,47.23638440614399,3.579439401626587,18.46323585510254,21.997711026879724,-21.171261005038453,2.968275547027588,170.0696612765665,-2.0666569325291944,0.0,47.23638440614399,37.98874282836914,0,0.0
1584,2.0,52,5.0,0,16.442701454108796,3.579439401626587,2.4730100631713867,1.1994040810942106,0.8937838229039441,0.15578126907348633,8.925609245102622,10.215852572168322,5.0,12.623964480596884,3.364551067352295,0,0.0
1584,2.0,54,12.0,0,29.47943030516504,3.579439401626587,3.408942461013794,0.5828032942601553,0.04969151642758104,0.15971231460571286,9.150841563172962,4.312780357519282,4.312780357519282,29.372080549357893,20.180627822875977,1,0.0004415923687350307
1584,2.0,55,13.0,0,32.60748330539196,3.579439401626587,3.6107053756713867,0.5594096805124616,0.010875546215852528,0.15551948547363284,8.910610149685276,1.133204795898692,1.133204795898692,32.60132061246404,23.270648956298828,1,0.00021005699004524825
1584,2.0,57,7.0,0,17.880380563038884,3.579439401626587,1.9178262948989868,1.7265251101503096,1.618456825024587,0.17923069000244138,10.269162096357489,9.708051652926413,5.0,10.239335594447263,1.2143406867980957,0,0.0
1584,2.0,63,14.0,0,45.49455342784943,3.579439401626587,1.2886730432510376,2.3194831808676173,-2.192619721401911,0.16961812973022464,9.718402962444344,-18.541303677185226,0.0,45.49455342784943,32.97289276123047,0,0.0
1584,1.0,1,1.0,1,5.438875410812309,3.3559112548828125,1.3987334966659546,2.0313266029159527,-1.3484250620813807,0.25166988372802734,14.41962216816412,-1.7773641409262213,0.0,5.438875410812309,-3.8100037574768066,0,0.0
1584,1.0,2,3.0,0,8.269731321874263,3.3559112548828125,2.4948863983154297,1.0979164157458507,-1.0712508345654312,0.23597335815429688,13.5202774997702,-7.349266835780891,0.0,8.269731321874263,-0.8857975006103516,0,0.0
1584,1.0,4,2.0,0,7.991769076792694,3.3559112548828125,2.277921438217163,1.2544844811751155,0.2646165235240275,0.23258352279663086,13.326054240531718,1.3437834856269755,1.3437834856269755,7.811952462347223,-1.5187857151031494,1,0.11290143699141265
1584,1.0,9,5.0,0,14.905377394573549,3.3559112548828125,1.3342339992523193,2.10287507329,-1.7019574259261296,0.27434825897216797,15.718997355867344,-5.736734125256876,0.0,14.905377394573549,5.746606826782227,0,0.0
1584,1.0,11,9.0,0,21.612360072331054,3.3559112548828125,2.1720879077911377,1.3586207823884349,-1.1213878442226966,0.24754762649536133,14.183434226665078,-13.12990341565281,0.0,21.612360072331054,12.29646110534668,0,0.0
1584,1.0,14,8.0,0,18.55824992183144,3.3559112548828125,2.69052791595459,0.9823828050792675,-0.753021357774765,0.2411046028137207,13.81427616240423,-14.48047501514216,0.0,18.55824992183144,9.477546691894531,0,0.0
1584,1.0,21,14.0,0,37.78405316151652,3.3559112548828125,18.085628509521484,21.355083044684925,-20.7572533241961,2.894054889678955,165.8171308578032,-1.7197919029587827,0.0,37.78405316151652,28.559402465820312,0,0.0
1584,1.0,29,10.0,0,25.246515915720185,3.3559112548828125,1.295613408088684,2.149093221305625,-1.8609559716331279,0.29425907135009766,16.859802871799555,-10.172484633645903,0.0,25.246515915720185,16.029861450195312,0,0.0
1584,1.0,36,12.0,0,30.636808699303504,3.3559112548828125,17.596620559692383,20.861002776274486,-18.859148428657402,2.8863238096237183,165.37417259956035,-1.3276855898243527,0.0,30.636808699303504,21.32697296142578,0,0.0
1584,1.0,37,4.0,0,13.901303806837095,3.3559112548828125,16.835100173950195,20.106605841486996,0.205355082320738,2.8956081867218018,165.90612822268847,0.007061280469210257,0.007061280469210257,13.900578753012665,4.542943477630615,1,0.036788248133046764
1584,1.0,40,15.0,0,40.266856775559084,3.3559112548828125,19.213804244995117,22.499045172891957,20.587564276233596,2.9188812971115112,167.23957922416088,1.6376629459743712,1.6376629459743712,16.242010368273014,6.965493202209473,1,0.9798802365519607
1584,1.0,52,6.0,0,16.02860987975837,3.3559112548828125,2.675442695617676,1.012694612949165,0.310355076578268,0.2509593963623047,14.378914240710843,4.85062513560699,4.85062513560699,15.257345992545579,5.997933387756348,1,0.007580306686898121
1584,1.0,54,11.0,0,29.210274502695103,3.3559112548828125,2.8821396827697754,0.9352185829498532,0.23144205355968153,0.26000165939331055,14.89699774963465,7.729504544894612,5.0,28.416564224246226,19.225112915039062,0,0.0
1584,1.0,55,13.0,0,32.286079743614785,3.3559112548828125,3.5582478046417236,0.8956221626336915,0.1866693434770543,0.2531547546386719,14.504699004465799,7.51343703759756,5.0,31.65716678059149,22.326494216918945,0,0.0
1584,1.0,57,7.0,0,16.187692441426975,3.3559112548828125,1.4922022819519043,1.9552245845022405,1.721793592729102,0.26495409011840815,15.180751128513657,7.290758840780675,5.0,8.882303457273808,-0.14269208908081055,0,0.0
1584,1.0,63,16.0,0,47.71527573264655,3.3559112548828125,1.4272429943084717,2.0131534039110925,-1.7678738893939447,0.26445436477661133,15.152118975512966,-20.813972666824398,0.0,47.71527573264655,35.1936149597168,0,0.0
2513,2.0,9,3.0,1,3.4337564506867677,0.2515685558319092,0.0,0.2515685558319092,0.2439762352311116,1.87821626663208,107.6138650908363,13.237449017963899,5.0,2.235017249223322,-0.7865861058235168,0,0.0
2513,2.0,1,1.0,0,2.5306711005875315,0.2515685558319092,0.0,0.2515685558319092,0.05913000192991781,0.003996610641479491,0.22898892211384744,2.364454088181227,2.364454088181227,2.4597728859431602,-2.4172511100769043,1,0.017574917172337636
2513,2.0,2,2.0,0,2.594340915074937,0.2515685558319092,0.0,0.2515685558319092,0.07803802234447788,0.04051375389099121,2.3212671101855133,3.199046748046226,3.199046748046226,2.4663606035263004,-2.6751370429992676,1,0.018584699582301193
2513,2.0,10,6.0,0,5.221943001272972,0.2515685558319092,0.0,0.2515685558319092,-0.22013763273567272,0.0032317638397216797,0.18516642839904568,-18.164092537586733,0.0,5.221943001272972,0.31945109367370605,0,0.0
2513,2.0,11,7.0,0,5.430908534092206,0.2515685558319092,0.0,0.2515685558319092,-0.22416919441714803,0.053596019744873054,3.070825730081053,-19.236927420557436,0.0,5.430908534092206,0.43798828125,0,0.0
2513,2.0,12,4.0,0,5.052868407502572,0.2515685558319092,0.0,0.2515685558319092,0.008402701170531145,0.0050470829010009766,0.28917654907999985,0.6708789935130884,0.6708789935130884,5.050049023074681,-0.1310868263244629,1,0.005028910653107283
2513,2.0,13,5.0,0,5.197621161063486,0.2515685558319092,0.0,0.2515685558319092,0.05152653672559826,3.115237236022949,178.4899458061149,4.231777855926149,4.231777855926149,5.087428660933236,0.1510317325592041,1,0.008556464659251778
2513,2.0,14,8.0,0,7.108133539401757,0.2515685558319092,0.0,0.2515685558319092,-0.17512613215504616,0.012715101242065431,0.7285216372519001,-19.669522673511494,0.0,7.108133539401757,1.8901641368865967,0,0.0
2513,2.0,15,10.0,0,7.653135861365328,0.2515685558319092,0.0,0.2515685558319092,-0.1921889181278702,0.02741241455078125,1.570615660022772,-23.241012910098345,0.0,7.653135861365328,2.513361692428589,0,0.0
2513,2.0,16,9.0,0,7.614170155724558,0.2515685558319092,0.0,0.2515685558319092,0.005944219290796965,0.01977229118347168,1.132868836116655,0.7151624234515841,0.7151624234515841,7.612044317826182,2.455866575241089,1,0.0010028422037772482
2513,2.0,17,11.0,0,9.164795748651834,0.2515685558319092,0.0,0.2515685558319092,-0.14878933790546742,0.012848377227783203,0.7361577887439743,-21.546755741707273,0.0,9.164795748651834,4.090761184692383,0,0.0
2513,2.0,18,12.0,0,9.9232016337791,0.2515685558319092,0.0,0.2515685558319092,0.014887753456507278,0.028465747833251953,1.6309672115290048,2.3343623550555925,2.3343623550555925,9.905809687129887,4.7137770652771,1,0.0007814354020987109
2513,2.0,19,13.0,0,11.441633708017426,0.2515685558319092,0.0,0.2515685558319092,-0.1316610637337929,0.06452274322509766,3.6968808694044215,-23.803054252935947,0.0,11.441633708017426,6.30916690826416,0,0.0
2513,2.0,20,14.0,0,12.576897374102822,0.2515685558319092,0.0,0.2515685558319092,-8.8863600640352e-05,0.03557753562927246,2.0384426370336253,-0.017659756464980553,0.0,12.576897374102822,7.394512176513672,0,0.0
2513,2.0,21,15.0,0,13.457275058471378,0.2515685558319092,0.0,0.2515685558319092,-0.10491316566508627,0.07563972473144531,4.333836990643131,-22.30870741495343,0.0,13.457275058471378,8.828710556030273,0,0.0
2513,2.0,23,16.0,0,13.920082986952925,0.2515685558319092,0.0,0.2515685558319092,0.16487579913993333,1.5721662044525146,90.07848820823078,36.26486162539011,5.0,13.130119220900454,8.39255142211914,0,0.0
2513,1.0,9,3.0,1,3.4188840376269805,0.18908600509166718,0.0,0.18908600509166718,0.1797135273332577,1.3604743480682373,77.94943828012214,17.184874551500236,5.0,2.537401997383459,-0.48420149087905884,0,0.0
2513,1.0,1,1.0,0,2.5051617242154554,0.18908600509166718,0.0,0.18908600509166718,0.021535637134021846,0.0066268444061279306,0.3796902159610089,1.5089495494828682,1.5089495494828682,2.4888605933690924,-2.3881633281707764,1,0.008583527372425907
2513,1.0,2,2.0,0,2.5588928297194293,0.18908600509166718,0.0,0.18908600509166718,0.04484618578768421,0.04237818717956543,2.428091268804513,3.2096585692641617,3.2096585692641617,2.4858807419452087,-2.6556167602539062,1,0.01065316463314107
2513,1.0,10,6.0,0,5.410673220065858,0.18908600509166718,0.0,0.18908600509166718,-0.16722931456269793,0.004052639007568359,0.23219911102375348,-25.307249235856176,0.0,5.410673220065858,0.5081813335418701,0,0.0
2513,1.0,11,7.0,0,5.580485546031244,0.18908600509166718,0.0,0.18908600509166718,-0.1695740251601404,0.05121612548828125,2.934467833490918,-26.467476972363873,0.0,5.580485546031244,0.5875649452209473,0,0.0
2513,1.0,12,4.0,0,5.049988433000949,0.18908600509166718,0.0,0.18908600509166718,-0.0019257909165188753,0.0032296180725097656,0.18504348499398546,-0.27200741581146165,0.0,5.049988433000949,-0.1311473846435547,0,0.0
2513,1.0,13,5.0,0,5.188923044611595,0.18908600509166718,0.0,0.18908600509166718,0.03114067272102291,3.1143627166748047,178.43983953836369,4.519458962700088,4.519458962700088,5.118069808217496,0.1816728115081787,1,0.004774569707960366
2513,1.0,14,8.0,0,7.245248940734372,0.18908600509166718,0.0,0.18908600509166718,-0.13443620075636176,0.011972665786743166,0.6859832191010607,-27.2427390113016,0.0,7.245248940734372,2.0272796154022217,0,0.0
2513,1.0,15,10.0,0,7.827342231478869,0.18908600509166718,0.0,0.18908600509166718,-0.14661315251181872,0.027360677719116214,1.5676513579229867,-32.097298568582644,0.0,7.827342231478869,2.6875674724578857,0,0.0
2513,1.0,16,9.0,0,7.613139988494916,0.18908600509166718,0.0,0.18908600509166718,-0.0014479657371630772,0.01978754997253418,1.1337431003304166,-0.308321157788015,0.0,7.613139988494916,2.4569623470306396,0,0.0
2513,1.0,17,11.0,0,9.286616606580633,0.18908600509166718,0.0,0.18908600509166718,-0.11437516567472701,0.012581110000610352,0.7208445046248058,-29.70779919031467,0.0,9.286616606580633,4.212581634521484,0,0.0
2513,1.0,18,12.0,0,9.904469072414956,0.18908600509166718,0.0,0.18908600509166718,0.007104522568001952,0.02950882911682129,1.6907313667666164,1.9681007442219989,1.9681007442219989,9.897475395174022,4.705442905426025,1,0.00041953374284855815
2513,1.0,19,13.0,0,11.530014212910642,0.18908600509166718,0.0,0.18908600509166718,-0.10079642024728092,0.0643012523651123,3.6841903779265377,-32.50544967674974,0.0,11.530014212910642,6.397546768188477,0,0.0
2513,1.0,20,14.0,0,12.57933615841936,0.18908600509166718,0.0,0.18908600509166718,-0.003021040597923303,0.03238654136657715,1.855612133330724,-1.0629075983701697,0.0,12.57933615841936,7.396950721740723,0,0.0
2513,1.0,21,15.0,0,13.545297973625903,0.18908600509166718,0.0,0.18908600509166718,-0.0811045266682276,0.0744473934173584,4.265521438564663,-30.726626721830538,0.0,13.545297973625903,8.916732788085938,0,0.0
2513,1.0,23,16.0,0,13.82780045412027,0.18908600509166718,0.0,0.18908600509166718,0.12202045201130825,1.5768911838531494,90.34920958617342,47.191845394133516,5.0,13.237415106986244,8.499847412109375,0,0.0
2644,2.0,4,1.0,1,3.4116621090061554,0.279293954372406,0.9552022218704224,0.6759219561061318,0.20212550746135038,0.008328437805175781,0.4771843361737708,1.5093641393713828,1.5093641393713828,3.255549889549809,-2.5931262969970703,1,0.08054849604728334
2644,2.0,3,2.0,0,5.964809255244172,0.279293954372406,0.0,0.279293954372406,0.2386987405472745,0.015956401824951172,0.9142344807845467,18.25255298024933,5.0,4.826090830771403,-0.9021692276000977,0,0.0
2644,2.0,12,9.0,0,16.11223144486858,0.279293954372406,12.130088806152344,11.850891167749683,11.567892610783282,0.025959014892578125,1.4873419936619767,1.3271130516549743,1.3271130516549743,3.5000879774749776,-2.433016538619995,1,4.97091991407832
2644,2.0,16,3.0,0,7.068499043822131,0.279293954372406,0.0,0.279293954372406,-0.27912064195996555,0.009354591369628906,0.5359786045492406,-25.2927521827394,0.0,7.068499043822131,1.1467721462249756,0,0.0
2644,2.0,17,11.0,0,17.04625104300721,0.279293954372406,0.0,0.279293954372406,0.26167988406919623,0.026610374450683594,1.5246621472869264,57.18421303570616,5.0,15.745418142350598,9.833288192749023,0,0.0
2644,2.0,19,15.0,0,23.63835013746716,0.279293954372406,0.0,0.279293954372406,0.27065506735069156,0.023689746856689457,1.3573225126216142,82.01820376441647,5.0,22.287739512118858,16.3546142578125,0,0.0
2644,2.0,20,6.0,0,14.752160882364404,0.279293954372406,1.308986783027649,1.0496226078505273,1.0055841092037487,0.3382874170886441,19.38244126156107,13.465041273279937,5.0,9.839896116052651,5.999550819396973,0,0.0
2644,2.0,22,4.0,0,10.695522920002912,0.279293954372406,10.775445938110352,11.05471232942473,-5.073229000874491,3.1273625532733367,179.18467530981926,-0.44400882060357805,0.0,10.695522920002912,4.805087089538574,0,0.0
2644,2.0,27,5.0,0,12.307233955647812,0.279293954372406,0.0,0.279293954372406,0.27129217492378166,0.0054111480712890625,0.3100359468052188,42.80304381210897,5.0,10.955800874036537,5.247275352478027,0,0.0
2644,2.0,28,10.0,0,16.39715102693884,0.279293954372406,0.0,0.279293954372406,-0.2600331288046367,0.03755331039428711,2.1516461923374166,-54.6605513898312,0.0,16.39715102693884,10.458426475524902,0,0.0
2644,2.0,35,7.0,0,15.09602206664786,0.279293954372406,10.51557731628418,10.794842966462566,-5.788982570931374,3.12716800371279,179.1735284410938,-0.749949648695907,0.0,15.09602206664786,9.247159957885742,0,0.0
2644,2.0,38,14.0,0,23.061930207770764,0.279293954372406,9.272472381591797,9.551741101470604,7.934611210300549,3.1279490629779265,179.21827984053573,2.005654951848023,2.005654951848023,12.839117562133797,6.906352996826172,1,0.33389531762788366
2644,2.0,42,8.0,0,15.592235851451793,0.279293954372406,0.0,0.279293954372406,0.2792935108907587,0.04376792907714844,2.5077176141485213,55.827241689109286,5.0,14.195768515129279,8.391850471496582,0,0.0
2644,2.0,43,13.0,0,20.332645715521796,0.279293954372406,0.7669535875320435,0.5067137355798167,0.5053156952145164,0.2985158602343961,17.103698909148058,40.01578373214152,5.0,17.807060453249,13.944689750671387,0,0.0
2644,2.0,48,12.0,0,18.804848655609202,0.279293954372406,0.0,0.279293954372406,0.276073872285523,0.03501605987548828,2.0062724460428654,66.55368077593971,5.0,17.425762161900384,11.537603378295898,0,0.0
2644,2.0,56,16.0,0,24.03225821474719,0.279293954372406,0.0,0.279293954372406,0.27926595711356145,0.015898704528808594,0.9109286692262606,86.0378421133965,5.0,22.635937064866386,16.69685935974121,0,0.0
2644,1.0,4,1.0,1,3.471498622545263,0.15859593451023102,0.0,0.15859593451023102,-0.053570465212711894,0.009588241577148438,0.5493657753224656,-7.393640234550564,0.0,3.471498622545263,-2.3771774768829346,0,0.0
2644,1.0,3,3.0,0,5.845677864843483,0.15859593451023102,0.0,0.15859593451023102,0.1347282824535372,0.016286373138427734,0.9331404444071421,31.31190941679015,5.0,5.188929087541106,-0.5393309593200684,0,0.0
2644,1.0,12,2.0,0,5.126849561826049,0.15859593451023102,11.923206329345703,11.764612325552266,9.126219514658839,0.004901409149169922,0.28083005791424426,0.3380541280192428,0.3380541280192428,3.2353446214088666,-2.6977598667144775,1,6.820515944424928
2644,1.0,16,4.0,0,7.213860453551772,0.15859593451023102,0.0,0.15859593451023102,-0.15848808412904603,0.009136676788330078,0.5234930187464573,-45.45485239989735,0.0,7.213860453551772,1.2921335697174072,0,0.0
2644,1.0,17,10.0,0,16.90911471524866,0.15859593451023102,0.0,0.15859593451023102,0.14851895253833838,0.027092456817626953,1.552283432290458,99.84323579212307,5.0,16.168912676983716,10.256782531738281,0,0.0
2644,1.0,19,15.0,0,23.495564348086578,0.15859593451023102,0.0,0.15859593451023102,0.15370871813539538,0.02724933624267578,1.5612719612381947,143.58209343899904,5.0,22.72786021643999,16.794734954833984,0,0.0
2644,1.0,20,6.0,0,13.790783113973133,0.15859593451023102,1.2485156059265137,1.0963061806957974,0.9893588199786985,0.2663303057300015,15.25960247475797,11.35217384238777,5.0,9.153827115486477,5.313481330871582,0,0.0
2644,1.0,22,11.0,0,18.52214926363266,0.15859593451023102,11.213895797729492,11.372491355109704,-9.6931377158622,3.139396492634909,179.8741692461537,-1.388176001115373,0.0,18.52214926363266,12.6317138671875,0,0.0
2644,1.0,27,5.0,0,12.175120146362245,0.15859593451023102,0.0,0.15859593451023102,0.15402434258688305,0.008063316345214844,0.46199399545966247,74.55529943416853,5.0,11.406564714007349,5.6980390548706055,0,0.0
2644,1.0,28,9.0,0,16.461470079338348,0.15859593451023102,0.0,0.15859593451023102,-0.1480245208209395,0.03223276138305664,1.8468011893014078,-96.87644204647941,0.0,16.461470079338348,10.522744178771973,0,0.0
2644,1.0,35,14.0,0,22.227337052738896,0.15859593451023102,10.03780746459961,10.196340789701418,-8.448738245743426,3.1132717768298552,178.37733328954542,-1.8063030101980904,0.0,22.227337052738896,16.37847328186035,0,0.0
2644,1.0,38,8.0,0,16.294773698736826,0.15859593451023102,9.300592422485352,9.459141523217072,5.755207990401634,3.117083374653952,178.5957217580674,1.0481076970864855,1.0481076970864855,12.931678441785323,6.998913764953613,1,0.35129924706136767
2644,1.0,42,7.0,0,15.464407641280753,0.15859593451023102,0.0,0.15859593451023102,0.15859481832552783,0.0456995964050293,2.6183939994594083,97.50753606547816,5.0,14.671433851296664,8.867515563964844,0,0.0
2644,1.0,43,13.0,0,19.81560588583681,0.15859593451023102,0.7268854379653931,0.5712506120928336,0.5407885501061275,0.1712947527514859,9.814466385397088,32.83836206888544,5.0,17.136390821974736,13.274020195007324,0,0.0
2644,1.0,48,12.0,0,18.66414677923055,0.15859593451023102,0.0,0.15859593451023102,0.15678754688112884,0.035817623138427734,2.052198638022031,116.34175364226934,5.0,17.88060776026063,11.992448806762695,0,0.0
2644,1.0,56,16.0,0,23.88171500278911,0.15859593451023102,0.0,0.15859593451023102,0.15857519269530532,0.01731252670288086,0.9919347127826118,150.56244493075144,5.0,23.088842600938346,17.149765014648438,0,0.0
2687,2.0,2,1.0,1,5.1222710014870465,0.060131095349788666,0.0,0.060131095349788666,0.04615025931760087,0.003392934799194336,0.19440084415690292,65.379029168484,5.0,4.895315370661803,-4.34134578704834,0,0.0
2687,2.0,3,2.0,1,6.720219717583181,0.060131095349788666,0.0,0.060131095349788666,-0.0524705745391859,0.010777950286865233,0.6175310632391927,-97.52165481967562,0.0,6.720219717583181,-2.6178557872772217,0,0.0
2687,2.0,1,3.0,0,9.581669586877668,0.060131095349788666,0.0,0.060131095349788666,0.05538636608880879,0.018938064575195312,1.0850711723049056,146.77288553088366,5.0,9.30547404450668,0.12664175033569336,0,0.0
2687,2.0,4,15.0,0,66.13074279353721,0.060131095349788666,12.586021423339844,12.646104928314234,-12.594967250290612,3.1017096042633057,177.71486959948018,-5.20819074502654,0.0,66.13074279353721,53.691593170166016,0,0.0
2687,2.0,5,8.0,0,31.831862470209018,0.060131095349788666,9.78335189819336,9.843482982110393,-9.570030189104216,3.140974108372824,179.96455996962968,-3.1439654728249575,0.0,31.831862470209018,18.934553146362305,0,0.0
2687,2.0,6,6.0,0,21.584189075462028,0.060131095349788666,3.497145891189575,3.4413348685371052,-3.376614136041871,0.3781569004058838,21.66679438700615,-6.154082319181937,0.0,21.584189075462028,8.653654098510742,0,0.0
2687,2.0,7,4.0,0,11.493426888791813,0.060131095349788666,3.8919596672058105,3.831830592792028,2.0577049761967805,0.008135080337524414,0.46610576934001013,1.6107199749527468,1.6107199749527468,9.695628016808753,-2.8669562339782715,1,0.7881752910838415
2687,2.0,12,5.0,0,19.13491001038902,0.060131095349788666,0.0,0.060131095349788666,0.013548942951184782,3.115036551152365,178.47844741001828,71.70238608448365,5.0,19.06941521862474,5.70414400100708,0,0.0
2687,2.0,15,13.0,0,51.85883980122674,0.060131095349788666,8.53428840637207,8.474164679732832,8.329638547235518,0.015600204467773438,0.8938258755445486,6.015270387214447,5.0,12.844143832034389,0.27692413330078125,0,0.0
2687,2.0,17,7.0,0,23.259178286257708,0.060131095349788666,0.0,0.060131095349788666,-0.03661079643903884,0.08572673797607422,4.911780277452929,-235.50781019217672,0.0,23.259178286257708,10.589432716369629,0,0.0
2687,2.0,19,9.0,0,33.69828181629679,0.060131095349788666,0.0,0.060131095349788666,-0.053067290602082096,3.0926170984851287,177.19390739319232,-494.5798776234521,0.0,33.69828181629679,20.571781158447266,0,0.0
2687,2.0,27,10.0,0,44.31798836175479,0.060131095349788666,0.0,0.060131095349788666,-0.05610574782006451,0.07516765594482422,4.30678944152988,-687.6843870411277,0.0,44.31798836175479,35.19608688354492,0,0.0
2687,2.0,29,12.0,0,49.53795986963483,0.060131095349788666,1.360669732093811,1.3039564928660254,-1.240357951957418,0.3313610553741455,18.985589967939305,-36.1375703281303,0.0,49.53795986963483,42.49373245239258,0,0.0
2687,2.0,32,11.0,0,48.46938630933249,0.060131095349788666,0.0,0.060131095349788666,-0.013487668526413718,0.005676031112670898,0.3252126271409871,-180.80322596619177,0.0,48.46938630933249,41.41936492919922,0,0.0
2687,2.0,41,14.0,0,53.4084719122812,0.060131095349788666,0.0,0.060131095349788666,0.03412571770484089,1.370361566543579,78.515934169883,504.0733256258003,5.0,53.238418847345336,44.06772232055664,0,0.0
2687,2.0,44,16.0,0,66.56367963178839,0.060131095349788666,0.0,0.060131095349788666,0.05600098684079416,1.5895674228668213,91.07550458175588,1030.9432791604768,5.0,66.28376514930117,56.97501754760742,0,0.0
2687,1.0,2,1.0,1,5.088530596957682,0.005350178107619286,0.0,0.005350178107619286,0.004086375793954118,0.0030448436737060547,0.1744566917804657,726.4307394067005,5.0,5.068128132134887,-4.1685333251953125,0,0.0
2687,1.0,3,2.0,1,6.696563941223439,0.005350178107619286,0.0,0.005350178107619286,-0.00466346980753345,0.016161680221557617,0.9259960665353087,-1090.9998967520369,0.0,6.696563941223439,-2.6415116786956787,0,0.0
2687,1.0,1,3.0,0,9.57107155189724,0.005350178107619286,0.0,0.005350178107619286,0.004928764215606917,0.020064830780029297,1.1496301203398662,1648.0186637659735,5.0,9.546433402689257,0.3676009178161621,0,0.0
2687,1.0,5,10.0,0,42.35547640387226,0.005350178107619286,10.84782600402832,10.853175687687964,-10.704659809801335,3.1279938220977783,179.22084434919796,-3.849184909498952,0.0,42.35547640387226,29.458166122436523,0,0.0
2687,1.0,6,8.0,0,25.607097121418445,0.005350178107619286,4.255572319030762,4.251107497994644,-4.250858729332663,0.5831921100616456,33.41444655186129,-6.0232771444175,0.0,25.607097121418445,12.676563262939453,0,0.0
2687,1.0,7,4.0,0,10.022504833416717,0.005350178107619286,3.817521095275879,3.8121712496431135,0.9183880372920732,0.011140584945678711,0.6383084986943717,0.6333702919202727,0.6333702919202727,9.727318003353735,-2.835266590118408,1,0.5622656673964419
2687,1.0,12,5.0,0,19.13411755963226,0.005350178107619286,0.0,0.005350178107619286,0.001201067867790227,3.1157489458667205,178.5192646204983,802.8594184073514,5.0,19.12812998330412,5.762857913970947,0,0.0
2687,1.0,14,6.0,0,19.846001290030063,0.005350178107619286,0.0,0.005350178107619286,0.0034259069879300054,1.6834754943847656,96.4560407419468,2375.265185129912,5.0,19.82888240090701,12.690386772155762,0,0.0
2687,1.0,15,11.0,0,43.98709054648845,0.005350178107619286,8.038723945617676,8.033375845950234,7.809073029383348,0.02786564826965332,1.5965840392471606,5.3226578427671845,5.0,10.642288171541288,-1.924931526184082,0,0.0
2687,1.0,17,7.0,0,23.271784374444035,0.005350178107619286,0.0,0.005350178107619286,-0.0032597712559774825,0.08500027656555174,4.870157104650871,-2650.210256015624,0.0,23.271784374444035,10.602038383483887,0,0.0
2687,1.0,19,9.0,0,33.656928390435375,0.005350178107619286,0.0,0.005350178107619286,-0.004717862508417214,3.0855737368213103,176.7903524962713,-5547.320765507137,0.0,33.656928390435375,20.53042984008789,0,0.0
2687,1.0,27,12.0,0,44.39220256136026,0.005350178107619286,0.0,0.005350178107619286,-0.004990924067052705,0.08582615852355957,4.91747665522072,-7740.182061093821,0.0,44.39220256136026,35.270301818847656,0,0.0
2687,1.0,29,14.0,0,50.729273496716054,0.005350178107619286,1.3033987283706665,1.2981867746116982,-1.1855419522603468,0.22734069824218747,13.025662520834555,-35.68627424926441,0.0,50.729273496716054,43.6850471496582,0,0.0
2687,1.0,32,13.0,0,48.484448868791084,0.005350178107619286,0.0,0.005350178107619286,-0.0012029312231830805,0.005961894989013671,0.34159142077067767,-2037.5429912757847,0.0,48.484448868791084,41.434425354003906,0,0.0
2687,1.0,37,16.0,0,53.78488080259297,0.005350178107619286,0.0,0.005350178107619286,-0.005140727329208489,0.024634599685668942,1.4114585919831348,-9659.358825953961,0.0,53.78488080259297,40.98863983154297,0,0.0
2687,1.0,41,15.0,0,53.36454000539991,0.005350178107619286,0.0,0.005350178107619286,0.0030368699092280225,1.362843632698059,78.08518828987614,5661.642969616998,5.0,53.349360201791086,44.17866516113281,0,0.0
2909,2.0,13,2.0,1,11.738494739013245,0.002770966850221157,0.0,0.002770966850221157,0.0026479546623410276,3.135934352874756,179.6758032498125,4048.1844667616297,5.0,11.725255676340002,-0.6921038627624512,0,0.0
2909,2.0,1,1.0,0,4.234836945907647,0.002770966850221157,0.0,0.002770966850221157,-0.0018019858620560083,0.014037370681762695,0.8042820955256815,-993.8604583518609,0.0,4.234836945907647,-4.86946964263916,0,0.0
2909,2.0,14,3.0,0,12.15771391015532,0.002770966850221157,0.0,0.002770966850221157,-0.0026833226134339466,0.007286787033081055,0.41750214320619944,-4248.759510365361,0.0,12.15771391015532,1.798736810684204,0,0.0
2909,2.0,17,14.0,0,83.06720369170864,0.002770966850221157,14.112605094909668,14.115375580891222,-14.063347393228412,3.1229605674743652,178.93246010206167,-5.863182591202069,0.0,83.06720369170864,73.73992156982422,0,0.0
2909,2.0,20,4.0,0,16.113197134614797,0.002770966850221157,0.0,0.002770966850221157,0.002717030063460651,0.007107496261596679,0.4072295386945002,5701.820010460406,5.0,16.099612214120512,6.754851341247559,0,0.0
2909,2.0,21,5.0,0,18.275809202611903,0.002770966850221157,0.0,0.002770966850221157,0.002770737168374583,0.015746831893920902,0.9022270082236645,6594.916262907837,5.0,18.261955517641262,9.015279769897461,0,0.0
2909,2.0,24,6.0,0,20.337003075088887,0.002770966850221157,0.0,0.002770966850221157,-0.0013570251788815194,0.07509708404541016,4.302745969541233,-3594.282427825448,0.0,20.337003075088887,7.475242614746094,0,0.0
2909,2.0,25,7.0,0,24.113422419726348,0.002770966850221157,1.170296549797058,1.1722357949671758,0.2936858714171851,2.345130443572998,134.36607682437545,5.153614754713094,5.0,23.345081816205724,16.126718521118164,0,0.0
2909,2.0,28,8.0,0,25.19257044257425,0.002770966850221157,0.0,0.002770966850221157,-0.0027545791090828136,0.03529763221740723,2.0224053528624357,-9037.848781201688,0.0,25.19257044257425,16.063779830932617,0,0.0
2909,2.0,32,10.0,0,32.64537065154526,0.002770966850221157,0.0,0.002770966850221157,-0.0023923168494454994,3.095753971730368,177.37363699101203,-10171.327602997286,0.0,32.64537065154526,19.360443115234375,0,0.0
2909,2.0,35,9.0,0,32.47421478097827,0.002770966850221157,0.0,0.002770966850221157,-0.0027616868093030787,0.010528087615966797,0.6032149867388461,-11680.203889236553,0.0,32.47421478097827,23.23899269104004,0,0.0
2909,2.0,39,13.0,0,73.32598524068383,0.002770966850221157,10.152249336242676,10.155019769346103,-10.060371107510605,3.121962070465088,178.87525043757364,-7.153364612718877,0.0,73.32598524068383,64.13990020751953,0,0.0
2909,2.0,40,11.0,0,50.90268111068663,0.002770966850221157,7.450634002685547,7.450025220344766,-5.624521044783737,1.3491076231002808,77.29817291257226,-5.158348952193874,0.0,50.90268111068663,38.38615417480469,0,0.0
2909,2.0,51,12.0,0,56.22673368041365,0.002770966850221157,0.0,0.002770966850221157,-0.0026783698774810213,3.109917163848877,178.18512812383557,-19613.30341098173,0.0,56.22673368041365,43.37401580810547,0,0.0
2909,2.0,63,15.0,0,89.3998712628368,0.002770966850221157,9.261885643005371,9.259398871570912,-8.16777157215864,0.4568028450012207,26.17287508813866,-8.516769452527884,0.0,89.3998712628368,80.10343933105469,0,0.0
2909,1.0,13,2.0,1,11.742260710584546,0.006776848342269659,0.0,0.00677684834226966,0.00647559782815107,3.1352481842041016,179.63648868094992,1655.678670254067,5.0,11.709886983127692,-0.7074732780456543,0,0.0
2909,1.0,1,1.0,0,4.231840157751029,0.006776848342269659,0.0,0.00677684834226966,-0.004418253464093434,0.011042118072509766,0.6326667624399411,-407.1217911513198,0.0,4.231840157751029,-4.872467041015625,0,0.0
2909,1.0,14,3.0,0,12.157635125102201,0.006776848342269659,0.0,0.00677684834226966,-0.0065628027721971,0.005921363830566405,0.3392691564528733,-1737.3324221817913,0.0,12.157635125102201,1.7986576557159424,0,0.0
2909,1.0,17,14.0,0,96.754519759578,0.006776848342269659,13.520715713500977,13.527490151470635,-13.494612947611722,3.1149139404296875,178.47142233308583,-7.135053624337592,0.0,96.754519759578,87.42723083496094,0,0.0
2909,1.0,20,4.0,0,16.113669480010607,0.006776848342269659,0.0,0.00677684834226966,0.006644981347595215,0.007236957550048828,0.4146471241331341,2331.485312740079,5.0,16.080445949086794,6.735686302185059,0,0.0
2909,1.0,21,5.0,0,18.257645907088847,0.006776848342269659,0.0,0.00677684834226966,0.006776273159542984,0.016008138656616214,0.9171987828843324,2693.891817182247,5.0,18.223764546638215,8.977088928222656,0,0.0
2909,1.0,24,6.0,0,20.343025876606355,0.006776848342269659,0.0,0.00677684834226966,-0.00332146857390623,0.07422518730163574,4.252789965951759,-1471.2625001526937,0.0,20.343025876606355,7.481264114379883,0,0.0
2909,1.0,25,7.0,0,23.711605568395072,0.006776848342269659,1.2227051258087158,1.227030441392258,0.3508320483273786,2.2608861923217773,129.53923677944078,5.525219636494916,5.0,22.73086931304689,15.512507438659668,0,0.0
2909,1.0,28,8.0,0,25.15316927533457,0.006776848342269659,0.0,0.00677684834226966,-0.0067363641248733485,0.02900910377502441,1.6620992137659227,-3689.4593892562416,0.0,25.15316927533457,16.02437973022461,0,0.0
2909,1.0,32,10.0,0,32.64743552755454,0.006776848342269659,0.0,0.00677684834226966,-0.005851238816448845,3.0973938147174285,177.46759307323475,-4159.5022489362855,0.0,32.64743552755454,19.362506866455078,0,0.0
2909,1.0,35,9.0,0,32.46666947210052,0.006776848342269659,0.0,0.00677684834226966,-0.006754563743297586,0.007529735565185547,0.4314220687346854,-4775.067451127143,0.0,32.46666947210052,23.231447219848633,0,0.0
2909,1.0,39,13.0,0,83.27402484247995,0.006776848342269659,9.882328987121582,9.889105835291371,-9.791199563402607,3.141366958618164,179.98706863066832,-8.337414791737979,0.0,83.27402484247995,74.08793640136719,0,0.0
2909,1.0,40,11.0,0,55.99985817824535,0.006776848342269659,8.090564727783203,8.090189728548124,-5.887934948928029,1.5150145292282104,86.80393842577575,-5.037702502324422,0.0,55.99985817824535,43.483333587646484,0,0.0
2909,1.0,51,12.0,0,56.22032567282341,0.006776848342269659,0.0,0.00677684834226966,-0.00655096835994451,3.1057486534118652,177.94629006893857,-8019.4267599875075,0.0,56.22032567282341,43.36760711669922,0,0.0
2909,1.0,63,15.0,0,98.51767667951918,0.006776848342269659,9.69543743133545,9.688969598738046,-9.237471238880214,0.30304431915283203,17.363160492872815,-9.694202206377373,0.0,98.51767667951918,89.22124481201172,0,0.0
3034,2.0,1,1.0,1,4.868799495668283,0.002997812582179904,0.0,0.0029978125821799036,0.0022660080782928465,0.0031871795654296875,0.1826119376494609,1227.6494898828028,5.0,4.8574793680610675,-5.714043617248535,0,0.0
3034,2.0,2,2.0,0,10.543513808892316,0.002997812582179904,0.0,0.0029978125821799036,-0.0029964925488635856,0.022893428802490234,1.3116968489659286,-3515.5203574885736,0.0,10.543513808892316,1.6007025241851807,0,0.0
3034,2.0,4,3.0,0,26.372962417201922,0.002997812582179904,0.0,0.0029978125821799036,0.0018951517205031275,0.0002288818359375,0.013113963206424481,5561.525641191299,5.0,26.363489216720815,19.219236373901367,0,0.0
3034,2.0,10,4.0,0,54.446654268748965,0.002997812582179904,0.0,0.0029978125821799036,0.0019049994768650213,1.33746337890625,76.63100686463459,11541.363041672752,5.0,54.437130501650216,45.15174865722656,0,0.0
3034,2.0,11,8.0,0,67.78180192391824,0.002997812582179904,7.974766254425049,7.971768451863997,7.921308527553377,0.002585172653198242,0.14811948234089653,8.44891007222427,5.0,28.528833175893563,19.268198013305664,0,0.0
3034,2.0,12,5.0,0,64.42928496367786,0.002997812582179904,0.0,0.0029978125821799036,0.002784152748154444,1.6140222549438477,92.47666324847064,19960.31606594879,5.0,64.41536443966517,55.064937591552734,0,0.0
3034,2.0,13,6.0,0,65.8759338099018,0.002997812582179904,0.9320794343948364,0.9316783881605659,0.5836734907445159,1.4350205659866333,82.22062194550874,44.29602041553339,5.0,63.06218287033758,53.7850456237793,0,0.0
3034,2.0,16,7.0,0,67.00094239847702,0.002997812582179904,0.0,0.0029978125821799036,0.002811594174526597,1.5403060913085938,88.25303819027484,20961.607756042074,5.0,66.98688462947571,57.76275634765625,0,0.0
3034,2.0,18,9.0,0,68.87147250194293,0.002997812582179904,0.0,0.0029978125821799036,0.0028626173178172955,1.5452977418899536,88.53903870139078,21937.83201641052,5.0,68.85715955918464,59.60293960571289,0,0.0
3034,2.0,19,10.0,0,69.09594545350367,0.002997812582179904,0.0,0.0029978125821799036,0.0025984282561047566,1.5797953605651855,90.51560665473326,19978.10714032207,5.0,69.08295371663748,59.778438568115234,0,0.0
3034,2.0,22,11.0,0,70.65205500506264,0.002997812582179904,0.0,0.0029978125821799036,0.002666335917137221,1.570694923400879,89.99419001349449,20961.90291344052,5.0,70.63872365771913,61.51683807373047,0,0.0
3034,1.0,1,1.0,1,4.864028995189934,0.0010066579561680555,0.0,0.0010066579561680555,0.0007611859515047502,0.0018281936645507815,0.10474778111131557,3653.61733181156,5.0,4.860224181523515,-5.711298942565918,0,0.0
3034,1.0,2,2.0,0,10.552000930100125,0.0010066579561680555,0.0,0.0010066579561680555,-0.0010062357365955325,0.01545405387878418,0.885452063622113,-10477.814307130548,0.0,10.552000930100125,1.6091892719268799,0,0.0
3034,1.0,4,3.0,0,26.427747965582345,0.0010066579561680555,0.0,0.0010066579561680555,0.0006372378718653734,0.00023484230041503906,0.01345547266492512,16618.731616977304,5.0,26.424562063497476,19.280309677124023,0,0.0
3034,1.0,10,4.0,0,54.43074326025686,0.0010066579561680555,0.0,0.0010066579561680555,0.0006399036344518937,1.3377532958984375,76.64761788469605,34371.22263009957,5.0,54.427543880774394,45.14216232299805,0,0.0
3034,1.0,11,5.0,0,60.968434920878416,0.0010066579561680555,6.6496992111206055,6.648693468965677,6.546028655251304,0.042655467987060554,2.443978288813963,9.02839033853912,5.0,28.831700560825638,19.57106590270996,0,0.0
3034,1.0,12,6.0,0,64.43450036373879,0.0010066579561680555,0.0,0.0010066579561680555,0.000934962928087338,1.6133713722229004,92.43937041560237,59449.60805580194,5.0,64.42982557610537,55.07939529418945,0,0.0
3034,1.0,13,7.0,0,65.28424079718361,0.0010066579561680555,0.0,0.0010066579561680555,0.0007027296507162434,1.4001373052597046,80.22195833020128,45272.32260488605,5.0,65.28072724841024,56.00358581542969,0,0.0
3034,1.0,14,12.0,0,82.74750188795223,0.0010066579561680555,8.307002067565918,8.307020755462686,6.35041435207424,1.5893011093139648,91.06024593915008,7.614937854623408,5.0,57.597783625877774,44.96809768676758,0,0.0
3034,1.0,16,8.0,0,67.00030175307509,0.0010066579561680555,0.0,0.0010066579561680555,0.0009440603465907388,1.5381178855895996,88.12766323787008,62418.40320276695,5.0,66.99558147412542,57.771453857421875,0,0.0
3034,1.0,18,9.0,0,68.8963283727521,0.0010066579561680555,0.0,0.0010066579561680555,0.0009609906472044801,1.540682315826416,88.2745942672954,65335.82484559862,5.0,68.89152343582019,59.63730239868164,0,0.0
3034,1.0,19,10.0,0,69.10069003740456,0.0010066579561680555,0.0,0.0010066579561680555,0.0008725222560392164,1.5770072937011719,90.355862190425,59496.995779779565,5.0,69.09632747172469,59.791812896728516,0,0.0
3034,1.0,22,11.0,0,70.6287233253075,0.0010066579561680555,0.0,0.0010066579561680555,0.0008952688610071868,1.562243938446045,89.50998424285395,62398.043800430634,5.0,70.62424701849913,61.502357482910156,0,0.0
3058,2.0,9,3.0,1,3.179498464327536,0.14384245872497559,0.0,0.14384245872497559,0.13172697644445877,0.8874903360949918,50.84945061688998,20.242266915945233,5.0,2.5373646988175858,-0.4864722788333893,0,0.0
3058,2.0,1,1.0,0,2.454222016427685,0.14384245872497559,0.0,0.14384245872497559,0.018147041409093057,0.0031116008758544926,0.17828159771567284,2.1525115087229088,2.1525115087229088,2.4346128200973083,-2.4199228286743164,1,0.005756375943079261
3058,2.0,5,2.0,0,2.540287162818004,0.14384245872497559,0.0,0.14384245872497559,0.035658447614920936,0.042017221450805664,2.407409455997714,4.3779525479306995,4.3779525479306995,2.4609941327976683,-2.700721502304077,1,0.006630487587444669
3058,2.0,10,6.0,0,5.430304816113902,0.14384245872497559,0.0,0.14384245872497559,-0.12784609548443787,0.013464212417602539,0.7714425459962602,-33.55347317025631,0.0,5.430304816113902,0.5270671844482422,0,0.0
3058,2.0,11,7.0,0,5.645821313132987,0.14384245872497559,0.0,0.14384245872497559,-0.12906847153062523,0.043448686599731445,2.4894263675512276,-35.21868206935478,0.0,5.645821313132987,0.675684928894043,0,0.0
3058,2.0,12,4.0,0,5.04230525780937,0.14384245872497559,0.0,0.14384245872497559,-0.0006175786389890214,0.008194923400878905,0.46953452430335646,-0.15050370951136152,0.0,5.04230525780937,-0.13692188262939453,0,0.0
3058,2.0,13,5.0,0,5.192488983059645,0.14384245872497559,0.0,0.14384245872497559,0.02194524028865852,3.125077962875366,179.05377792209944,5.507337965780973,5.0,5.13222212868874,0.19521713256835938,0,0.0
3058,2.0,14,8.0,0,7.252608949989554,0.14384245872497559,0.0,0.14384245872497559,-0.10309530757383552,0.00394892692565918,0.2262568464458424,-36.137571533755214,0.0,7.252608949989554,2.0354206562042236,0,0.0
3058,2.0,15,10.0,0,7.826160668485752,0.14384245872497559,0.0,0.14384245872497559,-0.11079948922690637,0.020281076431274414,1.1620200834942693,-41.9094848057154,0.0,7.826160668485752,2.6875274181365967,0,0.0
3058,2.0,16,9.0,0,7.608142908961377,0.14384245872497559,0.0,0.14384245872497559,0.0009462711673525659,0.009990692138671875,0.5724244939604286,0.3479525897753296,0.3479525897753296,7.607978278428525,2.453927993774414,1,0.00020324866920647287
3058,2.0,17,11.0,0,9.291610512334133,0.14384245872497559,0.0,0.14384245872497559,-0.08620359188068832,0.005443572998046875,0.31189375825946225,-38.711692818499614,0.0,9.291610512334133,4.216317176818848,0,0.0
3058,2.0,18,12.0,0,9.999700466946877,0.14384245872497559,0.0,0.14384245872497559,0.006408616288002978,0.0161745548248291,0.92673372696567,3.097255726926391,3.097255726926391,9.989770975309156,4.796930313110352,1,0.0002698193667598765
3058,2.0,19,13.0,0,11.52649676689568,0.14384245872497559,0.0,0.14384245872497559,-0.07561808920295145,0.05451273918151855,3.1233498847984507,-42.12586541271835,0.0,11.52649676689568,6.390962600708008,0,0.0
3058,2.0,20,14.0,0,12.57184248253361,0.14384245872497559,0.0,0.14384245872497559,-0.001180108371733498,0.02340412139892578,1.3409573793702634,-0.7170453542707732,0.0,12.57184248253361,7.3902387619018555,0,0.0
3058,2.0,21,15.0,0,13.543123829463696,0.14384245872497559,0.0,0.14384245872497559,-0.06058111966136746,0.06770563125610352,3.879246920243762,-39.65353862906413,0.0,13.543123829463696,8.921276092529297,0,0.0
3058,2.0,23,16.0,0,13.824395129309305,0.14384245872497559,0.0,0.14384245872497559,0.09365721711709853,1.5850434303283691,90.8162989027539,62.576777078548666,5.0,13.36725937704469,8.634800910949707,0,0.0
3058,1.0,9,3.0,1,3.0896028686711223,0.028429284691810608,0.0,0.028429284691810604,0.025864332496932256,0.5363948345184326,30.733160170524393,98.8717154246003,5.0,2.9608691853939058,-0.0629679262638092,0,0.0
3058,1.0,1,1.0,0,2.433347864113059,0.028429284691810608,0.0,0.028429284691810604,0.003151245757610585,0.010098457336425781,0.5785989849701202,9.487561578940925,5.0,2.4217156443624868,-2.4328198432922363,0,0.0
3058,1.0,5,2.0,0,2.5159733720609436,0.028429284691810608,0.0,0.028429284691810604,0.006008955670661638,0.03759312629699707,2.153927475520201,18.705665996977363,5.0,2.4898080026397866,-2.671907663345337,0,0.0
3058,1.0,10,6.0,0,5.505317266163027,0.028429284691810608,0.0,0.028429284691810604,-0.025396127609418038,0.016585350036621094,0.950270558845534,-172.9888005863922,0.0,5.505317266163027,0.6020793914794922,0,0.0
3058,1.0,11,7.0,0,5.732881382684066,0.028429284691810608,0.0,0.028429284691810604,-0.025572423728934625,0.03963565826416016,2.2709559367592,-181.3898505029129,0.0,5.732881382684066,0.7627453804016113,0,0.0
3058,1.0,12,4.0,0,5.044290749112652,0.028429284691810608,0.0,0.028429284691810604,-0.0005994800011519982,0.00673365592956543,0.38581006545734026,-3.7414758417261327,0.0,5.044290749112652,-0.13493680953979492,0,0.0
3058,1.0,13,5.0,0,5.114219724022734,0.028429284691810608,0.0,0.028429284691810604,0.003761243995643704,3.127431869506836,179.1886468374505,23.800113335984154,5.0,5.0973611515166874,0.1603560447692871,0,0.0
3058,1.0,14,8.0,0,7.325947381622302,0.028429284691810608,0.0,0.028429284691810604,-0.020606081991020514,0.0008883476257324219,0.05089856969493502,-186.7787021984344,0.0,7.325947381622302,2.1087591648101807,0,0.0
3058,1.0,15,10.0,0,7.901443761365642,0.028429284691810608,0.0,0.028429284691810604,-0.021991898451721333,0.016508817672729492,0.9458855773983859,-214.99943058254462,0.0,7.901443761365642,2.7628114223480225,0,0.0
3058,1.0,16,9.0,0,7.607265673540791,0.028429284691810608,0.0,0.028429284691810604,-0.00012624280925824298,0.008917331695556639,0.5109254706736337,-1.1882378132532356,0.0,7.607265673540791,2.453214645385742,0,0.0
3058,1.0,17,11.0,0,9.354629293032978,0.028429284691810608,0.0,0.028429284691810604,-0.017187658648645895,0.0024521350860595703,0.14049699122716228,-198.93510920061763,0.0,9.354629293032978,4.279335975646973,0,0.0
3058,1.0,18,12.0,0,10.00701644584257,0.028429284691810608,0.0,0.028429284691810604,0.0010511100227719025,0.014900684356689453,0.8537463254949138,13.014303356324168,5.0,10.002769566486233,4.809928894042969,0,0.0
3058,1.0,19,13.0,0,11.575858958272423,0.028429284691810608,0.0,0.028429284691810604,-0.015050207831858148,0.05316925048828125,3.0463736528524072,-215.55785770790357,0.0,11.575858958272423,6.440324783325195,0,0.0
3058,1.0,20,14.0,0,12.573270091201781,0.028429284691810608,0.0,0.028429284691810604,-0.0003834952739996591,0.021872282028198242,1.2531894485355994,-5.965905860189142,0.0,12.573270091201781,7.391666412353516,0,0.0
3058,1.0,21,15.0,0,13.568753670289349,0.028429284691810608,0.0,0.028429284691810604,-0.012017114036627148,0.06681656837463379,3.828307369413807,-201.7475528746623,0.0,13.568753670289349,8.946905136108398,0,0.0
3058,1.0,23,16.0,0,13.744951264784206,0.028429284691810608,0.0,0.028429284691810604,0.018466494813479693,1.5851399898529053,90.82183135598162,314.04783774315064,5.0,13.653046552494004,8.920588493347168,0,0.0
