scenario_index,v27_rf,v28_rf,delta_rf,v27_progress,v28_progress,delta_progress,v27_comfort,v28_comfort,delta_comfort,v27_collision,v28_collision,delta_collision,v27_overlap,v28_overlap,delta_overlap,v27_offroad,v28_offroad,delta_offroad,v27_accuracy,v28_accuracy,delta_accuracy
543,0.0,1.0,1.0,1.0,1.0,0.0,1.0,1.0,0.0,0.0,0.0,0.0,1.0,0.0,-1.0,0.0,0.0,0.0,0,1,1
526,0.0,1.0,1.0,1.0,1.0,0.0,0.6363636,1.0,0.36363639999999997,0.0,0.0,0.0,1.0,0.0,-1.0,0.0,0.0,0.0,0,1,1
278,0.0,1.0,1.0,1.0,1.0,0.0,0.8846154,1.0,0.11538459999999995,1.0,0.0,-1.0,1.0,0.0,-1.0,0.0,0.0,0.0,0,1,1
2611,0.0,1.0,1.0,1.0,1.0,0.0,1.0,1.0,0.0,1.0,0.0,-1.0,1.0,0.0,-1.0,0.0,0.0,0.0,0,1,1
643,0.0,1.0,1.0,1.0,1.0,0.0,1.0,1.0,0.0,1.0,0.0,-1.0,1.0,0.0,-1.0,0.0,0.0,0.0,0,1,1
1310,0.0,1.0,1.0,0.24377638,0.99999994,0.75622356,0.8888889,1.0,0.11111110000000002,1.0,0.0,-1.0,1.0,0.0,-1.0,0.0,0.0,0.0,0,1,1
367,0.0,1.0,1.0,1.0,1.0,0.0,0.6515152,1.0,0.34848480000000004,0.0,0.0,0.0,1.0,0.0,-1.0,0.0,0.0,0.0,0,1,1
2909,0.0,1.0,1.0,1.0,1.0,0.0,1.0,1.0,0.0,1.0,0.0,-1.0,1.0,0.0,-1.0,0.0,0.0,0.0,0,1,1
1584,0.0,1.0,1.0,0.62354285,1.0,0.37645715,0.7857143,1.0,0.21428570000000002,1.0,0.0,-1.0,1.0,0.0,-1.0,0.0,0.0,0.0,0,1,1
2876,0.0,1.0,1.0,0.7293345,1.0,0.2706655,0.804878,1.0,0.19512200000000002,0.0,0.0,0.0,0.0,0.0,0.0,1.0,0.0,-1.0,0,1,1
2307,0.0,1.0,1.0,0.43039915,1.0,0.56960085,1.0,1.0,0.0,0.0,0.0,0.0,0.0,0.0,0.0,1.0,0.0,-1.0,0,1,1
2067,0.0,0.9967171,0.9967171,1.0,0.9953102,-0.004689799999999966,1.0,1.0,0.0,0.0,0.0,0.0,0.0,0.0,0.0,1.0,0.0,-1.0,0,1,1
2296,0.0,0.99625,0.99625,0.90972936,1.0,0.09027063999999996,0.8769231,0.9875,0.11057690000000009,0.0,0.0,0.0,0.0,0.0,0.0,1.0,0.0,-1.0,0,1,1
2039,0.0,0.99166864,0.99166864,0.7643517,0.988098,0.22374630000000006,1.0,1.0,0.0,0.0,0.0,0.0,0.0,0.0,0.0,1.0,0.0,-1.0,0,1,1
1610,0.0,0.97749996,0.97749996,0.93678313,1.0,0.06321686999999998,0.9130435,0.925,0.011956500000000037,1.0,0.0,-1.0,1.0,0.0,-1.0,0.0,0.0,0.0,0,1,1
1666,0.0,0.97749996,0.97749996,0.61285865,1.0,0.38714135000000005,1.0,0.925,-0.07499999999999996,1.0,0.0,-1.0,1.0,0.0,-1.0,0.0,0.0,0.0,0,1,1
2938,0.0,0.97749996,0.97749996,1.0,1.0,0.0,0.81333333,0.925,0.11166667000000008,1.0,0.0,-1.0,1.0,0.0,-1.0,0.0,0.0,0.0,0,1,1
2720,0.0,0.96999997,0.96999997,0.99999994,0.99999994,0.0,0.8857143,0.90000004,0.014285740000000047,0.0,0.0,0.0,0.0,0.0,0.0,1.0,0.0,-1.0,0,1,1
1400,0.0,0.95036566,0.95036566,0.99999994,0.9290937,-0.07090624000000001,0.82432437,1.0,0.17567562999999997,1.0,0.0,-1.0,1.0,0.0,-1.0,0.0,0.0,0.0,0,1,1
1294,0.0,0.9473009,0.9473009,1.0,0.9247155,-0.07528449999999998,0.91139245,1.0,0.08860754999999998,1.0,0.0,-1.0,1.0,0.0,-1.0,0.0,0.0,0.0,0,1,1
1685,0.0,0.925,0.925,0.26507458,1.0,0.7349254199999999,0.7619048,0.75,-0.011904800000000049,1.0,0.0,-1.0,1.0,0.0,-1.0,0.0,0.0,0.0,0,1,1
3001,0.0,0.9223469,0.9223469,0.352336,0.8890669,0.5367309,0.7647059,1.0,0.23529409999999995,0.0,0.0,0.0,0.0,0.0,0.0,1.0,0.0,-1.0,0,1,1
1061,0.0,0.91382694,0.91382694,0.5614369,0.8768956,0.3154587,1.0,1.0,0.0,0.0,0.0,0.0,0.0,0.0,0.0,1.0,0.0,-1.0,0,1,1
1327,0.0,0.9044382,0.9044382,0.99999994,0.92776877,-0.07223117000000001,0.8831169,0.85,-0.033116900000000005,0.0,0.0,0.0,1.0,0.0,-1.0,0.0,0.0,0.0,0,1,1
2437,0.0,0.9012484,0.9012484,0.835722,0.9124977,0.0767757,0.7714286,0.875,0.10357139999999998,0.0,0.0,0.0,0.0,0.0,0.0,1.0,0.0,-1.0,0,1,1
1590,0.0,0.89521325,0.89521325,0.5641394,0.8985189,0.33437950000000005,0.64705884,0.8875,0.24044115999999993,0.0,0.0,0.0,0.0,0.0,0.0,1.0,0.0,-1.0,0,1,1
563,0.0,0.8687462,0.8687462,0.6862267,0.90356594,0.21733924000000004,0.9508196,0.7875,-0.1633196,0.0,0.0,0.0,1.0,0.0,-1.0,0.0,0.0,0.0,0,1,1
2667,0.0,0.86594105,0.86594105,0.8711418,0.8084871,-0.06265469999999995,1.0,1.0,0.0,0.0,0.0,0.0,0.0,0.0,0.0,1.0,0.0,-1.0,0,1,1
2623,0.0,0.8642133,0.8642133,0.036324386,0.9024476,0.866123214,0.6666667,0.77500004,0.10833334000000006,1.0,0.0,-1.0,1.0,0.0,-1.0,0.0,0.0,0.0,0,1,1
2689,0.0,0.8613557,0.8613557,0.7632365,0.962651,0.19941450000000005,0.53030306,0.625,0.09469693999999995,1.0,0.0,-1.0,1.0,0.0,-1.0,0.0,0.0,0.0,0,1,1
