scenario_index,group,reference_step,reference_seconds,lead_s,frame,time_from_start_s,ego_width,nearest_any,road_clearance,nearest_boundary,boundary_clearance,nearest_median,median_clearance,left_distance,right_distance,min_side_distance,min_side_clearance,num_edge_points,dir30_count,dir30_left_point,dir30_right_point,dir30_point_clearance,dir30_left_line,dir30_right_line,dir30_line_clearance,dir45_count,dir45_left_point,dir45_right_point,dir45_point_clearance,dir45_left_line,dir45_right_line,dir45_line_clearance
0,SAFE,77,7.7,3.0,47,4.7,2.4900002479553223,2.5932489192634565,1.3482487952857953,2.5932489192634565,1.3482487952857953,2.5932489192634565,1.3482487952857953,8.452239990234375,2.4737548828125,2.4737548828125,1.2287547588348389,129,35,8.452239990234375,2.4737548828125,1.2287547588348389,8.522087320506511,2.547284753701801,1.3022846297241397,35,8.452239990234375,2.4737548828125,1.2287547588348389,8.522087320506511,2.547284753701801,1.3022846297241397
0,SAFE,77,7.7,2.0,57,5.7,2.4900002479553223,3.600558797383793,2.355558673406132,3.600558797383793,2.355558673406132,3.600558797383793,2.355558673406132,6.99127197265625,3.292999267578125,3.292999267578125,2.047999143600464,162,41,6.99127197265625,3.292999267578125,2.047999143600464,8.098160884771753,3.5898706983803224,2.3448705744026612,41,6.99127197265625,3.292999267578125,2.047999143600464,8.098160884771753,3.5898706983803224,2.3448705744026612
0,SAFE,77,7.7,1.0,67,6.7,2.4900002479553223,4.94137696353617,3.696376839558509,4.94137696353617,3.696376839558509,4.94137696353617,3.696376839558509,7.029998779296875,4.848876953125,4.848876953125,3.603876829147339,163,46,7.029998779296875,4.848876953125,3.603876829147339,7.244829199478575,4.918997549182677,3.673997425205016,46,7.029998779296875,4.848876953125,3.603876829147339,7.244829199478575,4.918997549182677,3.673997425205016
0,SAFE,77,7.7,0.5,72,7.2,2.4900002479553223,5.271153654912496,4.026153530934835,5.271153654912496,4.026153530934835,5.271153654912496,4.026153530934835,7.03875732421875,5.072052001953125,5.072052001953125,3.827051877975464,161,49,7.03875732421875,5.072052001953125,3.827051877975464,7.178022572853026,5.242935295840566,3.9979351718629053,49,7.03875732421875,5.072052001953125,3.827051877975464,7.178022572853026,5.242935295840566,3.9979351718629053
93,FIXED_OFFROAD,38,3.8000000000000003,3.0,8,0.8,2.0380001068115234,2.972984966567527,1.9539849131617655,2.972984966567527,1.9539849131617655,2.972984966567527,1.9539849131617655,3.0741958618164062,2.5891799926757812,2.5891799926757812,1.5701799392700195,109,41,3.0741958618164062,2.5891799926757812,1.5701799392700195,4.3308973177657,2.950346153577978,1.9313461001722163,41,3.0741958618164062,2.5891799926757812,1.5701799392700195,4.3308973177657,2.950346153577978,1.9313461001722163
93,FIXED_OFFROAD,38,3.8000000000000003,2.0,18,1.8,2.0380001068115234,3.384011388881347,2.365011335475585,3.384011388881347,2.365011335475585,3.384011388881347,2.365011335475585,4.240631103515625,2.77911376953125,2.77911376953125,1.7601137161254883,96,39,4.240631103515625,2.77911376953125,1.7601137161254883,4.227309553946362,3.3839572369704674,2.3649571835647056,39,4.240631103515625,2.77911376953125,1.7601137161254883,4.227309553946362,3.3839572369704674,2.3649571835647056
93,FIXED_OFFROAD,38,3.8000000000000003,1.0,28,2.8000000000000003,2.0380001068115234,2.8091098201178863,1.7901097667121246,2.8091098201178863,1.7901097667121246,2.8091098201178863,1.7901097667121246,4.460235595703125,2.172332763671875,2.172332763671875,1.1533327102661133,78,32,4.460235595703125,2.172332763671875,1.1533327102661133,4.974518022781936,2.787700035616799,1.7686999822110372,32,4.460235595703125,2.172332763671875,1.1533327102661133,4.974518022781936,2.787700035616799,1.7686999822110372
93,FIXED_OFFROAD,38,3.8000000000000003,0.5,33,3.3000000000000003,2.0380001068115234,2.3639173873176573,1.3449173339118956,2.3639173873176573,1.3449173339118956,2.3639173873176573,1.3449173339118956,4.901824951171875,2.169189453125,2.169189453125,1.1501893997192383,70,28,4.901824951171875,2.169189453125,1.1501893997192383,5.429047354442941,2.3572929846965742,1.3382929312908125,28,4.901824951171875,2.169189453125,1.1501893997192383,5.429047354442941,2.3572929846965742,1.3382929312908125
107,SAFE,55,5.5,3.0,25,2.5,1.8900001049041748,16.103937681050443,15.158937628598355,16.103937681050443,15.158937628598355,16.103937681050443,15.158937628598355,19.197296142578125,,19.197296142578125,18.252296090126038,3,2,19.197296142578125,,18.252296090126038,18.571153029602694,,17.626152977150607,2,19.197296142578125,,18.252296090126038,18.571153029602694,,17.626152977150607
107,SAFE,55,5.5,2.0,35,3.5,1.8900001049041748,16.075263707998207,15.13026365554612,16.075263707998207,15.13026365554612,16.075263707998207,15.13026365554612,19.1973876953125,,19.1973876953125,18.252387642860413,3,2,19.1973876953125,,18.252387642860413,18.553855169330173,,17.608855116878086,2,19.1973876953125,,18.252387642860413,18.553855169330173,,17.608855116878086
107,SAFE,55,5.5,1.0,45,4.5,1.8900001049041748,16.053738504314534,15.108738451862447,16.053738504314534,15.108738451862447,16.053738504314534,15.108738451862447,19.197357177734375,,19.197357177734375,18.252357125282288,3,2,19.197357177734375,,18.252357125282288,18.540643380112773,,17.595643327660685,2,19.197357177734375,,18.252357125282288,18.540643380112773,,17.595643327660685
107,SAFE,55,5.5,0.5,50,5.0,1.8900001049041748,16.0490278029012,15.104027750449113,16.0490278029012,15.104027750449113,16.0490278029012,15.104027750449113,19.197296142578125,,19.197296142578125,18.252296090126038,3,2,19.197296142578125,,18.252296090126038,18.537728356099013,,17.592728303646926,2,19.197296142578125,,18.252296090126038,18.537728356099013,,17.592728303646926
210,SAFE,46,4.6000000000000005,3.0,16,1.6,2.0380001068115234,5.415250666678697,4.396250613272935,5.415250666678697,4.396250613272935,5.415250666678697,4.396250613272935,5.111236572265625,5.86865234375,5.111236572265625,4.092236518859863,165,40,5.111236572265625,5.86865234375,4.092236518859863,5.411905276595915,5.918197185245246,4.392905223190153,40,5.111236572265625,5.86865234375,4.092236518859863,5.411905276595915,5.918197185245246,4.392905223190153
210,SAFE,46,4.6000000000000005,2.0,26,2.6,2.0380001068115234,5.511910085922395,4.492910032516633,5.511910085922395,4.492910032516633,5.511910085922395,4.492910032516633,5.2012939453125,5.08038330078125,5.08038330078125,4.061383247375488,138,43,5.2012939453125,5.08038330078125,4.061383247375488,5.4522411623270575,5.85745987263344,4.433241108921296,43,5.2012939453125,5.08038330078125,4.061383247375488,5.4522411623270575,5.85745987263344,4.433241108921296
210,SAFE,46,4.6000000000000005,1.0,36,3.6,2.0380001068115234,5.611724697669986,4.592724644264225,5.611724697669986,4.592724644264225,5.611724697669986,4.592724644264225,5.550567626953125,5.4598388671875,5.4598388671875,4.440838813781738,166,47,5.550567626953125,5.4598388671875,4.440838813781738,5.600700922054869,5.213562542027026,4.194562488621265,47,5.550567626953125,5.4598388671875,4.440838813781738,5.600700922054869,5.213562542027026,4.194562488621265
210,SAFE,46,4.6000000000000005,0.5,41,4.1000000000000005,2.0380001068115234,5.622371790923367,4.603371737517605,5.622371790923367,4.603371737517605,5.622371790923367,4.603371737517605,5.601898193359375,5.54248046875,5.54248046875,4.523480415344238,168,47,5.601898193359375,5.54248046875,4.523480415344238,5.614673688124953,5.262149585590669,4.2431495321849075,47,5.601898193359375,5.54248046875,4.523480415344238,5.614673688124953,5.262149585590669,4.2431495321849075
302,SAFE,51,5.1000000000000005,3.0,21,2.1,2.4900002479553223,1.9796862921130636,0.7346861681354024,1.9796862921130636,0.7346861681354024,1.9796862921130636,0.7346861681354024,,1.9587059020996094,1.9587059020996094,0.7137057781219482,32,16,,1.9587059020996094,0.7137057781219482,,1.9604502419206837,0.7154501179430226,16,,1.9587059020996094,0.7137057781219482,,1.9604502419206837,0.7154501179430226
302,SAFE,51,5.1000000000000005,2.0,31,3.1,2.4900002479553223,1.976690679552774,0.731690555575113,1.976690679552774,0.731690555575113,1.976690679552774,0.731690555575113,,1.9579849243164062,1.9579849243164062,0.7129848003387451,32,16,,1.9579849243164062,0.7129848003387451,,1.9604086437657053,0.7154085197880442,16,,1.9579849243164062,0.7129848003387451,,1.9604086437657053,0.7154085197880442
302,SAFE,51,5.1000000000000005,1.0,41,4.1000000000000005,2.4900002479553223,1.9822942244017008,0.7372941004240396,1.9822942244017008,0.7372941004240396,1.9822942244017008,0.7372941004240396,,1.9579696655273438,1.9579696655273438,0.7129695415496826,32,16,,1.9579696655273438,0.7129695415496826,,1.960326038622434,0.7153259146447728,16,,1.9579696655273438,0.7129695415496826,,1.960326038622434,0.7153259146447728
302,SAFE,51,5.1000000000000005,0.5,46,4.6000000000000005,2.4900002479553223,1.9863089290211373,0.7413088050434762,1.9863089290211373,0.7413088050434762,1.9863089290211373,0.7413088050434762,,1.9579544067382812,1.9579544067382812,0.7129542827606201,32,16,,1.9579544067382812,0.7129542827606201,,1.960318503623154,0.7153183796454929,16,,1.9579544067382812,0.7129542827606201,,1.960318503623154,0.7153183796454929
400,SAFE,13,1.3,1.0,3,0.30000000000000004,2.4900002479553223,11.818587418890225,10.573587294912564,11.818587418890225,10.573587294912564,11.818587418890225,10.573587294912564,,11.74542236328125,11.74542236328125,10.500422239303589,11,4,,11.74542236328125,10.500422239303589,,11.787723359860701,10.54272323588304,4,,11.74542236328125,10.500422239303589,,11.787723359860701,10.54272323588304
400,SAFE,13,1.3,0.5,8,0.8,2.4900002479553223,11.82018393150093,10.575183807523269,11.82018393150093,10.575183807523269,11.82018393150093,10.575183807523269,,11.639068603515625,11.639068603515625,10.394068479537964,14,4,,11.639068603515625,10.394068479537964,,11.8181048348427,10.573104710865039,4,,11.639068603515625,10.394068479537964,,11.8181048348427,10.573104710865039
509,SAFE,57,5.7,3.0,27,2.7,1.8900001049041748,1.9439038798799586,0.9989038274278712,1.9439038798799586,0.9989038274278712,1.9439038798799586,0.9989038274278712,7.4971923828125,1.7374267578125,1.7374267578125,0.7924267053604126,71,21,7.4971923828125,1.7374267578125,0.7924267053604126,6.610426088680322,0.606194423437911,-0.33880562901417643,22,7.4971923828125,1.7374267578125,0.7924267053604126,0.38107203203199685,0.606194423437911,-0.5639280204200905
509,SAFE,57,5.7,2.0,37,3.7,1.8900001049041748,1.943096755184701,0.9980967027326135,1.943096755184701,0.9980967027326135,1.943096755184701,0.9980967027326135,7.367919921875,1.700439453125,1.700439453125,0.7554394006729126,69,21,7.367919921875,1.700439453125,0.7554394006729126,6.688667554826631,0.3534723095645151,-0.5915277428875723,22,7.367919921875,1.700439453125,0.7554394006729126,0.03885488889480468,0.3534723095645151,-0.9061451635572827
509,SAFE,57,5.7,1.0,47,4.7,1.8900001049041748,2.0049940367337085,1.059993984281621,2.0049940367337085,1.059993984281621,2.0049940367337085,1.059993984281621,7.2529296875,1.686279296875,1.686279296875,0.7412792444229126,66,21,7.2529296875,1.686279296875,0.7412792444229126,6.7752275727418905,0.0006252815086854191,-0.9443747709434019,22,7.2529296875,1.686279296875,0.7412792444229126,0.5849674613267325,0.0006252815086854191,-0.9443747709434019
509,SAFE,57,5.7,0.5,52,5.2,1.8900001049041748,2.0953697275358705,1.150369675083783,2.0953697275358705,1.150369675083783,2.0953697275358705,1.150369675083783,7.1922607421875,1.6334228515625,1.6334228515625,0.6884227991104126,73,19,7.1922607421875,1.6334228515625,0.6884227991104126,6.822544009035334,0.24143942416239228,-0.7035606282896951,20,7.1922607421875,1.6334228515625,0.6884227991104126,0.9354865687228064,0.24143942416239228,-0.7035606282896951
510,FIXED_OFFROAD,66,6.6000000000000005,3.0,36,3.6,1.8900001049041748,4.00274995555402,3.057749903101932,4.00274995555402,3.057749903101932,4.00274995555402,3.057749903101932,5.856632232666016,3.5772247314453125,3.5772247314453125,2.632224678993225,131,3,,3.5772247314453125,2.632224678993225,,2.3758526754265112,1.4308526229744238,37,5.856632232666016,3.5772247314453125,2.632224678993225,0.6380073377469399,1.6013871532960353,-0.30699271470514755
510,FIXED_OFFROAD,66,6.6000000000000005,2.0,46,4.6000000000000005,1.8900001049041748,3.5995056795678484,2.654505627115761,3.5995056795678484,2.654505627115761,3.5995056795678484,2.654505627115761,1.065185546875,0.4794464111328125,0.4794464111328125,-0.4655536413192749,116,23,1.065185546875,0.4794464111328125,-0.4655536413192749,3.2041186227791085,0.05068190930124674,-0.8943181431508407,23,1.065185546875,0.4794464111328125,-0.4655536413192749,3.2041186227791085,0.05068190930124674,-0.8943181431508407
510,FIXED_OFFROAD,66,6.6000000000000005,1.0,56,5.6000000000000005,1.8900001049041748,1.90654642944694,0.9615463769948527,1.90654642944694,0.9615463769948527,1.90654642944694,0.9615463769948527,0.358184814453125,0.743377685546875,0.358184814453125,-0.5868152379989624,109,29,0.358184814453125,0.743377685546875,-0.5868152379989624,1.874755293607276,1.3014037678901436,0.35640371543805616,29,0.358184814453125,0.743377685546875,-0.5868152379989624,1.874755293607276,1.3014037678901436,0.35640371543805616
510,FIXED_OFFROAD,66,6.6000000000000005,0.5,61,6.1000000000000005,1.8900001049041748,1.8158581411769203,0.870858088724833,1.8158581411769203,0.870858088724833,1.8158581411769203,0.870858088724833,0.5777587890625,0.34625244140625,0.34625244140625,-0.5987476110458374,113,29,0.5777587890625,0.34625244140625,-0.5987476110458374,1.5053763376846379,1.539030379774024,0.5603762852325505,29,0.5777587890625,0.34625244140625,-0.5987476110458374,1.5053763376846379,1.539030379774024,0.5603762852325505
618,SAFE,45,4.5,3.0,15,1.5,1.8900001049041748,1.8662314461260376,0.9212313936739502,1.8662314461260376,0.9212313936739502,1.8662314461260376,0.9212313936739502,1.695068359375,11.585205078125,1.695068359375,0.7500683069229126,105,54,1.695068359375,11.585205078125,0.7500683069229126,1.8622210520048617,11.665388579191937,0.9172209995527743,54,1.695068359375,11.585205078125,0.7500683069229126,1.8622210520048617,11.665388579191937,0.9172209995527743
618,SAFE,45,4.5,2.0,25,2.5,1.8900001049041748,1.8713117613837624,0.926311708931675,1.8713117613837624,0.926311708931675,1.8713117613837624,0.926311708931675,1.695068359375,11.585205078125,1.695068359375,0.7500683069229126,105,54,1.695068359375,11.585205078125,0.7500683069229126,1.8630230620213772,11.664119323719952,0.9180230095692898,54,1.695068359375,11.585205078125,0.7500683069229126,1.8630230620213772,11.664119323719952,0.9180230095692898
618,SAFE,45,4.5,1.0,35,3.5,1.8900001049041748,1.8772188726921313,0.9322188202400439,1.8772188726921313,0.9322188202400439,1.8772188726921313,0.9322188202400439,1.6676025390625,11.5850830078125,1.6676025390625,0.7226024866104126,122,58,1.6676025390625,11.5850830078125,0.7226024866104126,1.8638023541140485,11.662925486611222,0.9188023016619611,58,1.6676025390625,11.5850830078125,0.7226024866104126,1.8638023541140485,11.662925486611222,0.9188023016619611
618,SAFE,45,4.5,0.5,40,4.0,1.8900001049041748,1.8804391330087216,0.9354390805566342,1.8804391330087216,0.9354390805566342,1.8804391330087216,0.9354390805566342,1.69482421875,11.5848388671875,1.69482421875,0.7498241662979126,105,55,1.69482421875,11.5848388671875,0.7498241662979126,1.864188798146072,11.662338954630327,0.9191887456939847,55,1.69482421875,11.5848388671875,0.7498241662979126,1.864188798146072,11.662338954630327,0.9191887456939847
666,NEW_OFFROAD,77,7.7,3.0,47,4.7,2.4900002479553223,15.462352572272547,14.217352448294886,15.462352572272547,14.217352448294886,15.462352572272547,14.217352448294886,,11.01513671875,11.01513671875,9.770136594772339,115,3,,11.01513671875,9.770136594772339,,9.988724896586039,8.743724772608378,3,,11.01513671875,9.770136594772339,,9.988724896586039,8.743724772608378
666,NEW_OFFROAD,77,7.7,2.0,57,5.7,2.4900002479553223,10.85454848905952,9.609548365081858,10.85454848905952,9.609548365081858,10.85454848905952,9.609548365081858,18.0162353515625,10.727783203125,10.727783203125,9.482783079147339,156,8,18.0162353515625,10.727783203125,9.482783079147339,18.167299240279473,10.491030261515155,9.246030137537494,8,18.0162353515625,10.727783203125,9.482783079147339,18.167299240279473,10.491030261515155,9.246030137537494
666,NEW_OFFROAD,77,7.7,1.0,67,6.7,2.4900002479553223,12.10929854830327,10.864298424325609,12.10929854830327,10.864298424325609,12.10929854830327,10.864298424325609,7.80517578125,,7.80517578125,6.560175657272339,68,4,7.80517578125,,6.560175657272339,2.184743856296276,,0.9397437323186151,8,7.80517578125,,6.560175657272339,2.184743856296276,,0.9397437323186151
666,NEW_OFFROAD,77,7.7,0.5,72,7.2,2.4900002479553223,7.211011930641577,5.966011806663916,7.211011930641577,5.966011806663916,7.211011930641577,5.966011806663916,0.4132080078125,0.5550537109375,0.4132080078125,-0.8317921161651611,160,27,2.166748046875,0.5550537109375,-0.6899464130401611,1.412575480465365,5.603827946317758,0.16757535648770383,29,0.4132080078125,0.5550537109375,-0.8317921161651611,1.412575480465365,5.603827946317758,0.16757535648770383
694,FIXED_OFFROAD,24,2.4000000000000004,2.0,4,0.4,2.4900002479553223,2.2345743857300677,0.9895742617524066,2.2345743857300677,0.9895742617524066,2.2345743857300677,0.9895742617524066,1.5914306640625,1.9930419921875,1.5914306640625,0.34643054008483887,87,18,1.5914306640625,1.9930419921875,0.34643054008483887,1.8570725154500523,0.3209060327376403,-0.9240940912400208,23,1.5914306640625,1.9930419921875,0.34643054008483887,1.8570725154500523,0.3209060327376403,-0.9240940912400208
694,FIXED_OFFROAD,24,2.4000000000000004,1.0,14,1.4000000000000001,2.4900002479553223,2.2686977760094615,1.0236976520318004,2.2686977760094615,1.0236976520318004,2.2686977760094615,1.0236976520318004,2.41259765625,2.1495361328125,2.1495361328125,0.9045360088348389,74,18,2.41259765625,2.1495361328125,0.9045360088348389,2.1014483541328133,1.376425367463854,0.1314252434861929,25,2.41259765625,2.1495361328125,0.9045360088348389,2.1014483541328133,0.2879946012470539,-0.9570055227306072
694,FIXED_OFFROAD,24,2.4000000000000004,0.5,19,1.9000000000000001,2.4900002479553223,2.3402708711358726,1.0952707471582115,2.3402708711358726,1.0952707471582115,2.3402708711358726,1.0952707471582115,0.9781494140625,2.222412109375,0.9781494140625,-0.26685070991516113,71,23,0.9781494140625,2.222412109375,-0.26685070991516113,2.448899519678443,1.1769359147892677,-0.0680642091883934,29,0.9781494140625,2.222412109375,-0.26685070991516113,2.448899519678443,1.1769359147892677,-0.0680642091883934
721,SAFE,65,6.5,3.0,35,3.5,1.8900001049041748,4.016222027289005,3.0712219748369174,4.016222027289005,3.0712219748369174,4.016222027289005,3.0712219748369174,8.4752197265625,3.738250732421875,3.738250732421875,2.7932506799697876,84,20,8.4752197265625,3.738250732421875,2.7932506799697876,9.120621485602166,4.015215479592765,3.0702154271406776,20,8.4752197265625,3.738250732421875,2.7932506799697876,9.120621485602166,4.015215479592765,3.0702154271406776
721,SAFE,65,6.5,2.0,45,4.5,1.8900001049041748,4.548718213628489,3.6037181611764018,4.548718213628489,3.6037181611764018,4.548718213628489,3.6037181611764018,7.77716064453125,3.708587646484375,3.708587646484375,2.7635875940322876,88,21,7.77716064453125,3.708587646484375,2.7635875940322876,8.702557406406745,4.430020913273241,3.4850208608211535,21,7.77716064453125,3.708587646484375,2.7635875940322876,8.702557406406745,4.430020913273241,3.4850208608211535
721,SAFE,65,6.5,1.0,55,5.5,1.8900001049041748,5.443284630305052,4.4982845778529645,5.443284630305052,4.4982845778529645,5.443284630305052,4.4982845778529645,3.5753173828125,5.43353271484375,3.5753173828125,2.6303173303604126,85,21,3.5753173828125,5.43353271484375,2.6303173303604126,7.842511903901307,5.287160967615385,4.342160915163298,21,3.5753173828125,5.43353271484375,2.6303173303604126,7.842511903901307,5.287160967615385,4.342160915163298
721,SAFE,65,6.5,0.5,60,6.0,1.8900001049041748,5.896714795144463,4.951714742692376,5.896714795144463,4.951714742692376,5.896714795144463,4.951714742692376,2.56988525390625,5.3599853515625,2.56988525390625,1.6248852014541626,87,22,2.56988525390625,5.3599853515625,1.6248852014541626,7.251602709867895,5.876658004050514,4.931657951598426,22,2.56988525390625,5.3599853515625,1.6248852014541626,7.251602709867895,5.876658004050514,4.931657951598426
831,SAFE,32,3.2,3.0,2,0.2,2.4900002479553223,4.100164537723625,2.855164413745964,4.100164537723625,2.855164413745964,4.100164537723625,2.855164413745964,5.109375,4.080902099609375,4.080902099609375,2.835901975631714,98,21,5.109375,4.080902099609375,2.835901975631714,6.580785646742597,3.6104474140680956,2.3654472900904344,21,5.109375,4.080902099609375,2.835901975631714,6.580785646742597,3.6104474140680956,2.3654472900904344
831,SAFE,32,3.2,2.0,12,1.2000000000000002,2.4900002479553223,5.907978702097515,4.662978578119854,5.907978702097515,4.662978578119854,5.907978702097515,4.662978578119854,5.88739013671875,5.627899169921875,5.627899169921875,4.382899045944214,98,21,5.88739013671875,5.627899169921875,4.382899045944214,5.895369751426553,5.783792886142679,4.538792762165018,21,5.88739013671875,5.627899169921875,4.382899045944214,5.895369751426553,5.783792886142679,4.538792762165018
831,SAFE,32,3.2,1.0,22,2.2,2.4900002479553223,5.755569077971124,4.510568953993463,5.755569077971124,4.510568953993463,5.755569077971124,4.510568953993463,6.1064453125,5.711090087890625,5.711090087890625,4.466089963912964,98,20,6.1064453125,5.711090087890625,4.466089963912964,6.124791371148874,5.640154589974769,4.395154465997108,20,6.1064453125,5.711090087890625,4.466089963912964,6.124791371148874,5.640154589974769,4.395154465997108
831,SAFE,32,3.2,0.5,27,2.7,2.4900002479553223,5.764075190553296,4.519075066575635,5.764075190553296,4.519075066575635,5.764075190553296,4.519075066575635,6.158355712890625,5.70849609375,5.70849609375,4.463495969772339,95,17,6.158355712890625,5.70849609375,4.463495969772339,6.230353269469568,5.757829321581115,4.512829197603454,18,6.158355712890625,5.70849609375,4.463495969772339,2.017073395281215,5.757829321581115,0.7720732713035541
940,SAFE,70,7.0,3.0,40,4.0,2.0380001068115234,4.684322783663322,3.66532273025756,4.684322783663322,3.66532273025756,4.684322783663322,3.66532273025756,4.592974662780762,,4.592974662780762,3.573974609375,28,15,4.592974662780762,,3.573974609375,4.616564440273169,,3.5975643868674076,15,4.592974662780762,,3.573974609375,4.616564440273169,,3.5975643868674076
940,SAFE,70,7.0,2.0,50,5.0,2.0380001068115234,4.621785847769978,3.602785794364216,4.621785847769978,3.602785794364216,4.621785847769978,3.602785794364216,4.59298038482666,,4.59298038482666,3.5739803314208984,24,9,4.59298038482666,,3.5739803314208984,4.616458720440183,,3.597458667034421,9,4.59298038482666,,3.5739803314208984,4.616458720440183,,3.597458667034421
940,SAFE,70,7.0,1.0,60,6.0,2.0380001068115234,4.679142847807558,3.6601427944017964,4.679142847807558,3.6601427944017964,4.679142847807558,3.6601427944017964,4.592996597290039,,4.592996597290039,3.5739965438842773,27,14,4.592996597290039,,3.5739965438842773,4.616372163092617,,3.597372109686855,14,4.592996597290039,,3.5739965438842773,4.616372163092617,,3.597372109686855
940,SAFE,70,7.0,0.5,65,6.5,2.0380001068115234,4.677618593666362,3.6586185402606004,4.677618593666362,3.6586185402606004,4.677618593666362,3.6586185402606004,4.586729049682617,,4.586729049682617,3.5677289962768555,29,16,4.586729049682617,,3.5677289962768555,4.616314326726486,,3.597314273320724,16,4.586729049682617,,3.5677289962768555,4.616314326726486,,3.597314273320724
1028,SAFE,75,7.5,3.0,45,4.5,1.8900001049041748,12.297039138281358,11.35203908582927,12.297039138281358,11.35203908582927,12.297039138281358,11.35203908582927,15.26348876953125,7.17327880859375,7.17327880859375,6.228278756141663,85,10,15.26348876953125,7.17327880859375,6.228278756141663,14.304560295540425,8.969355806102644,8.024355753650557,13,15.26348876953125,7.17327880859375,6.228278756141663,14.304560295540425,8.969355806102644,8.024355753650557
1028,SAFE,75,7.5,2.0,55,5.5,1.8900001049041748,9.121630809460134,8.176630757008047,9.121630809460134,8.176630757008047,9.121630809460134,8.176630757008047,15.2947998046875,6.4197998046875,6.4197998046875,5.474799752235413,85,19,15.2947998046875,6.4197998046875,5.474799752235413,14.532587438175858,7.820749599303072,6.875749546850985,21,15.2947998046875,6.4197998046875,5.474799752235413,14.532587438175858,7.820749599303072,6.875749546850985
1028,SAFE,75,7.5,1.0,65,6.5,1.8900001049041748,7.4675392015870194,6.522539149134932,7.4675392015870194,6.522539149134932,7.4675392015870194,6.522539149134932,15.20196533203125,5.9163818359375,5.9163818359375,4.971381783485413,88,21,15.20196533203125,5.9163818359375,4.971381783485413,14.702083474123862,7.026607712724573,6.081607660272486,23,15.20196533203125,5.9163818359375,4.971381783485413,14.702083474123862,5.674389829043473,4.729389776591385
1028,SAFE,75,7.5,0.5,70,7.0,1.8900001049041748,7.138897912847307,6.19389786039522,7.138897912847307,6.19389786039522,7.138897912847307,6.19389786039522,15.2042236328125,5.82916259765625,5.82916259765625,4.884162545204163,86,25,15.2042236328125,5.82916259765625,4.884162545204163,14.050076454092503,6.02788377831064,5.082883725858553,27,15.2042236328125,5.82916259765625,4.884162545204163,14.050076454092503,4.1311307677002125,3.186130715248125
1061,NEW_OFFROAD,46,4.6000000000000005,3.0,16,1.6,2.0380001068115234,3.6307904286684516,2.61179037526269,3.6307904286684516,2.61179037526269,3.6307904286684516,2.61179037526269,3.04345703125,14.552963256835938,3.04345703125,2.0244569778442383,125,9,3.04345703125,,2.0244569778442383,3.390888201992269,,2.3718881485865073,17,3.04345703125,14.552963256835938,2.0244569778442383,2.421742308668072,5.85494079803974,1.4027422552623103
1061,NEW_OFFROAD,46,4.6000000000000005,2.0,26,2.6,2.0380001068115234,4.305360432197395,3.286360378791633,4.305360432197395,3.286360378791633,4.305360432197395,3.286360378791633,0.4289741516113281,8.17867660522461,0.4289741516113281,-0.5900259017944336,157,11,0.4289741516113281,8.17867660522461,-0.5900259017944336,0.033581849092508255,5.790514352864273,-0.9854182043132534,23,0.4289741516113281,8.17867660522461,-0.5900259017944336,0.033581849092508255,5.790514352864273,-0.9854182043132534
1061,NEW_OFFROAD,46,4.6000000000000005,1.0,36,3.6,2.0380001068115234,3.786233021140834,2.7672329677350724,3.786233021140834,2.7672329677350724,3.786233021140834,2.7672329677350724,1.1861705780029297,7.771263122558594,1.1861705780029297,0.16717052459716797,143,8,1.1861705780029297,7.771263122558594,0.16717052459716797,0.35169097857459025,7.177699792039477,-0.6673090748311714,19,1.1861705780029297,7.771263122558594,0.16717052459716797,0.35169097857459025,7.177699792039477,-0.6673090748311714
1061,NEW_OFFROAD,46,4.6000000000000005,0.5,41,4.1000000000000005,2.0380001068115234,2.429325135722972,1.4103250823172102,2.429325135722972,1.4103250823172102,2.429325135722972,1.4103250823172102,0.8943023681640625,7.817895889282227,0.8943023681640625,-0.12469768524169922,149,10,0.8943023681640625,7.817895889282227,-0.12469768524169922,0.6359125982813645,7.599022491486435,-0.38308745512439724,16,0.8943023681640625,7.817895889282227,-0.12469768524169922,0.6359125982813645,7.599022491486435,-0.38308745512439724
1140,SAFE,70,7.0,3.0,40,4.0,2.4900002479553223,2.7854907102851154,1.5404905863074543,2.7854907102851154,1.5404905863074543,2.7854907102851154,1.5404905863074543,8.037841796875,2.45367431640625,2.45367431640625,1.2086741924285889,169,59,8.037841796875,2.45367431640625,1.2086741924285889,7.926185882468985,2.738686776316062,1.493686652338401,59,8.037841796875,2.45367431640625,1.2086741924285889,7.926185882468985,2.738686776316062,1.493686652338401
1140,SAFE,70,7.0,2.0,50,5.0,2.4900002479553223,2.5848316764506336,1.3398315524729725,2.5848316764506336,1.3398315524729725,2.5848316764506336,1.3398315524729725,8.19793701171875,2.57073974609375,2.57073974609375,1.3257396221160889,175,53,8.19793701171875,2.57073974609375,1.3257396221160889,8.215310457434752,2.5837287670867886,1.3387286431091274,53,8.19793701171875,2.57073974609375,1.3257396221160889,8.215310457434752,2.5837287670867886,1.3387286431091274
1140,SAFE,70,7.0,1.0,60,6.0,2.4900002479553223,3.2974399092842654,2.0524397853066043,3.2974399092842654,2.0524397853066043,3.2974399092842654,2.0524397853066043,6.134765625,3.10504150390625,3.10504150390625,1.8600413799285889,200,57,6.134765625,3.10504150390625,1.8600413799285889,7.236743080886484,3.2901657096976398,2.0451655857199786,57,6.134765625,3.10504150390625,1.8600413799285889,7.236743080886484,3.2901657096976398,2.0451655857199786
1140,SAFE,70,7.0,0.5,65,6.5,2.4900002479553223,4.270334351909767,3.025334227932106,4.270334351909767,3.025334227932106,4.270334351909767,3.025334227932106,5.7711181640625,4.06231689453125,4.06231689453125,2.817316770553589,200,58,5.7711181640625,4.06231689453125,2.817316770553589,6.423961340246771,4.24059631796226,2.995596193984599,58,5.7711181640625,4.06231689453125,2.817316770553589,6.423961340246771,4.24059631796226,2.995596193984599
1249,SAFE,41,4.1000000000000005,3.0,11,1.1,1.8900001049041748,4.132928352679152,3.187928300227065,4.132928352679152,3.187928300227065,4.132928352679152,3.187928300227065,5.5404052734375,3.7899169921875,3.7899169921875,2.8449169397354126,135,31,5.5404052734375,3.7899169921875,2.8449169397354126,4.927954193131907,3.789239294801722,2.8442392423496345,34,5.5404052734375,3.7899169921875,2.8449169397354126,4.927954193131907,3.789239294801722,2.8442392423496345
1249,SAFE,41,4.1000000000000005,2.0,21,2.1,1.8900001049041748,4.122072022380533,3.1770719699284458,4.122072022380533,3.1770719699284458,4.122072022380533,3.1770719699284458,5.5400390625,3.7901611328125,3.7901611328125,2.8451610803604126,138,31,5.5400390625,3.7901611328125,2.8451610803604126,4.9261049587919095,3.789064816769568,2.844064764317481,34,5.5400390625,3.7901611328125,2.8451610803604126,4.9261049587919095,3.789064816769568,2.844064764317481
1249,SAFE,41,4.1000000000000005,1.0,31,3.1,1.8900001049041748,4.111811461432673,3.1668114089805854,4.111811461432673,3.1668114089805854,4.111811461432673,3.1668114089805854,5.539306640625,3.7908935546875,3.7908935546875,2.8458935022354126,136,31,5.539306640625,3.7908935546875,2.8458935022354126,4.924350086144566,3.789068744998973,2.8440686925468857,34,5.539306640625,3.7908935546875,2.8458935022354126,4.924350086144566,3.789068744998973,2.8440686925468857
1249,SAFE,41,4.1000000000000005,0.5,36,3.6,1.8900001049041748,4.107093894192119,3.162093841740032,4.107093894192119,3.162093841740032,4.107093894192119,3.162093841740032,5.5382080078125,3.791748046875,3.791748046875,2.8467479944229126,136,31,5.5382080078125,3.791748046875,2.8467479944229126,4.923506595774037,3.788926769956752,2.8439267175046647,34,5.5382080078125,3.791748046875,2.8467479944229126,4.923506595774037,3.788926769956752,2.8439267175046647
1356,SAFE,34,3.4000000000000004,3.0,4,0.4,2.4900002479553223,6.690588279529367,5.445588155551706,6.690588279529367,5.445588155551706,6.690588279529367,5.445588155551706,12.398193359375,6.09765625,6.09765625,4.852656126022339,149,32,12.398193359375,6.09765625,4.852656126022339,12.677391495555558,6.524229691017951,5.27922956704029,32,12.398193359375,6.09765625,4.852656126022339,12.677391495555558,6.524229691017951,5.27922956704029
1356,SAFE,34,3.4000000000000004,2.0,14,1.4000000000000001,2.4900002479553223,6.158683711220811,4.91368358724315,6.158683711220811,4.91368358724315,6.158683711220811,4.91368358724315,13.71124267578125,5.4793701171875,5.4793701171875,4.234369993209839,138,28,13.71124267578125,5.4793701171875,4.234369993209839,13.919933717565314,6.156860666580609,4.911860542602948,28,13.71124267578125,5.4793701171875,4.234369993209839,13.919933717565314,6.156860666580609,4.911860542602948
1356,SAFE,34,3.4000000000000004,1.0,24,2.4000000000000004,2.4900002479553223,5.501554448623746,4.256554324646085,5.501554448623746,4.256554324646085,5.501554448623746,4.256554324646085,15.1014404296875,5.35003662109375,5.35003662109375,4.105036497116089,169,33,15.1014404296875,5.35003662109375,4.105036497116089,15.346702846871336,5.496725185139766,4.251725061162105,33,15.1014404296875,5.35003662109375,4.105036497116089,15.346702846871336,5.496725185139766,4.251725061162105
1356,SAFE,34,3.4000000000000004,0.5,29,2.9000000000000004,2.4900002479553223,6.092525625715027,4.8475255017373655,6.092525625715027,4.8475255017373655,6.092525625715027,4.8475255017373655,4.057861328125,5.486328125,4.057861328125,2.812861204147339,167,31,4.057861328125,5.486328125,2.812861204147339,4.229601553976762,5.550185267251916,2.984601429999101,31,4.057861328125,5.486328125,2.812861204147339,4.229601553976762,5.550185267251916,2.984601429999101
1459,SAFE,56,5.6000000000000005,3.0,26,2.6,2.0380001068115234,8.070109016755731,7.05110896334997,8.070109016755731,7.05110896334997,8.070109016755731,7.05110896334997,14.7764892578125,8.0211181640625,8.0211181640625,7.002118110656738,60,19,14.7764892578125,8.0211181640625,7.002118110656738,12.885711636559817,7.782212997341754,6.763212943935993,19,14.7764892578125,8.0211181640625,7.002118110656738,12.885711636559817,7.782212997341754,6.763212943935993
1459,SAFE,56,5.6000000000000005,2.0,36,3.6,2.0380001068115234,8.067437076051323,7.048437022645562,8.067437076051323,7.048437022645562,8.067437076051323,7.048437022645562,14.776611328125,8.02099609375,8.02099609375,7.001996040344238,60,18,14.776611328125,8.02099609375,7.001996040344238,12.877146282825262,7.77505607132631,6.756056017920549,18,14.776611328125,8.02099609375,7.001996040344238,12.877146282825262,7.77505607132631,6.756056017920549
1459,SAFE,56,5.6000000000000005,1.0,46,4.6000000000000005,2.0380001068115234,8.066779993002735,7.047779939596973,8.066779993002735,7.047779939596973,8.066779993002735,7.047779939596973,14.777099609375,8.0203857421875,8.0203857421875,7.001385688781738,60,18,14.777099609375,8.0203857421875,7.001385688781738,12.875733432522658,7.773578786311436,6.754578732905674,18,14.777099609375,8.0203857421875,7.001385688781738,12.875733432522658,7.773578786311436,6.754578732905674
1459,SAFE,56,5.6000000000000005,0.5,51,5.1000000000000005,2.0380001068115234,8.065653481815602,7.04665342840984,8.065653481815602,7.04665342840984,8.065653481815602,7.04665342840984,14.777587890625,8.0198974609375,8.0198974609375,7.000897407531738,60,18,14.777587890625,8.0198974609375,7.000897407531738,12.872698470580024,7.770533829618189,6.751533776212427,18,14.777587890625,8.0198974609375,7.000897407531738,12.872698470580024,7.770533829618189,6.751533776212427
1567,SAFE,77,7.7,3.0,47,4.7,2.4900002479553223,10.443755374019023,9.198755250041362,10.443755374019023,9.198755250041362,10.443755374019023,9.198755250041362,,7.3369140625,7.3369140625,6.091913938522339,30,8,,7.3369140625,6.091913938522339,,9.87115364696545,8.626153522987789,8,,7.3369140625,6.091913938522339,,9.87115364696545,8.626153522987789
1567,SAFE,77,7.7,2.0,57,5.7,2.4900002479553223,7.110983619423034,5.865983495445373,7.110983619423034,5.865983495445373,7.110983619423034,5.865983495445373,,5.9466552734375,5.9466552734375,4.701655149459839,41,9,,5.9466552734375,4.701655149459839,,7.110089611565345,5.865089487587684,9,,5.9466552734375,4.701655149459839,,7.110089611565345,5.865089487587684
1567,SAFE,77,7.7,1.0,67,6.7,2.4900002479553223,5.7150227133419715,4.47002258936431,5.7150227133419715,4.47002258936431,5.7150227133419715,4.47002258936431,,5.3380126953125,5.3380126953125,4.093012571334839,29,5,,5.3380126953125,4.093012571334839,,5.59467985126689,4.349679727289229,5,,5.3380126953125,4.093012571334839,,5.59467985126689,4.349679727289229
1567,SAFE,77,7.7,0.5,72,7.2,2.4900002479553223,5.114119600151493,3.8691194761738315,5.114119600151493,3.8691194761738315,5.114119600151493,3.8691194761738315,,4.817138671875,4.817138671875,3.572138547897339,40,14,,4.817138671875,3.572138547897339,,5.079539640051447,3.834539516073786,14,,4.817138671875,3.572138547897339,,5.079539640051447,3.834539516073786
1597,NEW_OFFROAD,13,1.3,1.0,3,0.30000000000000004,1.8900001049041748,11.736011359604843,10.791011307152756,11.736011359604843,10.791011307152756,11.736011359604843,10.791011307152756,8.14306640625,10.44635009765625,8.14306640625,7.198066353797913,95,5,8.14306640625,10.44635009765625,7.198066353797913,13.203267575214003,6.307118364732772,5.362118312280685,7,8.14306640625,10.44635009765625,7.198066353797913,13.203267575214003,6.307118364732772,5.362118312280685
1597,NEW_OFFROAD,13,1.3,0.5,8,0.8,1.8900001049041748,7.041227712761135,6.096227660309047,7.041227712761135,6.096227660309047,7.041227712761135,6.096227660309047,5.08245849609375,10.744781494140625,5.08245849609375,4.137458443641663,109,10,7.336212158203125,10.744781494140625,6.391212105751038,10.08144670134829,9.401960602292888,8.456960549840801,17,5.08245849609375,10.744781494140625,4.137458443641663,2.4834400278144426,9.401960602292888,1.5384399753623552
1690,SAFE,55,5.5,3.0,25,2.5,2.4900002479553223,4.9093117135817685,3.6643115896041074,4.9093117135817685,3.6643115896041074,4.9093117135817685,3.6643115896041074,6.06671142578125,4.776611328125,4.776611328125,3.531611204147339,152,39,6.06671142578125,4.776611328125,3.531611204147339,6.096105509772382,4.853246737487292,3.608246613509631,39,6.06671142578125,4.776611328125,3.531611204147339,6.096105509772382,4.853246737487292,3.608246613509631
1690,SAFE,55,5.5,2.0,35,3.5,2.4900002479553223,4.623062211624866,3.378062087647205,4.623062211624866,3.378062087647205,4.623062211624866,3.378062087647205,6.36859130859375,3.891357421875,3.891357421875,2.646357297897339,137,39,6.36859130859375,3.891357421875,2.646357297897339,6.56225593140554,4.442085808630007,3.197085684652346,39,6.36859130859375,3.891357421875,2.646357297897339,6.56225593140554,4.442085808630007,3.197085684652346
1690,SAFE,55,5.5,1.0,45,4.5,2.4900002479553223,3.9172423567744836,2.6722422327968225,3.9172423567744836,2.6722422327968225,3.9172423567744836,2.6722422327968225,7.27325439453125,3.11920166015625,3.11920166015625,1.8742015361785889,129,41,7.27325439453125,3.11920166015625,1.8742015361785889,7.414062363049908,3.6243238213125677,2.3793236973349066,41,7.27325439453125,3.11920166015625,1.8742015361785889,7.414062363049908,3.6243238213125677,2.3793236973349066
1690,SAFE,55,5.5,0.5,50,5.0,2.4900002479553223,3.236587980782842,1.991587856805181,3.236587980782842,1.991587856805181,3.236587980782842,1.991587856805181,7.70758056640625,2.907958984375,2.907958984375,1.6629588603973389,123,35,7.70758056640625,2.907958984375,1.6629588603973389,7.816758822818539,3.236280475447141,1.99128035146948,35,7.70758056640625,2.907958984375,1.6629588603973389,7.816758822818539,3.236280475447141,1.99128035146948
1787,SAFE,46,4.6000000000000005,3.0,16,1.6,2.4900002479553223,4.524091730918608,3.2790916069409466,4.524091730918608,3.2790916069409466,4.524091730918608,3.2790916069409466,6.290771484375,4.29833984375,4.29833984375,3.053339719772339,100,21,6.290771484375,4.29833984375,3.053339719772339,7.028109801119928,3.742218611441848,2.497218487464187,21,6.290771484375,4.29833984375,3.053339719772339,7.028109801119928,3.742218611441848,2.497218487464187
1787,SAFE,46,4.6000000000000005,2.0,26,2.6,2.4900002479553223,4.7668457691617565,3.5218456451840954,4.7668457691617565,3.5218456451840954,4.7668457691617565,3.5218456451840954,6.54833984375,4.734375,4.734375,3.489374876022339,106,18,6.54833984375,4.734375,3.489374876022339,7.016110602339221,4.527232523986937,3.282232400009276,18,6.54833984375,4.734375,3.489374876022339,7.016110602339221,4.527232523986937,3.282232400009276
1787,SAFE,46,4.6000000000000005,1.0,36,3.6,2.4900002479553223,4.770729394411074,3.5257292704334127,4.770729394411074,3.5257292704334127,4.770729394411074,3.5257292704334127,7.007568359375,4.3646240234375,4.3646240234375,3.119623899459839,105,18,7.007568359375,4.3646240234375,3.119623899459839,7.025781995925875,4.3456899427602025,3.1006898187825414,18,7.007568359375,4.3646240234375,3.119623899459839,7.025781995925875,4.3456899427602025,3.1006898187825414
1787,SAFE,46,4.6000000000000005,0.5,41,4.1000000000000005,2.4900002479553223,4.755107012148373,3.5101068881707116,4.755107012148373,3.5101068881707116,4.755107012148373,3.5101068881707116,1.9990234375,3.970947265625,1.9990234375,0.7540233135223389,109,19,1.9990234375,3.970947265625,0.7540233135223389,3.5202685184962026,4.305490556635947,2.2752683945185415,19,1.9990234375,3.970947265625,0.7540233135223389,3.5202685184962026,4.305490556635947,2.2752683945185415
1889,SAFE,51,5.1000000000000005,3.0,21,2.1,2.0380001068115234,7.363926662480923,6.344926609075161,7.363926662480923,6.344926609075161,7.363926662480923,6.344926609075161,7.342741966247559,8.719327926635742,7.342741966247559,6.323741912841797,70,30,7.342741966247559,8.719327926635742,6.323741912841797,7.363350489190598,8.75167237553958,6.344350435784836,30,7.342741966247559,8.719327926635742,6.323741912841797,7.363350489190598,8.75167237553958,6.344350435784836
1889,SAFE,51,5.1000000000000005,2.0,31,3.1,2.0380001068115234,7.36414216521751,6.345142111811748,7.36414216521751,6.345142111811748,7.36414216521751,6.345142111811748,7.342747688293457,8.719345092773438,7.342747688293457,6.323747634887695,69,31,7.342747688293457,8.719345092773438,6.323747634887695,7.363257038604649,8.751723036693638,6.3442569851988875,31,7.342747688293457,8.719345092773438,6.323747634887695,7.363257038604649,8.751723036693638,6.3442569851988875
1889,SAFE,51,5.1000000000000005,1.0,41,4.1000000000000005,2.0380001068115234,7.364481689395054,6.345481635989293,7.364481689395054,6.345481635989293,7.364481689395054,6.345481635989293,7.342726707458496,8.719292640686035,7.342726707458496,6.323726654052734,70,30,7.342726707458496,8.719292640686035,6.323726654052734,7.363146232020849,8.751786225966756,6.3441461786150875,30,7.342726707458496,8.719292640686035,6.323726654052734,7.363146232020849,8.751786225966756,6.3441461786150875
1889,SAFE,51,5.1000000000000005,0.5,46,4.6000000000000005,2.0380001068115234,7.364691145222224,6.345691091816462,7.364691145222224,6.345691091816462,7.364691145222224,6.345691091816462,7.342742919921875,8.719337463378906,7.342742919921875,6.323742866516113,70,30,7.342742919921875,8.719337463378906,6.323742866516113,7.363090733000459,8.751815225916822,6.344090679594697,30,7.342742919921875,8.719337463378906,6.323742866516113,7.363090733000459,8.751815225916822,6.344090679594697
1984,SAFE,13,1.3,1.0,3,0.30000000000000004,2.4900002479553223,6.616178643475085,5.371178519497424,6.616178643475085,5.371178519497424,6.616178643475085,5.371178519497424,6.524078369140625,7.9151611328125,6.524078369140625,5.279078245162964,155,37,6.524078369140625,7.9151611328125,5.279078245162964,6.579062642207797,8.151320207729935,5.3340625182301356,37,6.524078369140625,7.9151611328125,5.279078245162964,6.579062642207797,8.151320207729935,5.3340625182301356
1984,SAFE,13,1.3,0.5,8,0.8,2.4900002479553223,6.625088155807714,5.380088031830053,6.625088155807714,5.380088031830053,6.625088155807714,5.380088031830053,6.49224853515625,7.4879150390625,6.49224853515625,5.247248411178589,134,38,6.49224853515625,7.4879150390625,5.247248411178589,6.62501771334419,8.10442073305934,5.3800175893665285,38,6.49224853515625,7.4879150390625,5.247248411178589,6.62501771334419,8.10442073305934,5.3800175893665285
2039,NEW_OFFROAD,57,5.7,3.0,27,2.7,1.8900001049041748,3.0540375207045165,2.109037468252429,3.0540375207045165,2.109037468252429,3.0540375207045165,2.109037468252429,0.503173828125,3.0494384765625,0.503173828125,-0.4418262243270874,102,21,0.503173828125,3.0494384765625,-0.4418262243270874,1.1543617482165989,1.6651509870643477,0.20936169576451147,33,0.503173828125,3.0494384765625,-0.4418262243270874,1.1543617482165989,0.4266633071382413,-0.5183367453138461
2039,NEW_OFFROAD,57,5.7,2.0,37,3.7,1.8900001049041748,2.8206198259380564,1.875619773485969,2.8206198259380564,1.875619773485969,2.8206198259380564,1.875619773485969,1.505126953125,3.2305908203125,1.505126953125,0.5601269006729126,84,21,1.505126953125,3.2305908203125,0.5601269006729126,0.2209424484238609,2.6504704575982654,-0.7240576040282265,32,1.505126953125,3.2305908203125,0.5601269006729126,0.2209424484238609,0.8626013785125894,-0.7240576040282265
2039,NEW_OFFROAD,57,5.7,1.0,47,4.7,1.8900001049041748,1.5832271812224559,0.6382271287703685,1.5832271812224559,0.6382271287703685,1.5832271812224559,0.6382271287703685,1.0107421875,2.8175048828125,1.0107421875,0.0657421350479126,99,21,1.0107421875,2.8175048828125,0.0657421350479126,0.5751614318151879,4.556201637190919,-0.36983862063689954,30,1.0107421875,2.8175048828125,0.0657421350479126,0.5751614318151879,4.097287452804596,-0.36983862063689954
2039,NEW_OFFROAD,57,5.7,0.5,52,5.2,1.8900001049041748,1.144826922453763,0.19982687000167565,1.144826922453763,0.19982687000167565,1.144826922453763,0.19982687000167565,0.7802734375,3.4072265625,0.7802734375,-0.1647266149520874,104,18,0.7802734375,,-0.1647266149520874,0.6891315695656285,,-0.2558684828864589,24,0.7802734375,3.4072265625,-0.1647266149520874,0.6891315695656285,5.216161655917857,-0.2558684828864589
2067,NEW_OFFROAD,45,4.5,3.0,15,1.5,2.4900002479553223,2.109871672507905,0.8648715485302438,2.109871672507905,0.8648715485302438,2.109871672507905,0.8648715485302438,1.961669921875,2.83740234375,1.961669921875,0.7166697978973389,123,25,1.961669921875,2.83740234375,0.7166697978973389,2.0001471577639336,0.8549384720253144,-0.39006165195234677,25,1.961669921875,2.83740234375,0.7166697978973389,2.0001471577639336,0.8549384720253144,-0.39006165195234677
2067,NEW_OFFROAD,45,4.5,2.0,25,2.5,2.4900002479553223,3.1854355504354834,1.9404354264578223,3.1854355504354834,1.9404354264578223,3.1854355504354834,1.9404354264578223,2.0474853515625,2.72705078125,2.0474853515625,0.8024852275848389,121,22,2.0474853515625,2.72705078125,0.8024852275848389,1.74196309307809,2.073750355794281,0.4969629691004289,26,2.0474853515625,2.72705078125,0.8024852275848389,1.74196309307809,0.14070691387111578,-1.1042932101065452
2067,NEW_OFFROAD,45,4.5,1.0,35,3.5,2.4900002479553223,4.0657869759736975,2.8207868519960364,4.0657869759736975,2.8207868519960364,4.0657869759736975,2.8207868519960364,7.072509765625,2.614501953125,2.614501953125,1.3695018291473389,103,13,7.072509765625,2.614501953125,1.3695018291473389,6.728192748676157,4.058737138290664,2.813737014313003,24,7.072509765625,2.614501953125,1.3695018291473389,6.728192748676157,1.9447209823201665,0.6997208583425054
2067,NEW_OFFROAD,45,4.5,0.5,40,4.0,2.4900002479553223,4.654182943341553,3.409182819363892,4.654182943341553,3.409182819363892,4.654182943341553,3.409182819363892,6.90576171875,3.1605224609375,3.1605224609375,1.9155223369598389,93,11,6.90576171875,3.1605224609375,1.9155223369598389,5.381376017982917,4.637729723751057,3.3927295997733955,22,6.90576171875,3.1605224609375,1.9155223369598389,5.381376017982917,0.8833150517694169,-0.3616850722082442
2092,SAFE,57,5.7,3.0,27,2.7,2.4900002479553223,4.1828069868717614,2.9378068628941003,4.1828069868717614,2.9378068628941003,4.1828069868717614,2.9378068628941003,6.4766845703125,3.50677490234375,3.50677490234375,2.261774778366089,145,30,6.4766845703125,3.50677490234375,2.261774778366089,8.129044126340945,4.0500369848348114,2.8050368608571503,30,6.4766845703125,3.50677490234375,2.261774778366089,8.129044126340945,4.0500369848348114,2.8050368608571503
2092,SAFE,57,5.7,2.0,37,3.7,2.4900002479553223,4.758319979570706,3.5133198555930445,4.758319979570706,3.5133198555930445,4.758319979570706,3.5133198555930445,7.2120361328125,3.9285888671875,3.9285888671875,2.683588743209839,112,26,7.2120361328125,3.9285888671875,2.683588743209839,7.405738838240492,4.753937966418473,3.5089378424408117,26,7.2120361328125,3.9285888671875,2.683588743209839,7.405738838240492,4.753937966418473,3.5089378424408117
2092,SAFE,57,5.7,1.0,47,4.7,2.4900002479553223,4.199672475742954,2.954672351765293,4.199672475742954,2.954672351765293,4.199672475742954,2.954672351765293,7.8240966796875,3.530029296875,3.530029296875,2.285029172897339,116,30,7.8240966796875,3.530029296875,2.285029172897339,7.889041919247162,4.053465088397582,2.8084649644199207,30,7.8240966796875,3.530029296875,2.285029172897339,7.889041919247162,4.053465088397582,2.8084649644199207
2092,SAFE,57,5.7,0.5,52,5.2,2.4900002479553223,3.747037689090829,2.502037565113168,3.747037689090829,2.502037565113168,3.747037689090829,2.502037565113168,8.49078369140625,3.250244140625,3.250244140625,2.005244016647339,116,29,8.49078369140625,3.250244140625,2.005244016647339,8.494212275644886,3.541761927632666,2.296761803655005,29,8.49078369140625,3.250244140625,2.005244016647339,8.494212275644886,3.541761927632666,2.296761803655005
2228,SAFE,45,4.5,3.0,15,1.5,2.4900002479553223,1.4024229664862322,0.15742284250857108,1.4024229664862322,0.15742284250857108,1.4024229664862322,0.15742284250857108,1.5489501953125,1.39459228515625,1.39459228515625,0.14959216117858887,65,40,1.5489501953125,1.39459228515625,0.14959216117858887,1.6060405087914356,1.4023516756117869,0.15735155163412573,41,1.5489501953125,1.39459228515625,0.14959216117858887,1.6060405087914356,1.4023516756117869,0.15735155163412573
2228,SAFE,45,4.5,2.0,25,2.5,2.4900002479553223,1.3790060583335153,0.13400593435585417,1.3790060583335153,0.13400593435585417,1.3790060583335153,0.13400593435585417,1.550994873046875,1.335205078125,1.335205078125,0.09020495414733887,57,32,1.550994873046875,1.335205078125,0.09020495414733887,1.6008192402857087,1.373478090177761,0.12847796620009988,32,1.550994873046875,1.335205078125,0.09020495414733887,1.6008192402857087,1.373478090177761,0.12847796620009988
2228,SAFE,45,4.5,1.0,35,3.5,2.4900002479553223,2.179269164285792,0.9342690403081311,2.179269164285792,0.9342690403081311,2.179269164285792,0.9342690403081311,1.555145263671875,1.322052001953125,1.322052001953125,0.07705187797546387,42,16,1.555145263671875,1.322052001953125,0.07705187797546387,1.6985902698204334,1.2466905676903108,0.001690443712649703,16,1.555145263671875,1.322052001953125,0.07705187797546387,1.6985902698204334,1.2466905676903108,0.001690443712649703
2228,SAFE,45,4.5,0.5,40,4.0,2.4900002479553223,1.7743253176577323,0.5293251936800711,1.7743253176577323,0.5293251936800711,1.7743253176577323,0.5293251936800711,1.684295654296875,1.2691650390625,1.2691650390625,0.024164915084838867,36,10,1.684295654296875,1.2691650390625,0.024164915084838867,1.753687208899793,1.1723210909555923,-0.0726790330220688,10,1.684295654296875,1.2691650390625,0.024164915084838867,1.753687208899793,1.1723210909555923,-0.0726790330220688
2296,NEW_OFFROAD,65,6.5,3.0,35,3.5,1.8900001049041748,7.374739465011128,6.429739412559041,7.374739465011128,6.429739412559041,7.374739465011128,6.429739412559041,,4.01104736328125,4.01104736328125,3.0660473108291626,67,5,,4.01104736328125,3.0660473108291626,,2.464138350473573,1.5191382980214856,16,,4.01104736328125,3.0660473108291626,,2.464138350473573,1.5191382980214856
2296,NEW_OFFROAD,65,6.5,2.0,45,4.5,1.8900001049041748,4.311828326443221,3.3668282739911337,4.311828326443221,3.3668282739911337,4.311828326443221,3.3668282739911337,,4.311767578125,4.311767578125,3.3667675256729126,71,7,,4.311767578125,3.3667675256729126,,4.215237282250062,3.2702372297979743,15,,4.311767578125,3.3667675256729126,,4.215237282250062,3.2702372297979743
2296,NEW_OFFROAD,65,6.5,1.0,55,5.5,1.8900001049041748,4.962986796174269,4.017986743722181,4.962986796174269,4.017986743722181,4.962986796174269,4.017986743722181,6.89208984375,2.466552734375,2.466552734375,1.5215526819229126,68,14,7.7489013671875,3.634033203125,2.6890331506729126,11.304593583060587,4.82505624748728,3.880056195035192,16,6.89208984375,2.466552734375,1.5215526819229126,4.770527761451008,4.82505624748728,3.825527708998921
2296,NEW_OFFROAD,65,6.5,0.5,60,6.0,1.8900001049041748,3.9111625032095674,2.96616245075748,3.9111625032095674,2.96616245075748,3.9111625032095674,2.96616245075748,7.019775390625,2.4884033203125,2.4884033203125,1.5434032678604126,66,11,7.8349609375,3.678466796875,2.7334667444229126,10.40591704815021,4.042679308651317,3.0976792561992292,13,7.019775390625,2.4884033203125,1.5434032678604126,3.129457788098236,3.864455329242355,2.1844577356461485
2307,NEW_OFFROAD,32,3.2,3.0,2,0.2,2.4900002479553223,6.527210042946765,5.282209918969104,6.527210042946765,5.282209918969104,6.527210042946765,5.282209918969104,6.326470375061035,,6.326470375061035,5.081470251083374,16,3,6.326470375061035,,5.081470251083374,6.511045330816453,,5.2660452068387915,3,6.326470375061035,,5.081470251083374,6.511045330816453,,5.2660452068387915
2307,NEW_OFFROAD,32,3.2,2.0,12,1.2000000000000002,2.4900002479553223,5.988239624506461,4.7432395005288,5.988239624506461,4.7432395005288,5.988239624506461,4.7432395005288,5.936065673828125,,5.936065673828125,4.691065549850464,16,3,5.936065673828125,,4.691065549850464,5.628109993622396,,4.383109869644735,3,5.936065673828125,,4.691065549850464,5.628109993622396,,4.383109869644735
2307,NEW_OFFROAD,32,3.2,1.0,22,2.2,2.4900002479553223,11.03768400252831,9.79268387855065,11.03768400252831,9.79268387855065,11.03768400252831,9.79268387855065,,14.870780944824219,14.870780944824219,13.625780820846558,17,5,,14.870780944824219,13.625780820846558,,12.13815957350364,10.893159449525978,5,,14.870780944824219,13.625780820846558,,12.13815957350364,10.893159449525978
2307,NEW_OFFROAD,32,3.2,0.5,27,2.7,2.4900002479553223,8.127558278720874,6.882558154743213,8.127558278720874,6.882558154743213,8.127558278720874,6.882558154743213,,14.249343872070312,14.249343872070312,13.004343748092651,18,6,,14.249343872070312,13.004343748092651,,12.755933983244715,11.510933859267054,6,,14.249343872070312,13.004343748092651,,12.755933983244715,11.510933859267054
2310,FIXED_OFFROAD,33,3.3000000000000003,3.0,3,0.30000000000000004,2.4900002479553223,2.3608903155607415,1.1158901915830803,2.3608903155607415,1.1158901915830803,2.3608903155607415,1.1158901915830803,13.9068603515625,2.1231689453125,2.1231689453125,0.8781688213348389,86,24,13.9068603515625,2.1231689453125,0.8781688213348389,8.737380045855764,0.9839871688090555,-0.2610129551686057,24,13.9068603515625,2.1231689453125,0.8781688213348389,8.737380045855764,0.9839871688090555,-0.2610129551686057
2310,FIXED_OFFROAD,33,3.3000000000000003,2.0,13,1.3,2.4900002479553223,2.5821688784163643,1.3371687544387032,2.5821688784163643,1.3371687544387032,2.5821688784163643,1.3371687544387032,0.6378173828125,2.4383544921875,0.6378173828125,-0.6071827411651611,85,23,0.6378173828125,2.4383544921875,-0.6071827411651611,1.6554347236831286,0.5369824318637358,-0.7080176921139253,25,0.6378173828125,2.4383544921875,-0.6071827411651611,1.6554347236831286,0.5369824318637358,-0.7080176921139253
2310,FIXED_OFFROAD,33,3.3000000000000003,1.0,23,2.3000000000000003,2.4900002479553223,2.3741877352668004,1.1291876112891392,2.3741877352668004,1.1291876112891392,2.3741877352668004,1.1291876112891392,3.218505859375,2.2469482421875,2.2469482421875,1.0019481182098389,75,22,3.3709716796875,2.2469482421875,1.0019481182098389,1.7238529296115712,1.9421427559776896,0.4788528056339101,28,3.218505859375,2.2469482421875,1.0019481182098389,1.7238529296115712,0.21377395238455943,-1.0312261715931017
2310,FIXED_OFFROAD,33,3.3000000000000003,0.5,28,2.8000000000000003,2.4900002479553223,2.1864990430649245,0.9414989190872634,2.1864990430649245,0.9414989190872634,2.1864990430649245,0.9414989190872634,2.5037841796875,2.1822509765625,2.1822509765625,0.9372508525848389,63,19,2.7252197265625,2.1822509765625,0.9372508525848389,2.3273106530408674,0.8928576350068752,-0.3521424889707859,27,2.5037841796875,2.1822509765625,0.9372508525848389,2.3273106530408674,0.8928576350068752,-0.3521424889707859
2346,SAFE,65,6.5,3.0,35,3.5,2.0380001068115234,5.311388742401605,4.292388688995843,5.311388742401605,4.292388688995843,5.311388742401605,4.292388688995843,4.085479736328125,8.379928588867188,4.085479736328125,3.0664796829223633,118,29,4.085479736328125,8.379928588867188,3.0664796829223633,5.252614737508098,8.716233036011623,4.233614684102336,29,4.085479736328125,8.379928588867188,3.0664796829223633,5.252614737508098,8.716233036011623,4.233614684102336
2346,SAFE,65,6.5,2.0,45,4.5,2.0380001068115234,5.541162042495188,4.522161989089426,5.541162042495188,4.522161989089426,5.541162042495188,4.522161989089426,4.731781005859375,6.361663818359375,4.731781005859375,3.7127809524536133,114,30,4.731781005859375,6.361663818359375,3.7127809524536133,5.441222788279325,8.53980410536105,4.422222734873563,30,4.731781005859375,6.361663818359375,3.7127809524536133,5.441222788279325,8.53980410536105,4.422222734873563
2346,SAFE,65,6.5,1.0,55,5.5,2.0380001068115234,6.938777861002873,5.919777807597112,6.938777861002873,5.919777807597112,6.938777861002873,5.919777807597112,6.441650390625,4.898773193359375,4.898773193359375,3.8797731399536133,117,29,6.441650390625,4.898773193359375,3.8797731399536133,7.076819418014875,6.901745490318257,5.882745436912495,29,6.441650390625,4.898773193359375,3.8797731399536133,7.076819418014875,6.901745490318257,5.882745436912495
2346,SAFE,65,6.5,0.5,60,6.0,2.0380001068115234,6.246798427855773,5.227798374450011,6.246798427855773,5.227798374450011,6.246798427855773,5.227798374450011,7.226348876953125,4.73870849609375,4.73870849609375,3.7197084426879883,117,31,7.226348876953125,4.73870849609375,3.7197084426879883,7.736899168780453,6.240423522441043,5.221423469035281,31,7.226348876953125,4.73870849609375,3.7197084426879883,7.736899168780453,6.240423522441043,5.221423469035281
2375,FIXED_OFFROAD,62,6.2,3.0,32,3.2,2.4900002479553223,2.346977825331322,1.1019777013536607,2.346977825331322,1.1019777013536607,2.346977825331322,1.1019777013536607,2.0235595703125,2.3409423828125,2.0235595703125,0.7785594463348389,100,11,2.0235595703125,2.3409423828125,0.7785594463348389,2.8539034548337057,0.8568923471189757,-0.38810777685868547,19,2.0235595703125,2.3409423828125,0.7785594463348389,2.8539034548337057,0.8568923471189757,-0.38810777685868547
2375,FIXED_OFFROAD,62,6.2,2.0,42,4.2,2.4900002479553223,2.2215180357218802,0.9765179117442191,2.2215180357218802,0.9765179117442191,2.2215180357218802,0.9765179117442191,2.5616455078125,2.150146484375,2.150146484375,0.9051463603973389,100,9,2.5616455078125,2.150146484375,0.9051463603973389,2.6382679902786674,0.5125803225439935,-0.7324198014336676,15,2.5616455078125,2.150146484375,0.9051463603973389,2.6382679902786674,0.5125803225439935,-0.7324198014336676
2375,FIXED_OFFROAD,62,6.2,1.0,52,5.2,2.4900002479553223,2.28795303101643,1.042952907038769,2.28795303101643,1.042952907038769,2.28795303101643,1.042952907038769,2.584228515625,2.2288818359375,2.2288818359375,0.9838817119598389,96,8,2.584228515625,2.2288818359375,0.9838817119598389,1.157962797267696,1.627884745671623,-0.08703732670996511,17,2.584228515625,2.2288818359375,0.9838817119598389,1.157962797267696,1.2146262161594137,-0.08703732670996511
2375,FIXED_OFFROAD,62,6.2,0.5,57,5.7,2.4900002479553223,2.226338781915099,0.9813386579374379,2.226338781915099,0.9813386579374379,2.226338781915099,0.9813386579374379,2.3834228515625,2.1920166015625,2.1920166015625,0.9470164775848389,84,7,2.3834228515625,2.1920166015625,0.9470164775848389,0.2092133099087535,2.0895499057044966,-1.0357868140689077,16,2.3834228515625,2.1920166015625,0.9470164775848389,0.2092133099087535,0.0008146152756410014,-1.2441855087020202
2437,NEW_OFFROAD,70,7.0,3.0,40,4.0,1.8900001049041748,3.0785515394077465,2.133551486955659,3.0785515394077465,2.133551486955659,3.0785515394077465,2.133551486955659,,2.66156005859375,2.66156005859375,1.7165600061416626,67,8,,2.66156005859375,1.7165600061416626,,1.5119102188760725,0.5669101664239851,8,,2.66156005859375,1.7165600061416626,,1.5119102188760725,0.5669101664239851
2437,NEW_OFFROAD,70,7.0,2.0,50,5.0,1.8900001049041748,2.3246032276626765,1.379603175210589,2.3246032276626765,1.379603175210589,2.3246032276626765,1.379603175210589,5.45465087890625,1.86981201171875,1.86981201171875,0.9248119592666626,93,17,5.45465087890625,1.86981201171875,0.9248119592666626,2.0046676436816324,1.1849833917916477,0.2399833393395603,17,5.45465087890625,1.86981201171875,0.9248119592666626,2.0046676436816324,1.1849833917916477,0.2399833393395603
2437,NEW_OFFROAD,70,7.0,1.0,60,6.0,1.8900001049041748,4.397064735427022,3.4520646829749344,4.397064735427022,3.4520646829749344,4.397064735427022,3.4520646829749344,3.98455810546875,2.48284912109375,2.48284912109375,1.5378490686416626,79,12,3.98455810546875,2.48284912109375,1.5378490686416626,2.148883782478506,3.984347145703252,1.2038837300264187,16,3.98455810546875,2.48284912109375,1.5378490686416626,2.148883782478506,2.465895511097729,1.2038837300264187
2437,NEW_OFFROAD,70,7.0,0.5,65,6.5,1.8900001049041748,5.329078847631552,4.384078795179464,5.329078847631552,4.384078795179464,5.329078847631552,4.384078795179464,4.716796875,4.71954345703125,4.716796875,3.7717968225479126,75,15,4.716796875,4.71954345703125,3.7717968225479126,3.6895913654211507,5.890598114698585,2.7445913129690633,19,4.716796875,4.71954345703125,3.7717968225479126,3.6895913654211507,5.890598114698585,2.7445913129690633
2440,SAFE,32,3.2,3.0,2,0.2,2.4900002479553223,2.0962807818218754,0.8512806578442143,2.0962807818218754,0.8512806578442143,2.0962807818218754,0.8512806578442143,2.067138671875,6.317138671875,2.067138671875,0.8221385478973389,160,47,2.067138671875,6.317138671875,0.8221385478973389,2.0791780346960875,6.347154958259605,0.8341779107184264,47,2.067138671875,6.317138671875,0.8221385478973389,2.0791780346960875,6.347154958259605,0.8341779107184264
2440,SAFE,32,3.2,2.0,12,1.2000000000000002,2.4900002479553223,2.807243907204797,1.562243783227136,2.807243907204797,1.562243783227136,2.807243907204797,1.562243783227136,2.2318115234375,6.024169921875,2.2318115234375,0.9868113994598389,160,43,2.2318115234375,6.024169921875,0.9868113994598389,2.278840168138009,6.207768210485336,1.033840044160348,43,2.2318115234375,6.024169921875,0.9868113994598389,2.278840168138009,6.207768210485336,1.033840044160348
2440,SAFE,32,3.2,1.0,22,2.2,2.4900002479553223,3.0088032764234027,1.7638031524457416,3.0088032764234027,1.7638031524457416,3.0088032764234027,1.7638031524457416,2.7955322265625,4.551513671875,2.7955322265625,1.5505321025848389,163,44,2.7955322265625,4.551513671875,1.5505321025848389,2.814924795174113,5.55963334756898,1.569924671196452,44,2.7955322265625,4.551513671875,1.5505321025848389,2.814924795174113,5.55963334756898,1.569924671196452
2440,SAFE,32,3.2,0.5,27,2.7,2.4900002479553223,3.477562280549011,2.23256215657135,3.477562280549011,2.23256215657135,3.477562280549011,2.23256215657135,3.1309814453125,3.8587646484375,3.1309814453125,1.8859813213348389,160,43,3.1309814453125,3.8587646484375,1.8859813213348389,3.4770771468990307,4.925936642203714,2.2320770229213696,43,3.1309814453125,3.8587646484375,1.8859813213348389,3.4770771468990307,4.925936642203714,2.2320770229213696
2468,FIXED_OFFROAD,23,2.3000000000000003,2.0,3,0.30000000000000004,2.0380001068115234,8.847860405477178,7.828860352071416,8.847860405477178,7.828860352071416,8.847860405477178,7.828860352071416,10.314067840576172,2.7068634033203125,2.7068634033203125,1.6878633499145508,58,15,10.314067840576172,2.7068634033203125,1.6878633499145508,9.67154229324665,6.7509057257599725,5.731905672354211,15,10.314067840576172,2.7068634033203125,1.6878633499145508,9.67154229324665,6.7509057257599725,5.731905672354211
2468,FIXED_OFFROAD,23,2.3000000000000003,1.0,13,1.3,2.0380001068115234,5.206473599772877,4.187473546367115,5.206473599772877,4.187473546367115,5.206473599772877,4.187473546367115,10.504241943359375,2.296112060546875,2.296112060546875,1.2771120071411133,57,17,10.504241943359375,,9.485241889953613,10.064785385729223,,9.045785332323462,19,10.504241943359375,2.296112060546875,1.2771120071411133,10.064785385729223,4.685827348895854,3.6668272954900925
2468,FIXED_OFFROAD,23,2.3000000000000003,0.5,18,1.8,2.0380001068115234,3.6539518734016876,2.634951819995926,3.6539518734016876,2.634951819995926,3.6539518734016876,2.634951819995926,10.648788452148438,2.3548126220703125,2.3548126220703125,1.3358125686645508,56,17,10.648788452148438,,9.629788398742676,10.270118897511548,,9.251118844105786,19,10.648788452148438,2.3548126220703125,1.3358125686645508,10.270118897511548,3.620234921170138,2.601234867764376
2563,SAFE,70,7.0,3.0,40,4.0,2.0380001068115234,5.873846154476366,4.8548461010706045,5.873846154476366,4.8548461010706045,5.873846154476366,4.8548461010706045,5.843033790588379,,5.843033790588379,4.824033737182617,19,9,5.843033790588379,,4.824033737182617,5.86839882123706,,4.849398767831298,9,5.843033790588379,,4.824033737182617,5.86839882123706,,4.849398767831298
2563,SAFE,70,7.0,2.0,50,5.0,2.0380001068115234,6.245381576680778,5.226381523275016,6.245381576680778,5.226381523275016,6.245381576680778,5.226381523275016,5.7930145263671875,,5.7930145263671875,4.774014472961426,27,6,5.7930145263671875,,4.774014472961426,5.690969977350253,,4.671969923944491,6,5.7930145263671875,,4.774014472961426,5.690969977350253,,4.671969923944491
2563,SAFE,70,7.0,1.0,60,6.0,2.0380001068115234,19.812994025061716,18.793993971655954,19.812994025061716,18.793993971655954,19.812994025061716,18.793993971655954,17.815166473388672,,17.815166473388672,16.79616641998291,22,6,17.815166473388672,,16.79616641998291,10.401779015300487,,9.382778961894726,6,17.815166473388672,,16.79616641998291,10.401779015300487,,9.382778961894726
2563,SAFE,70,7.0,0.5,65,6.5,2.0380001068115234,19.09894226257136,18.079942209165598,19.09894226257136,18.079942209165598,19.09894226257136,18.079942209165598,17.54334259033203,,17.54334259033203,16.52434253692627,18,6,17.54334259033203,,16.52434253692627,18.771065349886257,,17.752065296480495,6,17.54334259033203,,16.52434253692627,18.771065349886257,,17.752065296480495
2609,FIXED_OFFROAD,61,6.1000000000000005,3.0,31,3.1,2.4900002479553223,2.5828871766001043,1.3378870526224431,2.5828871766001043,1.3378870526224431,2.5828871766001043,1.3378870526224431,2.432861328125,2.2545166015625,2.2545166015625,1.0095164775848389,100,13,2.432861328125,2.2545166015625,1.0095164775848389,2.5434552477725667,0.5356986982823629,-0.7093014256952982,17,2.432861328125,2.2545166015625,1.0095164775848389,2.5434552477725667,0.5356986982823629,-0.7093014256952982
2609,FIXED_OFFROAD,61,6.1000000000000005,2.0,41,4.1000000000000005,2.4900002479553223,2.4067450932718866,1.1617449692942254,2.4067450932718866,1.1617449692942254,2.4067450932718866,1.1617449692942254,2.503173828125,2.297607421875,2.297607421875,1.0526072978973389,96,11,2.503173828125,2.297607421875,1.0526072978973389,2.6314743164424277,1.9393974982824103,0.6943973743047491,17,2.503173828125,2.297607421875,1.0526072978973389,2.6314743164424277,0.6946536549096887,-0.5503464690679725
2609,FIXED_OFFROAD,61,6.1000000000000005,1.0,51,5.1000000000000005,2.4900002479553223,3.2209295411075116,1.9759294171298505,3.2209295411075116,1.9759294171298505,3.2209295411075116,1.9759294171298505,4.38525390625,2.5037841796875,2.5037841796875,1.2587840557098389,86,7,4.38525390625,2.5037841796875,1.2587840557098389,5.684940345788979,2.3617438522977405,1.1167437283200794,13,4.38525390625,2.5037841796875,1.2587840557098389,5.684940345788979,2.3617438522977405,1.1167437283200794
2609,FIXED_OFFROAD,61,6.1000000000000005,0.5,56,5.6000000000000005,2.4900002479553223,3.886794510778716,2.6417943868010547,3.886794510778716,2.6417943868010547,3.886794510778716,2.6417943868010547,5.675537109375,3.253662109375,3.253662109375,2.008661985397339,83,14,5.675537109375,3.253662109375,2.008661985397339,5.565695778600253,3.5602508772758443,2.315250753298183,14,5.675537109375,3.253662109375,2.008661985397339,5.565695778600253,3.5602508772758443,2.315250753298183
2666,SAFE,75,7.5,3.0,45,4.5,1.8900001049041748,1.9343618807234393,0.9893618282713519,1.9343618807234393,0.9893618282713519,1.9343618807234393,0.9893618282713519,7.60504150390625,1.880279541015625,1.880279541015625,0.9352794885635376,83,28,7.60504150390625,1.880279541015625,0.9352794885635376,7.623779082771411,0.5968859825324199,-0.34811406991966753,28,7.60504150390625,1.880279541015625,0.9352794885635376,7.623779082771411,0.5968859825324199,-0.34811406991966753
2666,SAFE,75,7.5,2.0,55,5.5,1.8900001049041748,1.934033747559458,0.9890336951073706,1.934033747559458,0.9890336951073706,1.934033747559458,0.9890336951073706,7.605072021484375,1.8802490234375,1.8802490234375,0.9352489709854126,83,28,7.605072021484375,1.8802490234375,0.9352489709854126,7.623803561664452,0.5966315450918773,-0.3483685073602101,28,7.605072021484375,1.8802490234375,0.9352489709854126,7.623803561664452,0.5966315450918773,-0.3483685073602101
2666,SAFE,75,7.5,1.0,65,6.5,1.8900001049041748,1.933756133928924,0.9887560814768366,1.933756133928924,0.9887560814768366,1.933756133928924,0.9887560814768366,7.605072021484375,1.8802490234375,1.8802490234375,0.9352489709854126,83,28,7.605072021484375,1.8802490234375,0.9352489709854126,7.623798044443231,0.5964219473032016,-0.34857810514888576,28,7.605072021484375,1.8802490234375,0.9352489709854126,7.623798044443231,0.5964219473032016,-0.34857810514888576
2666,SAFE,75,7.5,0.5,70,7.0,1.8900001049041748,1.9335765589807192,0.9885765065286318,1.9335765589807192,0.9885765065286318,1.9335765589807192,0.9885765065286318,7.6051025390625,1.880218505859375,1.880218505859375,0.9352184534072876,83,28,7.6051025390625,1.880218505859375,0.9352184534072876,7.623819400935528,0.5962858602073243,-0.3487141922447631,28,7.6051025390625,1.880218505859375,0.9352184534072876,7.623819400935528,0.5962858602073243,-0.3487141922447631
2667,NEW_OFFROAD,75,7.5,3.0,45,4.5,2.0380001068115234,1.3300700800116037,0.31107002660584193,1.3300700800116037,0.31107002660584193,1.3300700800116037,0.31107002660584193,1.160308837890625,3.528656005859375,1.160308837890625,0.14130878448486328,83,25,1.213531494140625,3.528656005859375,0.19453144073486328,0.7354601272627159,4.386089789007148,-0.2835399261430458,27,1.160308837890625,3.528656005859375,0.14130878448486328,0.370530836518121,4.386089789007148,-0.6484692168876407
2667,NEW_OFFROAD,75,7.5,2.0,55,5.5,2.0380001068115234,1.2228027799052077,0.20380272649944597,1.2228027799052077,0.20380272649944597,1.2228027799052077,0.20380272649944597,0.94183349609375,4.2593994140625,0.94183349609375,-0.07716655731201172,80,26,0.94183349609375,4.2593994140625,-0.07716655731201172,0.8603981877743161,4.299449689558283,-0.15860186563144563,26,0.94183349609375,4.2593994140625,-0.07716655731201172,0.8603981877743161,4.299449689558283,-0.15860186563144563
2667,NEW_OFFROAD,75,7.5,1.0,65,6.5,2.0380001068115234,1.1410072548365657,0.12200720143080401,1.1410072548365657,0.12200720143080401,1.1410072548365657,0.12200720143080401,0.793182373046875,4.22991943359375,0.793182373046875,-0.22581768035888672,85,24,0.793182373046875,4.22991943359375,-0.22581768035888672,0.8618123306220509,4.335917041398737,-0.15718772278371085,24,0.793182373046875,4.22991943359375,-0.22581768035888672,0.8618123306220509,4.335917041398737,-0.15718772278371085
2667,NEW_OFFROAD,75,7.5,0.5,70,7.0,2.0380001068115234,1.0552847839923134,0.03628473058655168,1.0552847839923134,0.03628473058655168,1.0552847839923134,0.03628473058655168,0.722503662109375,4.17022705078125,0.722503662109375,-0.2964963912963867,97,25,0.722503662109375,4.17022705078125,-0.2964963912963867,0.8437069197125537,4.372393726399919,-0.17529313369320798,25,0.722503662109375,4.17022705078125,-0.2964963912963867,0.8437069197125537,4.372393726399919,-0.17529313369320798
2720,NEW_OFFROAD,70,7.0,3.0,40,4.0,2.4900002479553223,5.3015091690722445,4.056509045094583,5.3015091690722445,4.056509045094583,5.3015091690722445,4.056509045094583,19.8289794921875,5.167236328125,5.167236328125,3.922236204147339,72,12,19.8289794921875,5.167236328125,3.922236204147339,20.126920758106913,5.224730101142011,3.97972997716435,12,19.8289794921875,5.167236328125,3.922236204147339,20.126920758106913,5.224730101142011,3.97972997716435
2720,NEW_OFFROAD,70,7.0,2.0,50,5.0,2.4900002479553223,4.194159594526948,2.9491594705492865,4.194159594526948,2.9491594705492865,4.194159594526948,2.9491594705492865,,2.4273681640625,2.4273681640625,1.1823680400848389,66,6,,2.4273681640625,1.1823680400848389,,4.1915279818946205,2.9465278579169594,6,,2.4273681640625,1.1823680400848389,,4.1915279818946205,2.9465278579169594
2720,NEW_OFFROAD,70,7.0,1.0,60,6.0,2.4900002479553223,3.1367388661690843,1.8917387421914231,3.1367388661690843,1.8917387421914231,3.1367388661690843,1.8917387421914231,2.9681396484375,2.919921875,2.919921875,1.6749217510223389,69,13,2.9681396484375,2.919921875,1.6749217510223389,4.207119942315641,0.9101932609720284,-0.3348068630056328,14,2.9681396484375,2.919921875,1.6749217510223389,4.207119942315641,0.9101932609720284,-0.3348068630056328
2720,NEW_OFFROAD,70,7.0,0.5,65,6.5,2.4900002479553223,3.102648705942632,1.857648581964971,3.102648705942632,1.857648581964971,3.102648705942632,1.857648581964971,0.586181640625,1.0806884765625,0.586181640625,-0.6588184833526611,75,19,2.4998779296875,1.0806884765625,-0.16431164741516113,4.926556671323132,1.5796314470562174,0.33463132307855625,22,0.586181640625,1.0806884765625,-0.6588184833526611,4.926556671323132,0.7857272805234076,-0.45927284345425357
2770,SAFE,70,7.0,3.0,40,4.0,1.8900001049041748,4.822690368354301,3.877690315902214,4.822690368354301,3.877690315902214,4.822690368354301,3.877690315902214,4.4964599609375,9.2911376953125,4.4964599609375,3.5514599084854126,81,26,4.4964599609375,9.2911376953125,3.5514599084854126,4.8147280922237,9.591584671790756,3.869728039771613,28,4.4964599609375,9.2911376953125,3.5514599084854126,3.7855102626406554,9.591584671790756,2.840510210188568
2770,SAFE,70,7.0,2.0,50,5.0,1.8900001049041748,4.9082183446773415,3.963218292225254,4.9082183446773415,3.963218292225254,4.9082183446773415,3.963218292225254,4.37933349609375,9.31390380859375,4.37933349609375,3.4343334436416626,88,26,4.37933349609375,9.31390380859375,3.4343334436416626,4.715032101565495,9.601913219591182,3.770032049113407,27,4.37933349609375,9.31390380859375,3.4343334436416626,4.5046291415789,9.601913219591182,3.5596290891268128
2770,SAFE,70,7.0,1.0,60,6.0,1.8900001049041748,4.794384033509522,3.849383981057435,4.794384033509522,3.849383981057435,4.794384033509522,3.849383981057435,4.303955078125,9.30010986328125,4.303955078125,3.3589550256729126,90,32,4.303955078125,9.30010986328125,3.3589550256729126,4.551604325036093,9.775638580176958,3.606604272584006,36,4.303955078125,9.30010986328125,3.3589550256729126,3.930705471070982,9.775638580176958,2.9857054186188945
2770,SAFE,70,7.0,0.5,65,6.5,1.8900001049041748,4.520001989872276,3.575001937420189,4.520001989872276,3.575001937420189,4.520001989872276,3.575001937420189,4.28253173828125,9.64813232421875,4.28253173828125,3.3375316858291626,110,25,4.28253173828125,9.64813232421875,3.3375316858291626,4.449866393948205,9.882912987488188,3.5048663414961174,27,4.28253173828125,9.64813232421875,3.3375316858291626,4.434502360733658,9.882912987488188,3.489502308281571
2871,SAFE,41,4.1000000000000005,3.0,11,1.1,2.4900002479553223,5.515906010674504,4.270905886696843,5.515906010674504,4.270905886696843,5.515906010674504,4.270905886696843,6.5416259765625,5.4468994140625,5.4468994140625,4.201899290084839,147,37,6.5416259765625,5.4468994140625,4.201899290084839,6.567589560112141,5.504623165238717,4.259623041261056,37,6.5416259765625,5.4468994140625,4.201899290084839,6.567589560112141,5.504623165238717,4.259623041261056
2871,SAFE,41,4.1000000000000005,2.0,21,2.1,2.4900002479553223,5.584122396553282,4.33912227257562,5.584122396553282,4.33912227257562,5.584122396553282,4.33912227257562,6.5655517578125,5.50439453125,5.50439453125,4.259394407272339,156,44,6.5655517578125,5.50439453125,4.259394407272339,6.572241081417287,5.523596584380992,4.278596460403331,44,6.5655517578125,5.50439453125,4.259394407272339,6.572241081417287,5.523596584380992,4.278596460403331
2871,SAFE,41,4.1000000000000005,1.0,31,3.1,2.4900002479553223,5.611056700003076,4.366056576025415,5.611056700003076,4.366056576025415,5.611056700003076,4.366056576025415,6.5703125,5.489501953125,5.489501953125,4.244501829147339,156,43,6.5703125,5.489501953125,4.244501829147339,6.580441591773187,5.520575945114779,4.275575821137118,43,6.5703125,5.489501953125,4.244501829147339,6.580441591773187,5.520575945114779,4.275575821137118
2871,SAFE,41,4.1000000000000005,0.5,36,3.6,2.4900002479553223,5.588025508787342,4.343025384809681,5.588025508787342,4.343025384809681,5.588025508787342,4.343025384809681,6.5906982421875,5.3707275390625,5.3707275390625,4.125727415084839,157,43,6.5906982421875,5.3707275390625,4.125727415084839,6.620520346007654,5.478814964513339,4.233814840535678,43,6.5906982421875,5.3707275390625,4.125727415084839,6.620520346007654,5.478814964513339,4.233814840535678
2876,NEW_OFFROAD,41,4.1000000000000005,3.0,11,1.1,2.4900002479553223,1.8150634057118316,0.5700632817341704,1.8150634057118316,0.5700632817341704,1.8150634057118316,0.5700632817341704,1.163055419921875,8.242767333984375,1.163055419921875,-0.08194470405578613,113,28,1.163055419921875,8.242767333984375,-0.08194470405578613,1.4888102111256982,8.262494551302932,0.2438100871480371,28,1.163055419921875,8.242767333984375,-0.08194470405578613,1.4888102111256982,8.262494551302932,0.2438100871480371
2876,NEW_OFFROAD,41,4.1000000000000005,2.0,21,2.1,2.4900002479553223,2.4698390306825324,1.2248389067048713,2.4698390306825324,1.2248389067048713,2.4698390306825324,1.2248389067048713,1.4954833984375,8.30352783203125,1.4954833984375,0.25048327445983887,109,25,1.4954833984375,8.30352783203125,0.25048327445983887,1.5161271658794744,8.324866757138318,0.27112704190181325,25,1.4954833984375,8.30352783203125,0.25048327445983887,1.5161271658794744,8.324866757138318,0.27112704190181325
2876,NEW_OFFROAD,41,4.1000000000000005,1.0,31,3.1,2.4900002479553223,1.7041912613768686,0.45919113739920747,1.7041912613768686,0.45919113739920747,1.7041912613768686,0.45919113739920747,1.484466552734375,8.311920166015625,1.484466552734375,0.23946642875671387,114,21,1.484466552734375,8.311920166015625,0.23946642875671387,1.5126321544662809,8.426139004192414,0.2676320304886197,21,1.484466552734375,8.311920166015625,0.23946642875671387,1.5126321544662809,8.426139004192414,0.2676320304886197
2876,NEW_OFFROAD,41,4.1000000000000005,0.5,36,3.6,2.4900002479553223,3.5774032022806637,2.3324030783030025,3.5774032022806637,2.3324030783030025,3.5774032022806637,2.3324030783030025,1.54168701171875,8.427276611328125,1.54168701171875,0.29668688774108887,136,21,1.54168701171875,8.427276611328125,0.29668688774108887,1.3358745783534982,8.546337940221159,0.09087445437583708,21,1.54168701171875,8.427276611328125,0.29668688774108887,1.3358745783534982,8.546337940221159,0.09087445437583708
2966,SAFE,34,3.4000000000000004,3.0,4,0.4,2.4900002479553223,11.885376220179687,10.640376096202026,11.885376220179687,10.640376096202026,11.885376220179687,10.640376096202026,,11.7470703125,11.7470703125,10.502070188522339,13,6,,11.7470703125,10.502070188522339,,11.768818633194174,10.523818509216513,6,,11.7470703125,10.502070188522339,,11.768818633194174,10.523818509216513
2966,SAFE,34,3.4000000000000004,2.0,14,1.4000000000000001,2.4900002479553223,11.88953649217516,10.6445363681975,11.88953649217516,10.6445363681975,11.88953649217516,10.6445363681975,,11.746917724609375,11.746917724609375,10.501917600631714,13,6,,11.746917724609375,10.501917600631714,,11.768531090574852,10.52353096659719,6,,11.746917724609375,10.501917600631714,,11.768531090574852,10.52353096659719
2966,SAFE,34,3.4000000000000004,1.0,24,2.4000000000000004,2.4900002479553223,11.893500750405916,10.648500626428255,11.893500750405916,10.648500626428255,11.893500750405916,10.648500626428255,,11.7469482421875,11.7469482421875,10.501948118209839,13,6,,11.7469482421875,10.501948118209839,,11.768426217947512,10.523426093969851,6,,11.7469482421875,10.501948118209839,,11.768426217947512,10.523426093969851
2966,SAFE,34,3.4000000000000004,0.5,29,2.9000000000000004,2.4900002479553223,11.895192702932956,10.650192578955295,11.895192702932956,10.650192578955295,11.895192702932956,10.650192578955295,,11.74700927734375,11.74700927734375,10.502009153366089,13,6,,11.74700927734375,10.502009153366089,,11.768334430476989,10.523334306499327,6,,11.74700927734375,10.502009153366089,,11.768334430476989,10.523334306499327
3001,NEW_OFFROAD,34,3.4000000000000004,3.0,4,0.4,1.8900001049041748,8.628604126871878,7.68360407441979,8.628604126871878,7.68360407441979,8.628604126871878,7.68360407441979,,8.441375732421875,8.441375732421875,7.496375679969788,99,5,,8.441375732421875,7.496375679969788,,7.934607476917745,6.989607424465658,8,,8.441375732421875,7.496375679969788,,6.167598337826467,5.22259828537438
3001,NEW_OFFROAD,34,3.4000000000000004,2.0,14,1.4000000000000001,1.8900001049041748,12.211392174994879,11.266392122542792,12.211392174994879,11.266392122542792,12.211392174994879,11.266392122542792,,11.16790771484375,11.16790771484375,10.222907662391663,103,0,,,,,,,4,,11.16790771484375,10.222907662391663,,11.233901863549782,10.288901811097695
3001,NEW_OFFROAD,34,3.4000000000000004,1.0,24,2.4000000000000004,1.8900001049041748,12.50916218074581,11.564162128293722,12.50916218074581,11.564162128293722,12.50916218074581,11.564162128293722,18.733474731445312,,18.733474731445312,17.788474678993225,96,1,19.806396484375,,18.861396431922913,14.67218145856918,,13.727181406117092,2,18.733474731445312,,17.788474678993225,14.67218145856918,,13.727181406117092
3001,NEW_OFFROAD,34,3.4000000000000004,0.5,29,2.9000000000000004,1.8900001049041748,7.278730084633105,6.333730032181018,7.278730084633105,6.333730032181018,7.278730084633105,6.333730032181018,2.707366943359375,,2.707366943359375,1.7623668909072876,103,4,2.707366943359375,,1.7623668909072876,1.4622600720251513,,0.5172600195730639,5,2.707366943359375,,1.7623668909072876,1.4622600720251513,,0.5172600195730639
3026,NEW_OFFROAD,56,5.6000000000000005,3.0,26,2.6,1.8900001049041748,9.426548047657716,8.481547995205629,9.426548047657716,8.481547995205629,9.426548047657716,8.481547995205629,11.8624267578125,6.61669921875,6.61669921875,5.671699166297913,153,22,11.8624267578125,6.61669921875,5.671699166297913,12.40753401049792,9.426066757887867,8.48106670543578,22,11.8624267578125,6.61669921875,5.671699166297913,12.40753401049792,9.426066757887867,8.48106670543578
3026,NEW_OFFROAD,56,5.6000000000000005,2.0,36,3.6,1.8900001049041748,6.547843720959798,5.6028436685077105,6.547843720959798,5.6028436685077105,6.547843720959798,5.6028436685077105,14.986328125,3.4698486328125,3.4698486328125,2.5248485803604126,163,19,14.986328125,3.4698486328125,2.5248485803604126,15.175564274476729,4.133019710448706,3.1880196579966187,19,14.986328125,3.4698486328125,2.5248485803604126,15.175564274476729,4.133019710448706,3.1880196579966187
3026,NEW_OFFROAD,56,5.6000000000000005,1.0,46,4.6000000000000005,1.8900001049041748,5.674399128672107,4.7293990762200195,5.674399128672107,4.7293990762200195,5.674399128672107,4.7293990762200195,14.118896484375,4.10211181640625,4.10211181640625,3.1571117639541626,165,23,14.118896484375,4.10211181640625,3.1571117639541626,15.312182497496686,2.7366239688143716,1.7916239163622842,23,14.118896484375,4.10211181640625,3.1571117639541626,15.312182497496686,2.7366239688143716,1.7916239163622842
3026,NEW_OFFROAD,56,5.6000000000000005,0.5,51,5.1000000000000005,1.8900001049041748,4.075252553582144,3.130252501130057,4.075252553582144,3.130252501130057,4.075252553582144,3.130252501130057,14.80108642578125,3.0106201171875,3.0106201171875,2.0656200647354126,169,24,14.80108642578125,3.0106201171875,2.0656200647354126,14.841434064981371,3.7952903491739107,2.8502902967218233,24,14.80108642578125,3.0106201171875,2.0656200647354126,14.841434064981371,3.7952903491739107,2.8502902967218233
3070,SAFE,56,5.6000000000000005,3.0,26,2.6,2.0380001068115234,5.967538512273174,4.948538458867413,5.967538512273174,4.948538458867413,5.967538512273174,4.948538458867413,8.245071411132812,5.314239501953125,5.314239501953125,4.295239448547363,111,16,8.245071411132812,5.314239501953125,4.295239448547363,8.011206686614353,5.906090484033459,4.887090430627698,16,8.245071411132812,5.314239501953125,4.295239448547363,8.011206686614353,5.906090484033459,4.887090430627698
3070,SAFE,56,5.6000000000000005,2.0,36,3.6,2.0380001068115234,6.007318931021631,4.988318877615869,6.007318931021631,4.988318877615869,6.007318931021631,4.988318877615869,8.10906982421875,5.217430114746094,5.217430114746094,4.198430061340332,116,13,8.10906982421875,5.217430114746094,4.198430061340332,7.941920628096642,5.991421086109422,4.97242103270366,13,8.10906982421875,5.217430114746094,4.198430061340332,7.941920628096642,5.991421086109422,4.97242103270366
3070,SAFE,56,5.6000000000000005,1.0,46,4.6000000000000005,2.0380001068115234,6.048447609647793,5.029447556242031,6.048447609647793,5.029447556242031,6.048447609647793,5.029447556242031,8.10968017578125,5.3964385986328125,5.3964385986328125,4.377438545227051,118,15,8.10968017578125,5.3964385986328125,4.377438545227051,7.937206338446353,5.997144123675012,4.97814407026925,15,8.10968017578125,5.3964385986328125,4.377438545227051,7.937206338446353,5.997144123675012,4.97814407026925
3070,SAFE,56,5.6000000000000005,0.5,51,5.1000000000000005,2.0380001068115234,6.010862802926869,4.991862749521108,6.010862802926869,4.991862749521108,6.010862802926869,4.991862749521108,8.109703063964844,5.21099853515625,5.21099853515625,4.191998481750488,116,14,8.109703063964844,5.21099853515625,4.191998481750488,7.937883404424256,5.996340404813252,4.9773403514074905,14,8.109703063964844,5.21099853515625,4.191998481750488,7.937883404424256,5.996340404813252,4.9773403514074905
