scenario_index,group,reference_step,reference_seconds_v27,lead_s,frame,time_from_start_s_v27,expected_episode_length_v27,actual_episode_length_v27,action_accel_v27,action_steer_v27,abs_steer_v27,brake_strength_v27,throttle_strength_v27,delta_accel_v27,delta_steer_v27,abs_delta_accel_v27,abs_delta_steer_v27,risk_object_index_v27,risk_distance_v27,risk_static_clearance_v27,risk_predicted_clearance_v27,risk_dcpa_v27,risk_tcpa_raw_v27,risk_tcpa_clipped_v27,risk_future_tcpa_v27,risk_approaching_v27,risk_closing_speed_v27,second_object_index_v27,second_distance_v27,second_static_clearance_v27,second_predicted_clearance_v27,second_dcpa_v27,second_future_tcpa_v27,second_approaching_v27,top2_mean_predicted_clearance_v27,second_minus_first_pred_gap_v27,num_pred_conflict_0_v27,num_pred_conflict_1_v27,num_pred_conflict_2_v27,min_future_tcpa_conflict_0_v27,min_future_tcpa_conflict_1_v27,min_future_tcpa_conflict_2_v27,reference_seconds_v28,time_from_start_s_v28,expected_episode_length_v28,actual_episode_length_v28,action_accel_v28,action_steer_v28,abs_steer_v28,brake_strength_v28,throttle_strength_v28,delta_accel_v28,delta_steer_v28,abs_delta_accel_v28,abs_delta_steer_v28,risk_object_index_v28,risk_distance_v28,risk_static_clearance_v28,risk_predicted_clearance_v28,risk_dcpa_v28,risk_tcpa_raw_v28,risk_tcpa_clipped_v28,risk_future_tcpa_v28,risk_approaching_v28,risk_closing_speed_v28,second_object_index_v28,second_distance_v28,second_static_clearance_v28,second_predicted_clearance_v28,second_dcpa_v28,second_future_tcpa_v28,second_approaching_v28,top2_mean_predicted_clearance_v28,second_minus_first_pred_gap_v28,num_pred_conflict_0_v28,num_pred_conflict_1_v28,num_pred_conflict_2_v28,min_future_tcpa_conflict_0_v28,min_future_tcpa_conflict_1_v28,min_future_tcpa_conflict_2_v28,delta_action_accel,delta_action_steer,delta_abs_steer,delta_delta_accel,delta_delta_steer,delta_abs_delta_accel,delta_abs_delta_steer,delta_brake_strength,delta_throttle_strength,delta_risk_static_clearance,delta_risk_predicted_clearance,delta_risk_future_tcpa,delta_risk_tcpa_clipped,delta_risk_closing_speed,delta_risk_approaching,delta_second_predicted_clearance,delta_top2_mean_predicted_clearance
24,EARLY_COLLISION,24,2.4000000000000004,2.0,4,0.4,80,80,-0.0186847224831581,-0.1461865603923797,0.1461865603923797,0.0186847224831581,0.0,-0.0051106959581375,-0.031672865152359,0.0051106959581375,0.031672865152359,15,52.21015453525705,39.85065005920056,-7.271975243620115,5.087529232436379,2.6784663947995537,2.6784663947995537,2.6784663947995537,1,19.30746977038108,4,4.497818102052251,-5.49800832610942,-5.49800832610942,4.497818102052251,5.0,0,-6.384991784864767,1.773966917510695,3,4,4,1.7366910732004075,1.7366910732004075,1.7366910732004075,2.4000000000000004,0.4,24,24,-0.0899436026811599,-0.0423720590770244,0.0423720590770244,0.0899436026811599,0.0,-0.0027378275990486,0.0405683852732181,0.0027378275990486,0.0405683852732181,15,52.19864728281942,39.83914280676293,-8.239457330510891,4.120047145545601,2.698282040881507,2.698282040881507,2.698282040881507,1,19.22462164848499,4,4.285346804148897,-5.710479624012773,-5.710479624012773,4.285346804148897,5.0,0,-6.974968477261832,2.528977706498118,4,4,4,1.7401454839475212,1.7401454839475212,1.7401454839475212,-0.0712588801980018,0.1038145013153553,-0.1038145013153553,0.0023728683590889,0.07224125042557711,-0.0023728683590889,0.008895520120859098,0.0712588801980018,0.0,-0.011507252437631621,-0.9674820868907767,0.019815646081953187,0.019815646081953187,-0.08284812189608814,0,-0.2124712979033534,-0.5899766923970651
24,EARLY_COLLISION,24,2.4000000000000004,1.0,14,1.4,80,80,-0.0523825921118259,0.1198943182826042,0.1198943182826042,0.0523825921118259,0.0,-0.0161586068570613,-0.0011628717184066,0.0161586068570613,0.0011628717184066,15,32.6635914360062,20.304086959949707,-6.2879308267124445,6.071573649344049,1.6569239372816351,1.6569239372816351,1.6569239372816351,1,19.03225276875794,14,32.062552403535925,18.803738594934813,4.01263420401987,17.27144801262098,0.6909855731479082,1,-1.1376483113462874,10.300565030732317,1,1,1,1.6569239372816351,1.6569239372816351,1.6569239372816351,2.4000000000000004,1.4,24,24,-0.0862706154584884,0.0409034714102745,0.0409034714102745,0.0862706154584884,0.0,-0.0031838566064834,0.0238487143069505,0.0031838566064834,0.0238487143069505,15,32.59237447298728,20.232869996930788,-10.076088245157534,2.2834162308989594,1.7083616531529666,1.7083616531529666,1.7083616531529666,1,18.98450404751888,14,31.243150847402426,17.984337038801314,1.433532892864534,14.692346701465643,0.7100180936187803,1,-4.3212776761465,11.509621138022068,1,1,2,1.7083616531529666,1.7083616531529666,0.7100180936187803,-0.033888023346662494,-0.07899084687232971,-0.07899084687232971,0.012974750250577899,0.0250115860253571,-0.012974750250577899,0.0226858425885439,0.033888023346662494,0.0,-0.07121696301891944,-3.7881574184450892,0.0514377158713315,0.0514377158713315,-0.04774872123905993,0,-2.579101311155336,-3.1836293648002125
24,EARLY_COLLISION,24,2.4000000000000004,0.5,19,1.9,80,80,0.0416436903178691,0.1836327314376831,0.1836327314376831,0.0,0.0416436903178691,0.0227286256849765,0.03119358420372,0.0227286256849765,0.03119358420372,15,22.576685030682768,10.217180554626276,-10.242109137927104,2.117395338129389,1.1477654324328854,1.1477654324328854,1.1477654324328854,1,19.497103360684807,5,38.61891122901405,25.829734302736615,-8.491010616940502,4.298166309336933,5.0,0,-9.366559877433804,1.751098520986602,2,2,3,1.1477654324328854,1.1477654324328854,0.2822018863075871,2.4000000000000004,1.9,24,24,-0.0128822401165962,0.0562188401818275,0.0562188401818275,0.0128822401165962,0.0,0.0403645858168602,0.0207209736108779,0.0403645858168602,0.0207209736108779,15,22.672655629866867,10.313151153810374,-12.292426945587389,0.067077530469106,1.1933483122031736,1.1933483122031736,1.1933483122031736,1,18.99902731476472,5,38.24145799794386,25.452281071666427,-2.131740061142384,10.65743686513505,4.831600322972688,1,-7.212083503364886,10.160686884445004,2,3,3,1.1933483122031736,0.2561605551765138,0.2561605551765138,-0.054525930434465304,-0.12741389125585562,-0.12741389125585562,0.017635960131883698,-0.010472610592842099,0.017635960131883698,-0.010472610592842099,0.0128822401165962,-0.0416436903178691,0.09597059918409734,-2.050317807660285,0.04558287977028819,0.04558287977028819,-0.4980760459200866,0,6.359270555798117,2.154476374068919
1124,LATE_COLLISION,76,7.6,3.0,46,4.6000000000000005,80,80,-0.0978419333696365,0.2667495310306549,0.2667495310306549,0.0978419333696365,0.0,-0.0005242526531219,-0.0007596015930175,0.0005242526531219,0.0007596015930175,2,3.045290620606821,-2.117525966860752,-2.117525966860752,3.045290620606821,-48.08347764137199,0.0,5.0,0,-0.0220681055650958,4,3.1175322019394494,-2.083572467017984,-2.083572467017984,3.1175322019394494,5.0,0,-2.100549216939368,0.0339534998427679,2,5,5,5.0,4.311571476799811,4.311571476799811,7.6,4.6000000000000005,76,76,-0.0333568975329399,0.0169562231749296,0.0169562231749296,0.0333568975329399,0.0,-0.0011231116950511,0.0008966047316789,0.0011231116950511,0.0008966047316789,2,2.5974716608531905,-2.565344926614383,-2.565344926614383,2.5974716608531905,-404.5319606872111,0.0,5.0,0,-0.0006818424618368,4,2.7990328733165253,-2.402071795640908,-2.402071795640908,2.7990328733165253,5.0,0,-2.4837083611276456,0.1632731309734749,4,5,5,4.104200717265243,4.104200717265243,4.104200717265243,0.0644850358366966,-0.24979330785572532,-0.24979330785572532,-0.0005988590419292,0.0016562063246963999,0.0005988590419292,0.0001370031386614001,-0.0644850358366966,0.0,-0.44781895975363106,-0.44781895975363106,0.0,0.0,0.021386263103259,0,-0.31849932862292407,-0.3831591441882778
1124,LATE_COLLISION,76,7.6,2.0,56,5.6000000000000005,80,80,-0.1501517742872238,0.2667797207832336,0.2667797207832336,0.1501517742872238,0.0,-0.0118738263845443,-0.0002205967903137,0.0118738263845443,0.0002205967903137,2,3.0621649238899904,-2.100651663577583,-2.100651663577583,3.0621649238899904,-35.12018846572492,0.0,5.0,0,-0.0310947671240995,4,3.133914591937002,-2.0671900770204314,-2.0671900770204314,3.133914591937002,5.0,0,-2.083920870299007,0.0334615865571517,2,5,5,5.0,3.465603632982712,3.465603632982712,7.6,5.6000000000000005,76,76,-0.0529642887413501,0.032771036028862,0.032771036028862,0.0529642887413501,0.0,0.0021675191819667,0.0048884712159633,0.0021675191819667,0.0048884712159633,2,2.5924741532751074,-2.570342434192466,-2.570342434192466,2.5924741532751074,-96.64720693777544,0.0,5.0,0,-0.0027918220899782,4,2.790264824828336,-2.410839844129097,-2.410839844129097,2.790264824828336,5.0,0,-2.490591139160782,0.1595025900633686,4,5,5,3.2715643379163226,3.2715643379163226,3.2715643379163226,0.0971874855458737,-0.2340086847543716,-0.2340086847543716,0.014041345566511,0.005109068006277,-0.0097063072025776,0.0046678744256496004,-0.0971874855458737,0.0,-0.46969077061488296,-0.46969077061488296,0.0,0.0,0.0283029450341213,0,-0.34364976710866557,-0.4066702688617747
1124,LATE_COLLISION,76,7.6,1.0,66,6.6000000000000005,80,80,-0.194256916642189,0.1501529216766357,0.1501529216766357,0.194256916642189,0.0,-0.0089609175920486,-0.0063335597515106,0.0089609175920486,0.0063335597515106,4,3.196918352756965,-2.0041863162004683,-2.0041863162004683,3.196918352756965,-30.217931398264053,0.0,5.0,0,-0.0278522841764857,5,5.38692729289008,0.1675611336687126,0.1675611336687126,5.38692729289008,5.0,0,-0.9183125912658778,2.171747449869181,1,4,4,5.0,2.698503489663026,2.698503489663026,7.6,6.6000000000000005,76,76,-0.0873458608984947,0.029343819245696,0.029343819245696,0.0873458608984947,0.0,-0.0038542449474334,-0.0004357378929853,0.0038542449474334,0.0004357378929853,4,2.803947481934783,-2.3971571870226502,-2.3971571870226502,2.803947481934783,-42.19625601728672,0.0,5.0,0,-0.0027308343827243,1,4.037066618144372,0.931096173913283,-0.775944414417701,2.3300260298133884,2.4579937709526627,1,-1.5865508007201756,1.6212127726049492,3,4,4,2.4579937709526627,2.4579937709526627,2.4579937709526627,0.10691105574369429,-0.12080910243093969,-0.12080910243093969,0.005106672644615199,0.0058978218585253005,-0.005106672644615199,-0.0058978218585253005,-0.10691105574369429,0.0,-0.39297087082218196,-0.39297087082218196,0.0,0.0,0.0251214497937614,0,-0.9435055480864136,-0.6682382094542978
1124,LATE_COLLISION,76,7.6,0.5,71,7.1000000000000005,80,80,-0.2295258194208145,0.1350206136703491,0.1350206136703491,0.2295258194208145,0.0,-0.0041246712207794,-0.001032069325447,0.0041246712207794,0.001032069325447,4,3.2303010581058293,-1.970803610851604,-1.970803610851604,3.2303010581058293,-23.84578221208635,0.0,5.0,0,-0.0370274554804485,1,4.513276885514067,1.4073064412829774,0.1417994393856267,3.247769883616716,2.4521350536858746,1,-0.9145020857329886,2.112603050237231,1,4,4,5.0,2.4521350536858746,2.4521350536858746,7.6,7.1000000000000005,76,76,-0.107445441186428,0.0180124454200267,0.0180124454200267,0.107445441186428,0.0,-0.0034829303622245,-0.0033481679856777,0.0034829303622245,0.0033481679856777,4,2.8160157038709417,-2.385088965086492,-2.385088965086492,2.8160157038709417,-13.040041539005063,0.0,5.0,0,-0.0092194571794692,1,3.5168135541236274,0.410843109892538,-0.9335677149254008,2.1724027293056887,2.1473148255152745,1,-1.6593283400059462,1.451521250161091,3,4,4,2.1473148255152745,2.1473148255152745,2.1473148255152745,0.12208037823438649,-0.1170081682503224,-0.1170081682503224,0.0006417408585548999,-0.0023160986602307,-0.0006417408585548999,0.0023160986602307,-0.12208037823438649,0.0,-0.4142853542348881,-0.4142853542348881,0.0,0.0,0.0278079983009793,0,-1.0753671543110275,-0.7448262542729576
1237,LATE_COLLISION,37,3.7,3.0,7,0.7000000000000001,80,80,0.1069617122411727,0.0547893121838569,0.0547893121838569,0.0,0.1069617122411727,-0.0190881937742233,0.0034378953278064,0.0190881937742233,0.0034378953278064,2,2.913001561517441,-2.2144348461662497,-2.2144348461662497,2.913001561517441,-0.7597183286882461,0.0,5.0,0,-0.8713001256886903,3,3.168362567438157,-1.956412887312018,-1.956412887312018,3.168362567438157,5.0,0,-2.085423866739134,0.2580219588542318,4,6,6,1.385046087021366,1.385046087021366,1.385046087021366,3.7,0.7000000000000001,37,37,0.079698659479618,-0.0069309179671108,0.0069309179671108,0.0,0.079698659479618,-0.0134588629007339,0.0026736953295767,0.0134588629007339,0.0026736953295767,2,2.84850259538184,-2.278933812301851,-2.278933812301851,2.84850259538184,-0.894399130105,0.0,5.0,0,-0.6563735423097625,3,3.0877219414345443,-2.0370535133156307,-2.0370535133156307,3.0877219414345443,5.0,0,-2.1579936628087406,0.2418802989862203,4,6,6,1.5888482188806412,1.5888482188806412,1.5888482188806412,-0.02726305276155469,-0.061720230150967705,-0.0478583942167461,0.005629330873489401,-0.0007641999982297,-0.005629330873489401,-0.0007641999982297,0.0,-0.02726305276155469,-0.06449896613560124,-0.06449896613560124,0.0,0.0,0.21492658337892778,0,-0.08064062600361277,-0.07256979606960678
1237,LATE_COLLISION,37,3.7,2.0,17,1.7000000000000002,80,80,-0.0267457254230976,0.0438973158597946,0.0438973158597946,0.0267457254230976,0.0,-0.0569919478148222,0.0007252506911754,0.0569919478148222,0.0007252506911754,4,7.991975935436518,2.7090722661107343,-1.0458126086473536,4.23709106067843,3.0880458738831926,3.0880458738831926,3.0880458738831926,1,1.860595813688481,2,4.24279005314064,-0.884646354543051,-0.884646354543051,4.24279005314064,5.0,0,-0.9652294815952024,0.1611662541043026,4,6,7,0.4257775009146212,0.4257775009146212,0.4257775009146212,3.7,1.7000000000000002,37,37,-0.0161339547485113,-0.0061816303059458,0.0061816303059458,0.0161339547485113,0.0,-0.0056577799841761,-0.0019742310978472,0.0056577799841761,0.0019742310978472,2,3.811700982697242,-1.3157354249864488,-1.3157354249864488,3.811700982697242,-1.784240853209212,0.0,5.0,0,-1.2289392214002506,3,3.9249223249877434,-1.1998531297624324,-1.1998531297624324,3.9249223249877434,5.0,0,-1.2577942773744406,0.1158822952240163,4,6,6,0.691661958179292,0.691661958179292,0.691661958179292,0.0106117706745863,-0.05007894616574041,-0.0377156855538488,0.051334167830646094,-0.0026994817890226,-0.051334167830646094,0.0012489804066717998,-0.0106117706745863,0.0,-4.024807691097183,-0.2699228163390952,1.9119541261168074,-3.0880458738831926,-3.0895350350887316,-1,-0.31520677521938145,-0.2925647957792382
1237,LATE_COLLISION,37,3.7,1.0,27,2.7,80,80,-0.0416035018861293,0.0575236119329929,0.0575236119329929,0.0416035018861293,0.0,0.033528383821249,-0.0007418952882289,0.033528383821249,0.0007418952882289,4,6.512093666653339,1.2291899973275555,-1.224950748056556,4.057952921269227,3.543893061779004,3.543893061779004,3.543893061779004,1,1.1240227993583334,1,2.076251873097186,-0.8971747553731584,-0.8971747553731584,2.076251873097186,5.0,0,-1.0610627517148572,0.3277759926833976,2,3,5,3.543893061779004,3.543893061779004,3.046347033317632,3.7,2.7,37,37,-0.0995413139462471,-0.0154435327276587,0.0154435327276587,0.0995413139462471,0.0,-0.003759279847145,-0.0019539520144462,0.003759279847145,0.0019539520144462,1,1.5209287493815344,-1.45249787908881,-1.4614801497694243,1.5119464787009202,0.0636214217450351,0.0636214217450351,0.0636214217450351,1,0.2815324391512526,4,7.375831133372055,2.092927464046272,-0.4987850023603979,4.7841186669653855,4.3729369766383455,1,-0.9801325760649112,0.9626951474090264,2,5,6,0.0636214217450351,0.0636214217450351,0.0636214217450351,-0.0579378120601178,-0.0729671446606516,-0.0420800792053342,-0.037287663668394,-0.0012120567262173,-0.029769103974104,0.0012120567262173,0.0579378120601178,0.0,-2.6816878764163654,-0.2365294017128683,-3.4802716400339686,-3.4802716400339686,-0.8424903602070808,0,0.3983897530127605,0.08093017564994598
1237,LATE_COLLISION,37,3.7,0.5,32,3.2,80,80,0.0466836243867874,0.0538867712020874,0.0538867712020874,0.0,0.0466836243867874,0.0028567388653755,-0.0004351995885372,0.0028567388653755,0.0004351995885372,4,5.980619660126684,0.6977159908009005,-1.277624163089742,4.005279506236041,3.046466506886687,3.046466506886687,3.046466506886687,1,1.0826460018611537,1,2.59154730826343,-0.3818793202069144,-0.3818793202069144,2.59154730826343,5.0,0,-0.8297517416483282,0.8957448428828276,2,2,5,3.046466506886687,3.046466506886687,2.5032335864757598,3.7,3.2,37,37,-0.0991111174225807,0.0007873547729104,0.0007873547729104,0.0991111174225807,0.0,0.004674382507801,0.0047848157119005,0.004674382507801,0.0047848157119005,1,1.6635783150378674,-1.3098483134324772,-1.3098483134324772,1.6635783150378674,-0.255126725915706,0.0,5.0,0,-0.5433709263069233,4,6.965844291224322,1.6829406218985383,-0.4790868486698727,4.803816820655911,5.0,0,-0.894467581051175,0.8307614647626045,2,5,5,5.0,5.0,5.0,-0.1457947418093681,-0.053099416429177,-0.053099416429177,0.0018176436424255002,0.0052200153004377,0.0018176436424255002,0.0043496161233633,0.0991111174225807,-0.0466836243867874,-2.0075643042333775,-0.03222415034273518,1.953533493113313,-3.046466506886687,-1.626016928168077,-1,-0.09720752846295833,-0.06471583940284675
1424,LATE_OFFROAD,78,7.800000000000001,3.0,48,4.800000000000001,80,80,0.0282507073134183,0.1103511974215507,0.1103511974215507,0.0,0.0282507073134183,-0.0018067229539155,-0.0082545429468154,0.0018067229539155,0.0082545429468154,5,75.43324213724809,63.67480107024835,9.25555144602917,21.013992513028903,2.879994505384704,2.879994505384704,2.879994505384704,1,24.159497426494603,5,75.43324213724809,63.67480107024835,9.25555144602917,21.013992513028903,2.879994505384704,1,9.25555144602917,0.0,0,0,0,5.0,5.0,5.0,7.800000000000001,4.800000000000001,78,78,0.0084647741168737,-0.0049865501932799,0.0049865501932799,0.0,0.0084647741168737,-0.0026694266125559,-0.0046877446584403,0.0026694266125559,0.0046877446584403,5,73.78157569241507,62.02313462541534,9.29563510909631,21.054076176096043,2.780297238956847,2.780297238956847,2.780297238956847,1,24.3764049447169,5,73.78157569241507,62.02313462541534,9.29563510909631,21.054076176096043,2.780297238956847,1,9.29563510909631,0.0,0,0,0,5.0,5.0,5.0,-0.019785933196544602,-0.1153377476148306,-0.1053646472282708,-0.0008627036586404001,0.0035667982883751,0.0008627036586404001,-0.0035667982883751,0.0,-0.019785933196544602,-1.6516664448330118,0.04008366306713995,-0.09969726642785659,-0.09969726642785659,0.21690751822229615,0,0.04008366306713995,0.04008366306713995
1424,LATE_OFFROAD,78,7.800000000000001,2.0,58,5.800000000000001,80,80,-0.0177505798637866,0.0616261586546897,0.0616261586546897,0.0177505798637866,0.0,-0.0020761750638484,-0.0033753216266632,0.0020761750638484,0.0033753216266632,4,9.457080874417244,2.424672244902321,2.3964039352667994,9.428812564781722,0.6378497772225827,0.6378497772225827,0.6378497772225827,1,0.0885037888804539,5,51.50864231050021,39.75020124350047,8.865902195262947,20.62434326226268,1.8803918740430696,1,5.631153065264874,6.469498259996148,0,0,0,5.0,5.0,5.0,7.800000000000001,5.800000000000001,78,78,-0.1050453335046768,0.0225332882255315,0.0225332882255315,0.1050453335046768,0.0,-0.0027258992195129,-0.00795678794384,0.0027258992195129,0.00795678794384,4,7.504596208350304,0.4721875788353813,0.3618734288463416,7.394282058361265,1.119597998766602,1.119597998766602,1.119597998766602,1,0.1956119360723901,5,49.73892877787577,37.980487710876034,8.927352649876191,20.685793716875924,1.7943053013995751,1,4.644613039361266,8.56547922102985,0,1,1,5.0,1.119597998766602,1.119597998766602,-0.0872947536408902,-0.0390928704291582,-0.0390928704291582,-0.0006497241556644999,-0.004581466317176801,0.0006497241556644999,0.004581466317176801,0.0872947536408902,0.0,-1.9524846660669395,-2.0345305064204577,0.4817482215440193,0.4817482215440193,0.1071081471919362,0,0.06145045461324372,-0.9865400259036079
1424,LATE_OFFROAD,78,7.800000000000001,1.0,68,6.800000000000001,80,80,-0.0051391413435339,0.0179207809269428,0.0179207809269428,0.0051391413435339,0.0,-0.0017790917772799,-0.0005795303732156,0.0017790917772799,0.0005795303732156,4,8.935753142472372,1.9033445129574489,1.8005006442271112,8.832909273742034,1.2095161992474082,1.2095161992474082,1.2095161992474082,1,0.1690792411004415,5,30.40589480600606,18.647453739006327,9.070995712360151,20.829436779359884,0.8857027088013399,1,5.435748178293631,7.27049506813304,0,0,1,5.0,5.0,1.2095161992474082,7.800000000000001,6.800000000000001,78,78,-0.0078463582322001,-0.0219815764576196,0.0219815764576196,0.0078463582322001,0.0,-0.0057381899096071,0.0028545707464218,0.0057381899096071,0.0028545707464218,4,7.066253245559783,0.0338446160448597,0.0303874702948716,7.062796099809795,0.2049445412763744,0.2049445412763744,0.2049445412763744,1,0.0337291252428154,5,29.08592483416232,17.327483767162587,9.119012597875065,20.8774536648748,0.8131076577724731,1,4.574700034084968,9.08862512758019,0,1,1,5.0,0.2049445412763744,0.2049445412763744,-0.0027072168886662007,-0.0399023573845624,0.0040607955306768,-0.0039590981323272,0.0034341011196374,0.0039590981323272,0.0022750403732062,0.0027072168886662007,0.0,-1.869499896912589,-1.7701131739322395,-1.0045716579710338,-1.0045716579710338,-0.1353501158576261,0,0.048016885514913454,-0.861048144208663
1424,LATE_OFFROAD,78,7.800000000000001,0.5,73,7.300000000000001,80,80,0.003979945089668,-0.0024329670704901,0.0024329670704901,0.0,0.003979945089668,0.001308046746999,-0.0029279761365614,0.001308046746999,0.0029279761365614,5,22.805526851413944,11.047085784414213,8.954568096633167,20.7130091636329,0.3865923048643766,0.3865923048643766,0.3865923048643766,1,10.328805512824063,5,22.805526851413944,11.047085784414213,8.954568096633167,20.7130091636329,0.3865923048643766,1,8.954568096633167,0.0,0,0,0,5.0,5.0,5.0,7.800000000000001,7.300000000000001,78,78,0.0126894451677799,-0.0882353857159614,0.0882353857159614,0.0,0.0126894451677799,0.0012894943356513,0.0024308040738105,0.0012894943356513,0.0024308040738105,5,22.14096678503333,10.382525718033602,9.003347255252567,20.7617883222523,0.3127546000175062,0.3127546000175062,0.3127546000175062,1,8.544868085226323,5,22.14096678503333,10.382525718033602,9.003347255252567,20.7617883222523,0.3127546000175062,1,9.003347255252567,0.0,0,0,0,5.0,5.0,5.0,0.0087095000781119,-0.0858024186454713,0.0858024186454713,-1.8552411347700064e-05,0.0053587802103719,-1.8552411347700064e-05,-0.0004971720627508997,0.0,0.0087095000781119,-0.664560066380611,0.048779158619399965,-0.07383770484687041,-0.07383770484687041,-1.7839374275977402,0,0.048779158619399965,0.048779158619399965
2101,EARLY_COLLISION,20,2.0,2.0,0,0.0,80,80,-0.0489537306129932,-0.0437131524085998,0.0437131524085998,0.0489537306129932,0.0,,,,,6,30.693663465915417,21.716065465233758,-5.030089682879005,3.947508317802658,1.5570884667423612,1.5570884667423612,1.5570884667423612,1,19.386165620626205,4,4.462354627012485,-0.6722068348943546,-1.568084446694538,3.566477015212301,0.1371945433506844,1,-3.299087064786772,3.462005236184467,4,4,4,0.1371945433506844,0.1371945433506844,0.1371945433506844,2.0,0.0,20,20,-0.1741701960563659,-0.1304605454206466,0.1304605454206466,0.1741701960563659,0.0,,,,,6,30.693663465915417,21.716065465233758,-5.030089682879005,3.947508317802658,1.5570884667423612,1.5570884667423612,1.5570884667423612,1,19.386165620626205,4,4.462354627012485,-0.6722068348943546,-1.568084446694538,3.566477015212301,0.1371945433506844,1,-3.299087064786772,3.462005236184467,4,4,4,0.1371945433506844,0.1371945433506844,0.1371945433506844,-0.12521646544337273,-0.08674739301204681,0.08674739301204681,,,,,0.12521646544337273,0.0,0.0,0.0,0.0,0.0,0.0,0,0.0,0.0
2101,EARLY_COLLISION,20,2.0,1.0,10,1.0,80,80,-0.0645235627889633,0.0013320473954081,0.0013320473954081,0.0645235627889633,0.0,0.0172896161675453,0.0084952400065958,0.0172896161675453,0.0084952400065958,6,12.39896204042554,3.421364039743878,-4.629209307436251,4.348388693245412,0.6080831306774563,0.6080831306774563,0.6080831306774563,1,17.882352064734473,2,5.951548221107314,0.9053028945578684,-1.9907032808189864,3.0555420457304585,2.10396186823098,1,-3.309956294127619,2.6385060266172644,2,5,6,0.6080831306774563,0.6080831306774563,0.6080831306774563,2.0,1.0,20,20,-0.3466726839542389,0.0641076415777206,0.0641076415777206,0.3466726839542389,0.0,-0.0066392123699188,-0.0142729580402374,0.0066392123699188,0.0142729580402374,6,13.432478411119522,4.454880410437859,-3.9020364383573143,5.075561562324348,0.7008515157955235,0.7008515157955235,0.7008515157955235,1,16.429499805156105,2,4.828320960663639,-0.2179243658858061,-2.415467936170917,2.6307773903785283,1.061614995859154,1,-3.158752187264116,1.486568502186398,4,5,6,0.7008515157955235,0.7008515157955235,0.7008515157955235,-0.2821491211652756,0.0627755941823125,0.0627755941823125,-0.0239288285374641,-0.0227681980468332,-0.010650403797626502,0.005777718033641601,0.2821491211652756,0.0,1.033516370693981,0.7271728690789367,0.09276838511806718,0.09276838511806718,-1.4528522595783677,0,-0.4247646553519304,0.15120410686350283
2101,EARLY_COLLISION,20,2.0,0.5,15,1.5,80,80,-0.1832067519426345,0.0097533939406275,0.0097533939406275,0.1832067519426345,0.0,-0.0318056643009185,0.0054586678743362,0.0318056643009185,0.0054586678743362,6,4.960312104040993,-4.01728589664067,-4.534848972927451,4.442749027754212,0.1174683317522207,0.1174683317522207,0.1174683317522207,1,8.352235684095048,7,17.559500604449465,8.643108839262382,-3.6556495449056783,5.260742220281404,0.8920625223161864,1,-4.0952492589165645,0.8791994280217725,3,3,6,0.1174683317522207,0.1174683317522207,0.1174683317522207,2.0,1.5,20,20,-0.5225152373313904,0.0335199125111103,0.0335199125111103,0.5225152373313904,0.0,-0.0146976113319396,0.0234774872660636,0.0146976113319396,0.0234774872660636,2,3.403268226432935,-1.6429771001165103,-3.37192245873128,1.6743228678181648,0.6328474150356089,0.6328474150356089,0.6328474150356089,1,4.076090351400172,6,6.668991190375059,-2.308606810306604,-3.3501565940351226,5.627441406646541,0.2181097460298531,1,-3.3610395263832014,0.0217658646961576,3,3,3,0.2181097460298531,0.2181097460298531,0.2181097460298531,-0.3393084853887559,0.0237665185704828,0.0237665185704828,0.017108052968978903,0.0180188193917274,-0.017108052968978903,0.0180188193917274,0.3393084853887559,0.0,2.37430879652416,1.1629265141961707,0.5153790832833882,0.5153790832833882,-4.276145332694876,0,0.3054929508705557,0.7342097325333632
2139,EARLY_COLLISION,11,1.1,1.0,1,0.1,80,80,-0.0281102769076824,0.0805768370628357,0.0805768370628357,0.0281102769076824,0.0,-0.0087871737778186,-0.0303184911608696,0.0087871737778186,0.0303184911608696,13,9.16391689873346,-0.0898621527842902,-5.046152696656341,4.207626354861411,1.927466828965397,1.927466828965397,1.927466828965397,1,3.752063984733869,10,3.724388298418073,-2.186472335531262,-2.9449839179439774,2.965876716005358,5.0,0,-3.995568307300159,2.1011687787123634,4,4,4,1.927466828965397,1.927466828965397,1.927466828965397,1.1,0.1,11,11,-0.1888250261545181,-0.0301923640072345,0.0301923640072345,0.1888250261545181,0.0,-0.0322442501783371,-0.0027714259922504,0.0322442501783371,0.0027714259922504,13,9.16760277018893,-0.0861762813288216,-5.189402215546897,4.064376835970855,1.984286587144755,1.984286587144755,1.984286587144755,1,3.7120125436789486,10,3.72474636785131,-2.1861142660980253,-2.555974557797325,3.35488607615201,5.0,0,-3.8726883866721113,2.633427657749572,4,4,4,1.984286587144755,1.984286587144755,1.984286587144755,-0.1607147492468357,-0.1107692010700702,-0.05038447305560119,-0.023457076400518497,0.027547065168619198,0.023457076400518497,-0.027547065168619198,0.1607147492468357,0.0,0.0036858714554686006,-0.14324951889055626,0.05681975817935814,0.05681975817935814,-0.0400514410549202,0,0.3890093601466522,0.12287992062804776
2139,EARLY_COLLISION,11,1.1,0.5,6,0.6000000000000001,80,80,-0.0416955724358558,-0.0479116663336753,0.0479116663336753,0.0416955724358558,0.0,0.0002308748662471,0.0028542689979076,0.0002308748662471,0.0028542689979076,13,7.546595645368709,-1.707183406149043,-5.1067110341890345,4.147068017328717,1.5422118447874105,1.5422118447874105,1.5422118447874105,1,3.4156554742105274,41,10.440302067847211,4.499567267401927,-4.014355263851781,1.926379536593503,4.285316612128336,1,-4.560533149020408,1.092355770337253,3,4,5,1.5422118447874105,1.5422118447874105,1.5422118447874105,1.1,0.6000000000000001,11,11,-0.1674455106258392,-0.0304215867072343,0.0304215867072343,0.1674455106258392,0.0,0.00987508893013,0.0066750515252351,0.00987508893013,0.0066750515252351,13,7.647135118890394,-1.6066439326273576,-5.400354981846494,3.853424069671258,1.855966116751544,1.855966116751544,1.855966116751544,1,3.0740745800539937,41,10.613141245867164,4.672406445421881,-3.2955020532557584,2.645232747189526,5.0,0,-4.347928517551126,2.104852928590736,3,4,4,1.855966116751544,1.855966116751544,1.855966116751544,-0.1257499381899834,0.017490079626441002,-0.017490079626441002,0.009644214063882899,0.0038207825273275,0.009644214063882899,0.0038207825273275,0.1257499381899834,0.0,0.10053947352168535,-0.2936439476574595,0.3137542719641335,0.3137542719641335,-0.3415808941565337,0,0.718853210596023,0.212604631469282
2747,LATE_OFFROAD,46,4.6000000000000005,3.0,16,1.6,80,80,0.0269588008522987,0.1112357154488563,0.1112357154488563,0.0,0.0269588008522987,-0.0020930860191583,-0.0075129866600036,0.0020930860191583,0.0075129866600036,5,98.82179164098032,86.9242826268458,86.9242826268458,98.82179164098032,-3.905486561784641,0.0,5.0,0,-24.183699555507516,5,98.82179164098032,86.9242826268458,86.9242826268458,98.82179164098032,5.0,0,86.9242826268458,0.0,0,0,0,5.0,5.0,5.0,4.6000000000000005,1.6,46,46,0.0257024373859167,-0.0029255438130348,0.0029255438130348,0.0,0.0257024373859167,-0.0077175181359052,-0.0030291143339127,0.0077175181359052,0.0030291143339127,5,99.3201405210453,87.42263150691079,87.42263150691079,99.3201405210453,-3.848774926542576,0.0,5.0,0,-24.67959423325672,5,99.3201405210453,87.42263150691079,87.42263150691079,99.3201405210453,5.0,0,87.42263150691079,0.0,0,0,0,5.0,5.0,5.0,-0.001256363466381999,-0.1141612592618911,-0.1083101716358215,-0.0056244321167469,0.0044838723260909,0.0056244321167469,-0.0044838723260909,0.0,-0.001256363466381999,0.4983488800649951,0.4983488800649951,0.0,0.0,-0.4958946777492024,0,0.4983488800649951,0.4983488800649951
2747,LATE_OFFROAD,46,4.6000000000000005,2.0,26,2.6,80,80,0.0033607350196689,0.0523042604327201,0.0523042604327201,0.0,0.0033607350196689,-0.0012056787963956,-0.0053622312843799,0.0012056787963956,0.0053622312843799,5,122.8770010813191,110.97949206718458,110.97949206718458,122.8770010813191,-4.7722486976294185,0.0,5.0,0,-25.010479211418986,5,122.8770010813191,110.97949206718458,110.97949206718458,122.8770010813191,5.0,0,110.97949206718458,0.0,0,0,0,5.0,5.0,5.0,4.6000000000000005,2.6,46,46,-0.0093968193978071,0.001935591106303,0.001935591106303,0.0093968193978071,0.0,-0.0127444118261337,0.0205795365618541,0.0127444118261337,0.0205795365618541,5,123.87089864447452,111.97338963034,111.97338963034,123.87089864447452,-4.7197889364219,0.0,5.0,0,-25.51052928920773,5,123.87089864447452,111.97338963034,111.97338963034,123.87089864447452,5.0,0,111.97338963034,0.0,0,0,0,5.0,5.0,5.0,-0.012757554417476,-0.0503686693264171,-0.0503686693264171,-0.0115387330297381,0.025941767846234,0.0115387330297381,0.0152173052774742,0.0093968193978071,-0.0033607350196689,0.9938975631554143,0.9938975631554143,0.0,0.0,-0.500050077788746,0,0.9938975631554143,0.9938975631554143
2747,LATE_OFFROAD,46,4.6000000000000005,0.5,41,4.1000000000000005,80,80,-0.0711696967482566,0.0425412319600582,0.0425412319600582,0.0711696967482566,0.0,0.0129127651453018,-0.0018674917519092,0.0129127651453018,0.0018674917519092,3,7.511349492908358,0.4706576937656903,-1.123498301495526,5.917193497647141,21.49782570202349,5.0,5.0,0,0.3225019757752943,3,7.511349492908358,0.4706576937656903,-1.123498301495526,5.917193497647141,5.0,0,-1.123498301495526,0.0,1,1,1,5.0,5.0,5.0,4.6000000000000005,4.1000000000000005,46,46,-0.0978690311312675,-0.0443371571600437,0.0443371571600437,0.0978690311312675,0.0,0.0044174715876579,-0.0657327082008123,0.0044174715876579,0.0657327082008123,3,5.91722918160321,-1.1234626175394578,-4.140766100389898,2.899925698752769,8.450437167163845,5.0,5.0,0,0.6384977578487081,3,5.91722918160321,-1.1234626175394578,-4.140766100389898,2.899925698752769,5.0,0,-4.140766100389898,0.0,1,1,1,5.0,5.0,5.0,-0.026699334383010906,-0.0868783891201019,0.0017959251999855042,-0.0084952935576439,-0.0638652164489031,-0.0084952935576439,0.0638652164489031,0.026699334383010906,0.0,-1.594120311305148,-3.0172677988943724,0.0,0.0,0.3159957820734138,0,-3.0172677988943724,-3.0172677988943724
