scenario_index,v27_rf,v28_rf,delta_rf,v27_progress,v28_progress,delta_progress,v27_comfort,v28_comfort,delta_comfort,v27_collision,v28_collision,delta_collision,v27_overlap,v28_overlap,delta_overlap,v27_offroad,v28_offroad,delta_offroad,v27_accuracy,v28_accuracy,delta_accuracy,v27_zero,v28_zero,fixed_zero,new_zero,persistent_zero,v27_failure_type,v28_failure_type,transition
2172,0.9051792,0.28696278,-0.61821642,0.86454177,0.029589694,-0.834952076,1.0,0.8875,-0.1125,0.0,0.0,0.0,0.0,0.0,0.0,0.0,0.0,0.0,1,1,0,False,False,False,False,False,OTHER,OTHER,REGRESSED
1747,0.9707551,0.48679343,-0.4839616699999999,0.99036443,0.30434772,-0.68601671,0.925,0.9125,-0.0125,0.0,0.0,0.0,0.0,0.0,0.0,0.0,0.0,0.0,1,1,0,False,False,False,False,False,OTHER,OTHER,REGRESSED
450,1.0,0.63873386,-0.36126614,1.0,0.48390555,-0.51609445,1.0,1.0,0.0,0.0,0.0,0.0,0.0,0.0,0.0,0.0,0.0,0.0,1,1,0,False,False,False,False,False,OTHER,OTHER,REGRESSED
2598,0.8070946,0.5577414,-0.2493531999999999,0.7565637,0.368202,-0.3883617,0.925,1.0,0.0749999999999999,0.0,0.0,0.0,0.0,0.0,0.0,0.0,0.0,0.0,1,1,0,False,False,False,False,False,OTHER,OTHER,REGRESSED
1626,0.885927,0.66619223,-0.2197347699999999,0.8370385,0.5231318,-0.3139067,1.0,1.0,0.0,0.0,0.0,0.0,0.0,0.0,0.0,0.0,0.0,0.0,1,1,0,False,False,False,False,False,OTHER,OTHER,REGRESSED
279,0.91717815,0.70052236,-0.21665579,0.88168305,0.57217485,-0.3095082,1.0,1.0,0.0,0.0,0.0,0.0,0.0,0.0,0.0,0.0,0.0,0.0,1,1,0,False,False,False,False,False,OTHER,OTHER,REGRESSED
600,1.0,0.8082361,-0.1917639,0.99999994,0.7635516,-0.23644834,1.0,0.9125,-0.0875,0.0,0.0,0.0,0.0,0.0,0.0,0.0,0.0,0.0,1,1,0,False,False,False,False,False,OTHER,OTHER,REGRESSED
160,0.94482386,0.7573564,-0.1874674599999999,0.92117685,0.65336627,-0.26781058,1.0,1.0,0.0,0.0,0.0,0.0,0.0,0.0,0.0,0.0,0.0,0.0,1,1,0,False,False,False,False,False,OTHER,OTHER,REGRESSED
1577,1.0,0.81659144,-0.18340856,1.0,0.7379877,-0.2620123,1.0,1.0,0.0,0.0,0.0,0.0,0.0,0.0,0.0,0.0,0.0,0.0,1,1,0,False,False,False,False,False,OTHER,OTHER,REGRESSED
34,0.97468853,0.7985932,-0.17609533,0.96384066,0.71227604,-0.25156462,1.0,1.0,0.0,0.0,0.0,0.0,0.0,0.0,0.0,0.0,0.0,0.0,1,1,0,False,False,False,False,False,OTHER,OTHER,REGRESSED
2292,0.98723954,0.8206736,-0.16656594,0.9817708,0.77596223,-0.20580857,1.0,0.925,-0.0749999999999999,0.0,0.0,0.0,0.0,0.0,0.0,0.0,0.0,0.0,1,1,0,False,False,False,False,False,OTHER,OTHER,REGRESSED
2433,0.9288702,0.7627868,-0.1660834,0.89838594,0.66112405,-0.2372618900000001,1.0,1.0,0.0,0.0,0.0,0.0,0.0,0.0,0.0,0.0,0.0,0.0,1,1,0,False,False,False,False,False,OTHER,OTHER,REGRESSED
2866,0.8892838,0.72445506,-0.1648287399999999,0.8900482,0.63850725,-0.25154095,0.8875,0.925,0.0375,0.0,0.0,0.0,0.0,0.0,0.0,0.0,0.0,0.0,1,1,0,False,False,False,False,False,OTHER,OTHER,REGRESSED
683,0.9461261,0.7817514,-0.1643746999999999,0.92303723,0.72035915,-0.2026780800000001,1.0,0.925,-0.0749999999999999,0.0,0.0,0.0,0.0,0.0,0.0,0.0,0.0,0.0,1,1,0,False,False,False,False,False,OTHER,OTHER,REGRESSED
2960,1.0,0.83867306,-0.16132694,1.0,0.7695329,-0.2304671,1.0,1.0,0.0,0.0,0.0,0.0,0.0,0.0,0.0,0.0,0.0,0.0,1,1,0,False,False,False,False,False,OTHER,OTHER,REGRESSED
1920,1.0,0.84148616,-0.15851384,0.99999994,0.7735517,-0.22644824,1.0,1.0,0.0,0.0,0.0,0.0,0.0,0.0,0.0,0.0,0.0,0.0,1,1,0,False,False,False,False,False,OTHER,OTHER,REGRESSED
2586,0.98161376,0.8277386,-0.15387516,0.97373396,0.7539122,-0.2198217599999999,1.0,1.0,0.0,0.0,0.0,0.0,0.0,0.0,0.0,0.0,0.0,0.0,1,1,0,False,False,False,False,False,OTHER,OTHER,REGRESSED
409,0.7521148,0.5993436,-0.1527712,0.6780211,0.4276337,-0.2503874,0.925,1.0,0.0749999999999999,0.0,0.0,0.0,0.0,0.0,0.0,0.0,0.0,0.0,1,1,0,False,False,False,False,False,OTHER,OTHER,REGRESSED
2886,0.8753153,0.7246651,-0.1506502,0.85402185,0.60666436,-0.2473574899999999,0.925,1.0,0.0749999999999999,0.0,0.0,0.0,0.0,0.0,0.0,0.0,0.0,0.0,1,1,0,False,False,False,False,False,OTHER,OTHER,REGRESSED
707,0.8988792,0.7505854,-0.1482938,0.88768446,0.6436934,-0.24399106,0.925,1.0,0.0749999999999999,0.0,0.0,0.0,0.0,0.0,0.0,0.0,0.0,0.0,1,1,0,False,False,False,False,False,OTHER,OTHER,REGRESSED
2722,1.0,0.8524918,-0.1475081999999999,1.0,0.8749882,-0.1250118,1.0,0.8,-0.1999999999999999,0.0,0.0,0.0,0.0,0.0,0.0,0.0,0.0,0.0,1,1,0,False,False,False,False,False,OTHER,OTHER,REGRESSED
2740,0.99063665,0.84841007,-0.14222658,0.9866237,0.783443,-0.2031807,1.0,1.0,0.0,0.0,0.0,0.0,0.0,0.0,0.0,0.0,0.0,0.0,1,1,0,False,False,False,False,False,OTHER,OTHER,REGRESSED
242,0.975996,0.83508635,-0.14090965,0.9657086,0.76440907,-0.20129953,1.0,1.0,0.0,0.0,0.0,0.0,0.0,0.0,0.0,0.0,0.0,0.0,1,1,0,False,False,False,False,False,OTHER,OTHER,REGRESSED
855,0.8851355,0.7444024,-0.1407330999999999,0.83590776,0.6348606,-0.20104716,1.0,1.0,0.0,0.0,0.0,0.0,0.0,0.0,0.0,0.0,0.0,0.0,1,1,0,False,False,False,False,False,OTHER,OTHER,REGRESSED
1398,0.98275644,0.8424479,-0.1403085399999999,0.97536635,0.7749256,-0.20044075,1.0,1.0,0.0,0.0,0.0,0.0,0.0,0.0,0.0,0.0,0.0,0.0,1,1,0,False,False,False,False,False,OTHER,OTHER,REGRESSED
269,0.95629853,0.8168999,-0.1393986299999999,0.9697122,0.7705713,-0.1991409,0.925,0.925,0.0,0.0,0.0,0.0,0.0,0.0,0.0,0.0,0.0,0.0,1,1,0,False,False,False,False,False,OTHER,OTHER,REGRESSED
758,1.0,0.86237776,-0.13762224,1.0,0.8676824,-0.1323176,1.0,0.85,-0.15,0.0,0.0,0.0,0.0,0.0,0.0,0.0,0.0,0.0,1,1,0,False,False,False,False,False,OTHER,OTHER,REGRESSED
87,0.9405815,0.803054,-0.1375274999999999,0.9151164,0.7186485,-0.1964679,1.0,1.0,0.0,0.0,0.0,0.0,0.0,0.0,0.0,0.0,0.0,0.0,1,1,0,False,False,False,False,False,OTHER,OTHER,REGRESSED
921,0.9431697,0.8058862,-0.1372835,0.9509567,0.7548374,-0.1961193,0.925,0.925,0.0,0.0,0.0,0.0,0.0,0.0,0.0,0.0,0.0,0.0,1,1,0,False,False,False,False,False,OTHER,OTHER,REGRESSED
369,0.971614,0.8343445,-0.1372694999999999,0.9594485,0.76334924,-0.19609926,1.0,1.0,0.0,0.0,0.0,0.0,0.0,0.0,0.0,0.0,0.0,0.0,1,1,0,False,False,False,False,False,OTHER,OTHER,REGRESSED
2248,0.94093114,0.8042305,-0.13670064,0.9156159,0.7203293,-0.1952866000000001,1.0,1.0,0.0,0.0,0.0,0.0,0.0,0.0,0.0,0.0,0.0,0.0,1,1,0,False,False,False,False,False,OTHER,OTHER,REGRESSED
1904,0.9319784,0.7955386,-0.1364398,0.9028263,0.809698,-0.0931282999999999,1.0,0.7625,-0.2375,0.0,0.0,0.0,0.0,0.0,0.0,0.0,0.0,0.0,1,1,0,False,False,False,False,False,OTHER,OTHER,REGRESSED
499,1.0,0.86489564,-0.13510436,1.0,0.80699366,-0.19300634,1.0,1.0,0.0,0.0,0.0,0.0,0.0,0.0,0.0,0.0,0.0,0.0,1,1,0,False,False,False,False,False,OTHER,OTHER,REGRESSED
2299,0.96625006,0.83125,-0.1350000599999999,1.0,1.0,0.0,0.8875,0.4375,-0.4499999999999999,0.0,0.0,0.0,0.0,0.0,0.0,0.0,0.0,0.0,1,1,0,False,False,False,False,False,OTHER,OTHER,REGRESSED
1189,0.9448764,0.8104599,-0.1344164999999999,0.9587519,0.7292285,-0.2295234,0.9125,1.0,0.0875,0.0,0.0,0.0,0.0,0.0,0.0,0.0,0.0,0.0,1,1,0,False,False,False,False,False,OTHER,OTHER,REGRESSED
2005,0.94021416,0.8070307,-0.13318346,0.9145916,0.7243295,-0.1902621,1.0,1.0,0.0,0.0,0.0,0.0,0.0,0.0,0.0,0.0,0.0,0.0,1,1,0,False,False,False,False,False,OTHER,OTHER,REGRESSED
2404,0.9310495,0.7981291,-0.1329203999999999,0.90149933,0.71161294,-0.18988639,1.0,1.0,0.0,0.0,0.0,0.0,0.0,0.0,0.0,0.0,0.0,0.0,1,1,0,False,False,False,False,False,OTHER,OTHER,REGRESSED
943,0.8836078,0.75127405,-0.13233375,0.8337254,0.64467716,-0.1890482399999999,1.0,1.0,0.0,0.0,0.0,0.0,0.0,0.0,0.0,0.0,0.0,0.0,1,1,0,False,False,False,False,False,OTHER,OTHER,REGRESSED
382,0.9592504,0.83142895,-0.1278214499999999,0.9417862,0.75918406,-0.1826021399999999,1.0,1.0,0.0,0.0,0.0,0.0,0.0,0.0,0.0,0.0,0.0,0.0,1,1,0,False,False,False,False,False,OTHER,OTHER,REGRESSED
2700,1.0,0.8740757,-0.1259243,1.0,0.82010823,-0.17989177,1.0,1.0,0.0,0.0,0.0,0.0,0.0,0.0,0.0,0.0,0.0,0.0,1,1,0,False,False,False,False,False,OTHER,OTHER,REGRESSED
2074,0.92924196,0.8046303,-0.12461166,0.89891714,0.7209005,-0.1780166399999999,1.0,1.0,0.0,0.0,0.0,0.0,0.0,0.0,0.0,0.0,0.0,0.0,1,1,0,False,False,False,False,False,OTHER,OTHER,REGRESSED
2186,0.9697033,0.8451517,-0.1245516000000001,0.956719,0.7787881,-0.1779309,1.0,1.0,0.0,0.0,0.0,0.0,0.0,0.0,0.0,0.0,0.0,0.0,1,1,0,False,False,False,False,False,OTHER,OTHER,REGRESSED
1408,1.0,0.8762088,-0.1237911999999999,1.0,0.8231554,-0.1768446,1.0,1.0,0.0,0.0,0.0,0.0,0.0,0.0,0.0,0.0,0.0,0.0,1,1,0,False,False,False,False,False,OTHER,OTHER,REGRESSED
710,1.0,0.87624997,-0.1237500299999999,1.0,1.0,0.0,1.0,0.58750004,-0.41249996,0.0,0.0,0.0,0.0,0.0,0.0,0.0,0.0,0.0,1,1,0,False,False,False,False,False,OTHER,OTHER,REGRESSED
3041,0.9521021,0.8284586,-0.1236434999999999,0.96371734,0.7549408,-0.20877654,0.925,1.0,0.0749999999999999,0.0,0.0,0.0,0.0,0.0,0.0,0.0,0.0,0.0,1,1,0,False,False,False,False,False,OTHER,OTHER,REGRESSED
2781,0.97749996,0.85405684,-0.1234431199999999,1.0,0.79150975,-0.20849025,0.925,1.0,0.0749999999999999,0.0,0.0,0.0,0.0,0.0,0.0,0.0,0.0,0.0,1,1,0,False,False,False,False,False,OTHER,OTHER,REGRESSED
1469,1.0,0.8784359,-0.1215640999999999,1.0,0.82633704,-0.17366296,1.0,1.0,0.0,0.0,0.0,0.0,0.0,0.0,0.0,0.0,0.0,0.0,1,1,0,False,False,False,False,False,OTHER,OTHER,REGRESSED
2166,0.9232675,0.8034469,-0.1198206,0.8903821,0.7192098,-0.1711722999999999,1.0,1.0,0.0,0.0,0.0,0.0,0.0,0.0,0.0,0.0,0.0,0.0,1,1,0,False,False,False,False,False,OTHER,OTHER,REGRESSED
876,1.0,0.88139725,-0.1186027499999999,1.0,0.8305674,-0.1694326,1.0,1.0,0.0,0.0,0.0,0.0,0.0,0.0,0.0,0.0,0.0,0.0,1,1,0,False,False,False,False,False,OTHER,OTHER,REGRESSED
1995,0.9475236,0.8290433,-0.1184802999999999,0.9250337,0.825419,-0.0996146999999999,1.0,0.83750004,-0.16249996,0.0,0.0,0.0,0.0,0.0,0.0,0.0,0.0,0.0,1,1,0,False,False,False,False,False,OTHER,OTHER,REGRESSED
