checkpoint,step,rideflux,nuplan,vmax,accuracy,progress,comfort,overlap,offroad
0.003M,2560,0.2048,0.13522,0.115,0.21875,0.38871,0.99619,0.10417,0.67839
0.259M,258560,0.5647,0.19538,0.1745,0.61198,0.82477,0.84547,0.12109,0.26823
0.515M,514560,0.81383,0.28253,0.24049,0.88802,0.88185,0.8818,0.08333,0.02865
0.771M,770560,0.86806,0.26666,0.23257,0.92708,0.93668,0.86467,0.0599,0.01302
1.027M,1026560,0.77992,0.28792,0.2474,0.87109,0.85211,0.89407,0.07682,0.05208
1.283M,1282560,0.87686,0.29404,0.25861,0.94401,0.91363,0.92908,0.05469,0.0013
1.539M,1538560,0.85431,0.29036,0.25397,0.91927,0.90312,0.95237,0.07552,0.00521
1.795M,1794560,0.85642,0.29663,0.25658,0.93359,0.89371,0.94487,0.0625,0.00391
2.051M,2050560,0.8982,0.2858,0.24736,0.94141,0.93455,0.95692,0.04688,0.01172
2.307M,2306560,0.87726,0.28481,0.24549,0.94401,0.9167,0.91415,0.05078,0.00521
2.563M,2562560,0.88059,0.29495,0.2568,0.94661,0.91886,0.91975,0.04818,0.00521
2.819M,2818560,0.85602,0.3002,0.25548,0.9401,0.88518,0.94261,0.0599,0.0
3.075M,3074560,0.849,0.27823,0.24118,0.9362,0.87551,0.94418,0.04948,0.01432
3.331M,3330560,0.84518,0.30126,0.26366,0.9401,0.86678,0.93517,0.05729,0.0026
3.587M,3586560,0.84613,0.30414,0.26146,0.94792,0.85329,0.95488,0.05208,0.0
3.843M,3842560,0.83465,0.29464,0.25604,0.93099,0.86288,0.93859,0.06641,0.0026
4.099M,4098560,0.807,0.29994,0.26379,0.92708,0.83233,0.93643,0.07031,0.0026
4.355M,4354560,0.86249,0.29629,0.25691,0.94401,0.88573,0.95093,0.05208,0.00391
4.611M,4610560,0.85233,0.29435,0.2561,0.94271,0.86982,0.94296,0.05078,0.00651
4.867M,4866560,0.84764,0.28927,0.2473,0.9388,0.8721,0.93206,0.0599,0.0013
5.123M,5122560,0.78266,0.29895,0.26079,0.92448,0.79353,0.93908,0.07552,0.0
5.379M,5378560,0.86161,0.29353,0.25777,0.94792,0.88127,0.94623,0.05208,0.0
5.635M,5634560,0.82196,0.2951,0.25838,0.93359,0.83795,0.94043,0.0651,0.0013
5.891M,5890560,0.82702,0.30342,0.26312,0.94792,0.83313,0.94191,0.05208,0.0
6.147M,6146560,0.84096,0.29401,0.25509,0.94922,0.85271,0.94095,0.05078,0.0
6.403M,6402560,0.84576,0.29918,0.25503,0.9349,0.86151,0.96638,0.0625,0.0026
6.659M,6658560,0.83451,0.29869,0.2577,0.94531,0.85137,0.93073,0.05208,0.0026
6.915M,6914560,0.81719,0.30369,0.26273,0.93099,0.83422,0.95297,0.05208,0.01693
7.171M,7170560,0.85833,0.29923,0.26134,0.94271,0.87643,0.95768,0.05339,0.00391
7.427M,7426560,0.89473,0.29804,0.25971,0.95443,0.91557,0.96836,0.04167,0.00391
7.683M,7682560,0.86337,0.29985,0.25693,0.95573,0.88683,0.92357,0.04427,0.0
7.939M,7938560,0.82687,0.28693,0.24851,0.91927,0.86185,0.95439,0.04818,0.03255
8.195M,8194560,0.84879,0.30596,0.26824,0.94922,0.85688,0.96527,0.04818,0.0026
8.451M,8450560,0.83656,0.30456,0.26181,0.92969,0.86404,0.93588,0.06641,0.00391
8.707M,8706560,0.84246,0.30211,0.26654,0.9375,0.85526,0.96268,0.0599,0.0026
8.963M,8962560,0.86269,0.30133,0.26413,0.94922,0.87929,0.95479,0.04948,0.0013
9.219M,9218560,0.84249,0.29956,0.26336,0.94141,0.86634,0.92691,0.05078,0.00781
9.475M,9474560,0.88941,0.29916,0.26117,0.95703,0.91186,0.94936,0.04297,0.0
9.731M,9730560,0.81258,0.29894,0.25842,0.9401,0.82579,0.92606,0.0599,0.0
9.987M,9986560,0.8546,0.30166,0.26338,0.94531,0.87018,0.95692,0.05339,0.0013
10.243M,10242560,0.86482,0.30029,0.26275,0.94792,0.88018,0.95661,0.05078,0.0013
10.499M,10498560,0.89019,0.29955,0.26202,0.95052,0.91721,0.94776,0.04818,0.0013
10.755M,10754560,0.84093,0.29318,0.24863,0.94141,0.85733,0.94625,0.05599,0.0026
11.011M,11010560,0.88361,0.29725,0.2607,0.95312,0.90851,0.94873,0.04297,0.00391
11.267M,11266560,0.83837,0.30062,0.26169,0.94531,0.85579,0.93291,0.05339,0.0013
11.523M,11522560,0.90592,0.29373,0.2528,0.95833,0.93589,0.94417,0.03906,0.0026
11.779M,11778560,0.88683,0.30273,0.26757,0.94792,0.9084,0.97311,0.05078,0.0013
12.035M,12034560,0.8634,0.29838,0.26289,0.94271,0.89254,0.94723,0.05729,0.0
12.291M,12290560,0.87042,0.29923,0.26247,0.94792,0.89286,0.94847,0.04948,0.0026
12.547M,12546560,0.8238,0.29425,0.259,0.92448,0.84977,0.94264,0.0612,0.01432
12.803M,12802560,0.86579,0.29774,0.26265,0.95052,0.89355,0.92659,0.04557,0.00391
13.059M,13058560,0.8266,0.2967,0.25756,0.94271,0.84138,0.93428,0.05339,0.00391
13.315M,13314560,0.87013,0.30111,0.25871,0.95052,0.90001,0.92703,0.04948,0.0
13.571M,13570560,0.83599,0.29425,0.259,0.93229,0.86469,0.95198,0.06771,0.0
13.827M,13826560,0.8252,0.29673,0.25933,0.9401,0.83693,0.94981,0.0599,0.0013
14.083M,14082560,0.87453,0.29521,0.25435,0.94792,0.89288,0.96435,0.05078,0.0013
14.339M,14338560,0.84051,0.29596,0.26136,0.94661,0.84935,0.95364,0.05339,0.0
14.595M,14594560,0.84523,0.30336,0.2679,0.95052,0.8506,0.95651,0.04948,0.0
14.851M,14850560,0.89368,0.28392,0.24526,0.95182,0.93292,0.92154,0.04167,0.00651
15.107M,15106560,0.89455,0.28703,0.24932,0.95443,0.92975,0.92601,0.04297,0.0026
15.363M,15362560,0.84026,0.29342,0.25624,0.94661,0.8551,0.94061,0.04688,0.00651
15.619M,15618560,0.85159,0.3035,0.26679,0.94661,0.8717,0.94317,0.05078,0.0026
15.875M,15874560,0.8846,0.29685,0.25872,0.94401,0.9124,0.96205,0.05078,0.00521
16.131M,16130560,0.8733,0.30062,0.26395,0.95182,0.8922,0.95372,0.04557,0.0026
16.387M,16386560,0.86096,0.3016,0.25583,0.94401,0.88288,0.94647,0.05208,0.00391
16.643M,16642560,0.85956,0.28499,0.24832,0.93099,0.9033,0.93946,0.04688,0.02214
16.899M,16898560,0.87239,0.28827,0.24944,0.94271,0.90827,0.92033,0.05599,0.0013
17.155M,17154560,0.80966,0.29129,0.25126,0.93359,0.82938,0.90511,0.0651,0.0013
17.411M,17410560,0.86486,0.29798,0.25442,0.94922,0.89628,0.92125,0.05078,0.0
17.667M,17666560,0.85966,0.29414,0.2551,0.94661,0.88086,0.94352,0.05339,0.0
17.923M,17922560,0.88808,0.29698,0.2617,0.95573,0.9085,0.94235,0.04297,0.0013
18.179M,18178560,0.87159,0.29364,0.2592,0.95312,0.88824,0.94831,0.04688,0.0
18.435M,18434560,0.8798,0.28742,0.2479,0.94792,0.9102,0.94426,0.05078,0.0013
18.691M,18690560,0.84255,0.30382,0.25873,0.9401,0.86146,0.94885,0.05859,0.0013
18.947M,18946560,0.86751,0.29602,0.25956,0.95182,0.88065,0.95889,0.04818,0.0
19.203M,19202560,0.83972,0.2931,0.25689,0.9362,0.85884,0.95336,0.0625,0.0013
19.459M,19458560,0.87442,0.30061,0.25972,0.95573,0.89027,0.94912,0.04427,0.0
19.715M,19714560,0.85483,0.3059,0.26891,0.94792,0.86745,0.95897,0.05208,0.0
19.971M,19970560,0.91329,0.29238,0.25722,0.95312,0.9441,0.96231,0.04557,0.0013
20.227M,20226560,0.88065,0.2964,0.25742,0.95182,0.90161,0.94203,0.04688,0.0013
20.483M,20482560,0.86898,0.2964,0.25936,0.94922,0.88971,0.94786,0.04948,0.0013
20.739M,20738560,0.83114,0.28973,0.25447,0.94401,0.84526,0.94155,0.05469,0.0013
20.995M,20994560,0.85097,0.28994,0.24519,0.9375,0.8744,0.9575,0.05859,0.00391
21.251M,21250560,0.89176,0.29205,0.25426,0.95703,0.9107,0.95683,0.04297,0.0
21.507M,21506560,0.88478,0.30347,0.26398,0.95443,0.90824,0.95012,0.04297,0.0026
21.763M,21762560,0.88241,0.30327,0.26536,0.95052,0.90337,0.95745,0.04818,0.0013
22.019M,22018560,0.88084,0.28598,0.24453,0.94661,0.91091,0.94424,0.05208,0.0013
22.275M,22274560,0.85042,0.30016,0.25914,0.94792,0.86811,0.94155,0.05208,0.0
22.531M,22530560,0.8903,0.29256,0.25757,0.95182,0.91769,0.95358,0.04818,0.0
22.787M,22786560,0.88808,0.29199,0.25483,0.95573,0.92569,0.91093,0.04427,0.0
23.043M,23042560,0.88917,0.2966,0.25809,0.95443,0.92038,0.92828,0.04557,0.0
23.299M,23298560,0.81665,0.30149,0.26458,0.94531,0.82088,0.94335,0.05469,0.0
23.555M,23554560,0.90572,0.29269,0.25594,0.95573,0.92657,0.97196,0.04427,0.0
23.811M,23810560,0.87246,0.29398,0.25465,0.95443,0.89299,0.93664,0.04557,0.0
24.067M,24066560,0.82008,0.29814,0.26155,0.9401,0.82455,0.96469,0.0599,0.0
24.323M,24322560,0.83371,0.29695,0.25962,0.94141,0.8545,0.92908,0.05729,0.0013
24.579M,24578560,0.80177,0.29952,0.26117,0.9362,0.80459,0.95686,0.0625,0.0013
24.835M,24834560,0.87729,0.29648,0.25738,0.95052,0.90145,0.94731,0.04557,0.00391
FINAL,FINAL,0.85847,0.29848,0.25464,0.94271,0.88707,0.93053,0.05599,0.0013
